match_id,game_version,queue_id,game_duration,game_mode,team1_win,team1_ban_1,team1_ban_2,team1_ban_3,team1_ban_4,team1_ban_5,team2_win,team2_ban_1,team2_ban_2,team2_ban_3,team2_ban_4,team2_ban_5,team1_top,team1_jungle,team1_mid,team1_adc,team1_support,team2_top,team2_jungle,team2_mid,team2_adc,team2_support,target,has_complete_positions
EUW1_7509145811,15.17.706.7412,420,1468,CLASSIC,0,897,246,-1,27,91,1,-1,234,80,55,38,36,254,1,202,78,83,64,893,804,12,0,True
EUW1_7510000204,15.17.706.7412,420,2074,CLASSIC,1,555,83,893,91,35,0,777,804,526,80,92,126,113,234,910,78,36,64,136,145,111,1,True
EUW1_7510031611,15.17.706.7412,420,1923,CLASSIC,0,777,254,107,78,103,1,80,-1,-1,799,83,126,154,136,21,111,14,30,268,42,526,0,True
EUW1_7510992785,15.17.707.9808,420,1446,CLASSIC,1,203,246,126,48,35,0,166,897,38,91,107,26,2,127,804,111,79,67,7,42,201,1,True
EUW1_7511062659,15.17.707.9808,420,915,CLASSIC,0,-1,166,91,-1,58,1,107,-1,268,-1,804,8,246,142,523,40,13,517,2,42,526,0,True
EUW1_7511834878,15.17.708.2856,420,2067,CLASSIC,1,91,246,53,92,10,0,119,91,142,126,107,13,35,55,202,37,897,64,268,804,350,1,True
EUW1_7511905820,15.17.708.2856,420,1459,CLASSIC,1,143,8,107,76,53,0,13,91,238,20,246,24,2,7,804,412,68,59,55,15,37,1,True
EUW1_7512930647,15.17.708.5788,420,932,CLASSIC,0,238,39,78,-1,48,1,2,246,7,555,133,799,80,154,804,201,58,517,134,18,12,0,True
EUW1_7513147819,15.17.708.5788,420,910,CLASSIC,1,-1,555,91,126,238,0,555,24,75,804,166,27,246,134,18,117,31,234,142,222,235,1,True
EUW1_7513994012,15.17.708.5788,420,1645,CLASSIC,0,238,106,555,68,91,1,897,238,804,246,13,62,200,115,235,412,893,5,55,429,89,0,True
EUW1_7514041791,15.17.708.5788,420,1650,CLASSIC,0,246,238,200,9,119,1,246,91,-1,114,13,799,234,134,145,555,897,203,55,235,432,0,True
EUW1_7514590128,15.17.708.5788,420,2146,CLASSIC,1,518,122,8,804,-1,0,246,18,-1,107,42,84,234,61,15,497,421,143,81,145,555,1,True
EUW1_7514728962,15.17.708.5788,420,913,CLASSIC,0,201,27,107,166,119,1,24,-1,166,432,91,799,28,4,804,517,126,62,142,21,497,0,True
EUW1_7515236117,15.17.708.5788,420,1309,CLASSIC,1,254,76,58,126,-1,0,91,106,27,-1,246,799,5,3,804,40,240,234,134,523,412,1,True
EUW1_7515320036,15.17.708.5788,420,2004,CLASSIC,1,246,7,80,38,555,0,107,234,91,24,804,68,64,142,21,9,58,11,13,236,902,1,True
EUW1_7515441633,15.17.708.5788,420,1235,CLASSIC,0,432,166,38,55,233,1,799,888,246,-1,2,897,238,893,804,12,150,234,7,22,526,0,True
EUW1_7515556161,15.17.708.5788,420,2044,CLASSIC,0,246,517,15,7,804,1,804,201,246,8,92,897,245,134,42,555,114,234,103,523,526,0,True
EUW1_7515574789,15.17.708.5788,420,1095,CLASSIC,0,91,517,36,246,27,1,91,432,166,246,8,14,78,103,804,43,83,421,142,202,518,0,True
EUW1_7515617986,15.17.708.5788,420,1226,CLASSIC,1,145,91,517,799,114,0,8,432,238,246,92,67,14,103,202,43,266,35,1,804,497,1,True
EUW1_7515704689,15.17.708.5788,420,1149,CLASSIC,0,432,-1,555,91,150,1,887,27,91,804,246,54,56,61,523,3,421,143,166,15,53,0,True
EUW1_7515755607,15.17.708.5788,420,1777,CLASSIC,0,-1,-1,91,887,-1,1,887,555,35,246,38,14,78,268,804,117,36,517,166,110,432,0,True
EUW1_7516094185,15.17.708.5788,420,1525,CLASSIC,1,555,246,15,114,78,0,58,246,555,103,62,240,200,55,26,44,799,517,42,804,40,1,True
EUW1_7516100394,15.17.708.5788,420,1543,CLASSIC,0,236,432,246,85,107,1,107,246,-1,78,432,122,5,3,804,902,68,80,163,901,53,0,True
EUW1_7516101915,15.17.708.5788,420,2401,CLASSIC,1,39,-1,35,804,246,0,804,58,80,-1,-1,268,62,3,15,497,84,64,92,81,555,1,True
EUW1_7516125138,15.17.708.5788,420,1441,CLASSIC,1,804,91,13,246,27,0,246,432,61,81,-1,154,517,55,901,267,164,62,26,136,235,1,True
EUW1_7516129324,15.17.708.5788,420,2067,CLASSIC,1,78,36,236,-1,8,0,126,246,238,91,85,14,121,517,523,526,122,234,1,202,12,1,True
EUW1_7516151185,15.17.708.5788,420,1660,CLASSIC,0,526,555,-1,-1,238,1,246,39,13,107,30,68,234,142,10,111,268,254,55,804,201,0,True
EUW1_7516166656,15.17.708.5788,420,1657,CLASSIC,0,804,76,154,83,799,1,246,804,234,-1,799,893,104,126,22,60,516,143,42,145,518,0,True
EUW1_7516201404,15.17.708.5788,420,1693,CLASSIC,1,110,107,246,13,67,0,119,126,7,246,85,875,80,55,81,12,10,421,517,804,412,1,True
EUW1_7516225020,15.17.708.5788,420,1415,CLASSIC,1,163,555,107,804,150,0,246,555,7,42,27,98,517,157,145,32,67,106,777,115,526,1,True
EUW1_7516256345,15.17.708.5788,420,2242,CLASSIC,1,246,555,40,61,58,0,200,804,246,432,39,799,238,84,18,518,27,234,55,221,111,1,True
EUW1_7516257235,15.17.708.5788,420,935,CLASSIC,0,799,96,246,14,804,1,111,517,246,107,114,68,234,34,145,57,31,59,103,202,432,0,True
EUW1_7516291758,15.17.708.5788,420,1654,CLASSIC,0,555,27,804,432,166,1,246,804,91,27,200,14,234,103,42,526,154,421,268,21,78,0,True
EUW1_7516347495,15.17.708.5788,420,963,CLASSIC,0,8,91,246,234,-1,1,799,76,13,555,110,887,238,893,202,526,142,107,55,81,267,0,True
EUW1_7516378836,15.17.708.5788,420,2097,CLASSIC,0,91,7,22,122,804,1,126,804,13,200,119,24,246,38,42,555,79,121,55,523,78,0,True
EUW1_7516530475,15.17.708.5788,420,1295,CLASSIC,0,91,27,246,35,166,1,246,517,200,91,893,68,107,163,804,43,897,234,13,222,53,0,True
EUW1_7516578336,15.17.708.5788,420,1844,CLASSIC,0,35,246,107,8,804,1,804,893,246,114,517,41,91,163,81,43,266,64,61,15,518,0,True
EUW1_7516644219,15.17.708.5788,420,1625,CLASSIC,0,-1,246,76,254,8,1,35,799,91,40,246,893,517,126,804,117,240,5,163,222,412,0,True
EUW1_7516725983,15.17.708.5788,420,1430,CLASSIC,1,91,246,804,1,107,0,68,246,166,799,238,897,77,133,81,142,150,63,126,42,111,1,True
EUW1_7516825804,15.17.708.5788,420,1123,CLASSIC,1,55,8,555,91,246,0,804,107,81,799,246,887,106,61,42,78,897,517,166,99,53,1,True
EUW1_7517152681,15.17.708.5788,420,1590,CLASSIC,1,92,81,27,246,432,0,81,799,126,80,432,266,2,61,45,59,24,64,517,42,555,1,True
EUW1_7517176864,15.17.708.5788,420,1524,CLASSIC,1,76,804,27,85,432,0,555,80,114,-1,119,122,517,238,99,526,31,64,268,18,79,1,True
EUW1_7517318036,15.17.708.5788,420,2192,CLASSIC,1,888,804,526,85,126,0,-1,7,234,122,-1,24,91,13,222,432,41,517,134,15,111,1,True
EUW1_7517410128,15.17.708.5788,420,1624,CLASSIC,0,91,201,30,92,-1,1,432,888,895,7,98,516,246,84,119,111,54,234,134,81,16,0,True
EUW1_7517484614,15.17.708.5788,420,1510,CLASSIC,0,888,887,90,246,432,1,432,246,43,91,126,14,234,142,18,526,92,517,99,804,555,0,True
EUW1_7517704308,15.17.708.5788,420,1042,CLASSIC,1,107,166,91,804,10,0,245,133,91,-1,799,24,2,134,110,12,84,77,142,202,43,1,True
EUW1_7517762803,15.17.708.5788,420,913,CLASSIC,0,-1,950,58,246,126,1,517,35,40,799,91,92,48,7,804,518,86,427,163,81,432,0,True
EUW1_7517811833,15.17.708.5788,420,1858,CLASSIC,0,245,517,76,27,10,1,107,91,54,119,799,893,62,103,804,518,67,246,163,42,111,0,True
EUW1_7517842020,15.17.708.5788,420,1443,CLASSIC,0,77,238,799,804,27,1,432,91,897,166,126,41,35,893,145,555,83,234,142,81,518,0,True
EUW1_7518084882,15.17.708.5788,420,1345,CLASSIC,0,30,40,245,114,61,1,27,131,68,203,84,24,421,10,202,80,17,234,777,145,111,0,True
EUW1_7518245640,15.17.708.5788,420,1274,CLASSIC,1,105,166,246,8,-1,0,119,7,432,893,40,777,48,13,145,53,98,79,55,202,201,1,True
EUW1_7518328727,15.17.708.5788,420,1441,CLASSIC,0,119,8,40,804,238,1,10,38,517,111,133,14,80,711,81,43,887,234,7,145,78,0,True
EUW1_7518354636,15.17.708.5788,420,1856,CLASSIC,1,91,110,83,804,200,0,133,91,432,98,234,79,78,34,81,111,82,246,13,221,117,1,True
EUW1_7518364699,15.17.708.5788,420,1617,CLASSIC,0,804,-1,35,126,133,1,799,39,517,804,238,85,5,13,21,497,104,950,134,800,78,0,True
EUW1_7518404584,15.17.708.5788,420,1365,CLASSIC,0,526,91,518,246,517,1,799,107,238,-1,-1,126,234,103,145,555,39,80,893,804,497,0,True
EUW1_7518450559,15.17.708.5788,420,1785,CLASSIC,1,555,110,246,517,91,0,799,107,7,145,8,68,62,103,81,497,266,234,134,804,44,1,True
EUW1_7518460063,15.17.708.5788,420,1659,CLASSIC,0,888,246,-1,119,804,1,-1,91,432,200,246,31,234,1,523,235,516,517,240,42,16,0,True
EUW1_7518490760,15.17.708.5788,420,2311,CLASSIC,1,35,119,8,887,804,0,19,517,110,-1,7,897,254,103,96,111,58,246,134,81,432,1,True
EUW1_7518519303,15.17.708.5788,420,1661,CLASSIC,1,804,234,526,114,85,0,246,133,238,91,266,122,517,18,42,555,14,5,268,115,78,1,True
EUW1_7518721343,15.17.708.5788,420,1232,CLASSIC,1,246,799,432,804,555,0,804,91,517,555,246,14,421,134,42,518,39,77,103,18,201,1,True
EUW1_7518808656,15.17.708.5788,420,1649,CLASSIC,1,234,119,39,91,35,0,91,238,246,10,-1,893,59,163,804,497,799,517,221,110,78,1,True
EUW1_7518842086,15.17.708.5788,420,1444,CLASSIC,0,804,77,432,126,85,1,246,166,234,432,98,122,950,84,22,201,799,517,7,145,12,0,True
EUW1_7519071629,15.17.708.5788,420,1660,CLASSIC,1,78,40,103,10,114,0,80,246,166,91,432,68,200,3,42,60,112,77,266,804,497,1,True
EUW1_7519123514,15.17.708.5788,420,1190,CLASSIC,0,777,133,126,799,526,1,517,236,141,523,887,31,246,26,498,350,266,254,103,910,235,0,True
EUW1_7519130499,15.17.708.5788,420,1379,CLASSIC,0,-1,119,126,800,85,1,91,80,555,246,268,122,238,127,67,111,24,56,54,235,432,0,True
EUW1_7519810849,15.17.708.5788,420,1620,CLASSIC,1,799,517,804,11,246,0,804,-1,58,161,80,76,143,18,145,497,24,245,221,498,40,1,True
EUW1_7520057952,15.17.708.5788,420,1432,CLASSIC,0,246,893,517,10,126,1,64,236,246,893,777,77,120,105,42,235,122,121,136,523,117,0,True
EUW1_7520074479,15.17.708.5788,420,1643,CLASSIC,1,246,53,893,799,-1,0,7,143,-1,136,555,117,35,18,51,99,897,876,101,42,16,1,True
EUW1_7520307160,15.17.708.5788,420,1554,CLASSIC,1,246,-1,91,10,42,0,517,61,246,526,80,17,5,2,804,555,39,63,75,523,497,1,True
EUW1_7520382235,15.17.708.5788,420,1652,CLASSIC,1,238,38,517,246,80,0,35,86,78,114,107,68,56,115,42,526,799,62,101,119,555,1,True
EUW1_7520435987,15.17.708.5788,420,1815,CLASSIC,1,126,134,107,246,555,0,91,432,58,-1,107,27,950,154,804,518,799,35,13,523,16,1,True
EUW1_7520581931,15.17.708.5788,420,1910,CLASSIC,1,-1,-1,166,-1,246,0,166,246,245,91,-1,266,517,893,145,53,777,80,85,804,89,1,True
EUW1_7520685373,15.17.708.5788,420,1712,CLASSIC,1,517,92,246,804,7,0,246,92,91,799,27,68,78,1,42,518,76,5,90,498,888,1,True
EUW1_7520768337,15.17.708.5788,420,1339,CLASSIC,1,246,897,555,-1,35,0,246,126,10,27,166,14,517,42,202,518,92,238,142,804,43,1,True
EUW1_7521173732,15.17.708.5788,420,1321,CLASSIC,0,804,523,893,-1,61,1,233,126,85,432,517,114,246,268,110,78,122,80,7,145,12,0,True
EUW1_7521287077,15.17.708.5788,420,1921,CLASSIC,1,555,7,60,126,91,0,800,497,39,114,246,122,238,101,804,518,98,234,163,21,89,1,True
EUW1_7521759239,15.17.708.5788,420,956,CLASSIC,1,233,91,804,35,38,0,39,133,7,432,234,126,80,163,202,78,82,246,157,42,111,1,True
EUW1_7521796075,15.17.708.5788,420,1930,CLASSIC,0,10,234,35,38,39,1,-1,126,-1,76,238,68,64,61,804,555,110,246,3,910,432,0,True
EUW1_7521872884,15.17.708.5788,420,1718,CLASSIC,0,517,27,893,107,246,1,78,80,238,804,517,799,5,142,236,526,79,245,777,145,12,0,True
EUW1_7521915453,15.17.708.5788,420,1716,CLASSIC,0,78,58,432,35,166,1,238,234,-1,804,-1,799,246,142,498,43,68,517,777,15,117,0,True
EUW1_7521962340,15.17.708.5788,420,1739,CLASSIC,1,78,238,234,58,166,0,15,804,-1,35,83,114,246,142,901,555,14,517,115,81,432,1,True
EUW1_7522169653,15.17.708.5788,420,1051,CLASSIC,0,10,91,950,8,246,1,517,10,893,119,7,83,234,1,145,40,114,113,134,18,555,0,True
EUW1_7522185618,15.17.708.5788,420,1740,CLASSIC,0,432,-1,91,84,8,1,10,901,893,-1,96,68,80,245,804,555,114,64,90,42,518,0,True
EUW1_7522206916,15.17.708.5788,420,2501,CLASSIC,1,98,246,10,27,517,0,134,19,80,61,12,893,106,234,804,16,799,56,38,15,518,1,True
EUW1_7522213966,15.17.708.5788,420,2099,CLASSIC,0,40,804,-1,-1,126,1,246,81,517,27,15,14,121,112,154,235,78,48,61,45,12,0,True
EUW1_7522214318,15.17.708.5788,420,1270,CLASSIC,0,133,114,804,555,238,1,-1,888,10,40,-1,14,246,115,235,526,83,234,4,42,89,0,True
EUW1_7522240772,15.17.708.5788,420,2663,CLASSIC,1,80,122,432,804,246,0,10,804,-1,246,517,68,56,238,115,526,14,62,20,110,497,1,True
EUW1_7522298184,15.17.708.5788,420,1417,CLASSIC,1,555,7,517,126,85,0,432,555,517,36,122,24,60,134,804,117,54,950,103,901,526,1,True
EUW1_7522779967,15.17.708.5788,420,1483,CLASSIC,0,246,166,432,61,-1,1,126,1,10,60,804,38,517,42,523,412,27,80,133,221,201,0,True
EUW1_7522823488,15.17.708.5788,420,1618,CLASSIC,1,91,-1,555,804,893,0,799,119,61,166,2,58,246,3,523,43,516,234,221,15,53,1,True
EUW1_7522843640,15.17.708.5788,420,1408,CLASSIC,0,18,-1,14,-1,246,1,42,38,432,111,238,897,106,115,202,53,799,517,126,804,40,0,True
EUW1_7523093953,15.17.708.5788,420,2248,CLASSIC,0,804,91,799,897,517,1,78,10,84,114,7,39,82,13,18,53,24,154,910,42,98,0,True
EUW1_7523169125,15.17.708.5788,420,1133,CLASSIC,0,233,58,78,234,246,1,-1,804,555,893,-1,799,517,268,235,526,114,238,115,145,111,0,True
EUW1_7523560253,15.17.708.5788,420,1366,CLASSIC,1,246,-1,77,32,-1,0,107,-1,246,799,887,266,238,268,804,432,98,234,96,110,53,1,True
EUW1_7523578314,15.17.708.5788,420,1644,CLASSIC,0,110,427,432,804,-1,1,107,166,804,518,4,150,60,126,81,43,84,62,142,15,497,0,True
EUW1_7523609817,15.17.708.5788,420,1501,CLASSIC,0,268,246,84,887,92,1,432,126,-1,30,78,41,17,98,804,201,27,64,13,157,79,0,True
EUW1_7523641846,15.17.708.5788,420,1829,CLASSIC,0,233,421,238,804,-1,1,13,10,58,555,432,799,246,84,498,497,68,80,55,202,40,0,True
EUW1_7523786309,15.17.708.5788,420,2131,CLASSIC,1,110,804,120,27,432,0,421,-1,126,432,246,240,78,61,81,43,92,91,101,145,518,1,True
EUW1_7524049014,15.18.710.2811,420,1709,CLASSIC,0,163,201,83,799,35,1,91,10,7,893,432,13,131,126,119,111,114,56,61,42,40,0,True
EUW1_7524093999,15.18.710.2811,420,1805,CLASSIC,1,126,201,119,98,246,0,555,80,246,126,-1,78,27,910,42,89,92,56,115,15,235,1,True
EUW1_7524113799,15.18.710.2811,420,1972,CLASSIC,0,27,107,246,40,950,1,80,126,233,61,804,799,63,910,42,111,14,64,7,81,12,0,True
EUW1_7524128915,15.18.710.2811,420,1226,CLASSIC,1,804,91,-1,61,60,0,78,91,126,19,432,893,950,133,901,111,92,64,142,910,526,1,True
EUW1_7524240152,15.18.710.2811,420,1554,CLASSIC,0,804,238,35,107,555,1,10,114,246,-1,517,68,950,910,221,111,240,59,103,81,432,0,True
EUW1_7524273830,15.18.710.2811,420,1673,CLASSIC,0,555,246,268,238,107,1,950,10,432,35,246,83,517,84,145,497,58,56,61,81,78,0,True
EUW1_7524307873,15.18.710.2811,420,1664,CLASSIC,1,555,517,78,13,91,0,804,233,141,526,517,83,72,55,910,201,266,246,103,145,111,1,True
EUW1_7524351081,15.18.710.2811,420,1751,CLASSIC,1,107,119,804,-1,-1,0,35,238,55,62,85,14,106,38,202,432,24,163,45,15,555,1,True
EUW1_7524401184,15.18.710.2811,420,933,CLASSIC,1,555,76,238,-1,19,0,7,804,35,-1,85,98,56,517,15,497,24,143,55,81,12,1,True
EUW1_7524524958,15.18.710.2811,420,2427,CLASSIC,0,126,950,555,804,91,1,13,432,91,78,246,68,35,517,901,43,3,72,55,22,235,0,True
EUW1_7524569262,15.18.710.2811,420,1774,CLASSIC,1,110,145,126,804,107,0,40,81,35,166,-1,14,72,910,96,12,36,80,142,18,526,1,True
EUW1_7524603163,15.18.710.2811,420,1629,CLASSIC,1,163,246,555,91,238,0,38,119,27,107,-1,14,64,13,804,518,79,78,221,235,45,1,True
EUW1_7524624116,15.18.710.2811,420,1695,CLASSIC,0,-1,35,22,76,238,1,246,76,13,166,107,799,102,163,498,412,39,254,142,145,53,0,True
EUW1_7524702914,15.18.710.2811,420,2103,CLASSIC,0,10,432,40,120,27,1,246,432,517,166,799,14,121,134,110,60,126,427,142,523,111,0,True
EUW1_7524757046,15.18.710.2811,420,105,CLASSIC,1,107,238,133,432,893,0,200,22,-1,246,114,86,76,516,523,53,2,141,268,222,201,1,True
EUW1_7524791305,15.18.710.2811,420,2210,CLASSIC,0,238,555,76,126,246,1,-1,432,238,38,-1,27,80,103,145,60,777,59,25,804,79,0,True
EUW1_7525036118,15.18.710.2811,420,926,CLASSIC,0,10,517,432,234,24,1,555,91,27,246,54,31,76,157,42,111,67,60,238,221,235,0,True
EUW1_7525113536,15.18.710.2811,420,2742,CLASSIC,0,145,119,427,107,-1,1,233,893,238,555,91,14,60,18,22,117,114,246,103,221,518,0,True
EUW1_7525165363,15.18.710.2811,420,1281,CLASSIC,1,91,804,555,-1,517,0,555,107,-1,10,-1,150,246,245,202,526,799,106,61,221,497,1,True
EUW1_7525233173,15.18.710.2811,420,1748,CLASSIC,1,6,-1,526,555,107,0,39,254,55,76,432,114,24,134,51,497,98,234,45,18,235,1,True
EUW1_7525274390,15.18.710.2811,420,1739,CLASSIC,0,246,61,107,114,40,1,804,91,246,107,114,82,163,15,523,111,106,56,45,29,497,0,True
EUW1_7525488988,15.18.710.2811,420,1753,CLASSIC,1,-1,-1,555,133,221,0,61,254,35,8,246,126,80,142,15,60,799,59,45,18,412,1,True
EUW1_7525568888,15.18.710.2811,420,1685,CLASSIC,1,555,777,-1,133,-1,0,432,114,-1,59,246,39,48,136,42,111,24,20,103,523,412,1,True
EUW1_7525571093,15.18.710.2811,420,1419,CLASSIC,0,166,145,887,91,-1,1,246,119,13,432,893,126,62,61,221,60,98,59,55,18,43,0,True
EUW1_7525770151,15.18.710.2811,420,1979,CLASSIC,1,555,107,246,58,-1,0,20,246,-1,432,-1,799,121,910,804,12,164,76,236,145,526,1,True
EUW1_7526025762,15.18.710.2811,420,1700,CLASSIC,0,10,555,91,37,39,1,92,78,555,893,90,799,106,23,69,267,114,238,134,99,111,0,True
EUW1_7526032191,15.18.710.2811,420,1650,CLASSIC,1,893,555,234,238,78,0,10,91,98,134,62,114,5,3,145,111,68,80,910,42,201,1,True
EUW1_7526052457,15.18.710.2811,420,1377,CLASSIC,1,105,432,114,78,126,0,10,62,901,91,893,27,234,517,145,526,92,36,90,42,111,1,True
EUW1_7526063854,15.18.710.2811,420,1583,CLASSIC,1,58,555,246,126,78,0,432,78,8,10,246,92,91,910,136,888,799,154,4,42,43,1,True
EUW1_7526075693,15.18.710.2811,420,1629,CLASSIC,0,27,238,555,234,80,1,27,81,38,246,518,78,64,910,901,201,36,59,43,22,526,0,True
EUW1_7526080644,15.18.710.2811,420,1801,CLASSIC,0,59,427,526,85,126,1,-1,555,114,950,432,24,60,134,15,43,799,63,157,221,12,0,True
EUW1_7526144125,15.18.710.2811,420,1587,CLASSIC,0,166,78,246,432,-1,1,81,246,12,427,126,777,25,163,145,111,27,59,3,45,555,0,True
EUW1_7526168194,15.18.710.2811,420,1654,CLASSIC,1,27,246,-1,166,910,0,35,61,27,98,11,68,64,99,22,111,897,91,45,42,497,1,True
EUW1_7526212612,15.18.710.2811,420,1625,CLASSIC,0,91,81,246,27,133,1,555,432,27,10,114,64,62,45,901,32,78,59,910,221,26,0,True
EUW1_7526214582,15.18.710.2811,420,1608,CLASSIC,0,81,427,15,246,555,1,221,166,126,432,888,799,121,84,45,497,27,234,61,901,78,0,True
EUW1_7526254147,15.18.710.2811,420,1843,CLASSIC,1,950,27,24,114,119,0,7,91,234,526,126,98,62,84,42,111,14,246,134,22,78,1,True
EUW1_7526727605,15.18.710.2811,420,1267,CLASSIC,1,61,804,91,-1,238,0,799,-1,804,32,76,887,163,133,15,12,266,64,134,42,79,1,True
EUW1_7526756621,15.18.710.2811,420,1607,CLASSIC,0,62,-1,221,246,121,1,42,246,35,166,91,83,59,61,22,555,234,5,142,202,432,0,True
EUW1_7526762331,15.18.710.2811,420,1379,CLASSIC,0,246,166,-1,76,98,1,13,42,799,32,893,266,62,3,800,111,887,80,55,901,518,0,True
EUW1_7526802877,15.18.710.2811,420,914,CLASSIC,1,42,58,133,27,91,0,432,-1,246,27,234,68,80,901,22,111,777,5,134,81,497,1,True
EUW1_7526832865,15.18.710.2811,420,1587,CLASSIC,1,54,107,893,246,13,0,107,27,203,42,61,67,80,55,115,432,83,950,7,22,518,1,True
EUW1_7527094240,15.18.710.2811,420,2141,CLASSIC,0,58,91,517,55,246,1,80,27,126,107,-1,39,35,84,81,518,98,56,61,15,43,0,True
EUW1_7527161775,15.18.710.2811,420,1644,CLASSIC,1,40,126,246,799,910,0,-1,888,126,432,85,27,56,3,15,497,75,234,13,96,12,1,True
EUW1_7527178396,15.18.710.2811,420,1846,CLASSIC,0,42,246,55,35,804,1,555,35,27,107,804,799,64,1,115,910,164,62,61,18,43,0,True
EUW1_7527197671,15.18.710.2811,420,1630,CLASSIC,0,555,35,-1,114,-1,1,238,64,85,246,27,67,107,61,145,3,122,91,901,498,432,0,True
EUW1_7527246516,15.18.710.2811,420,1680,CLASSIC,0,517,166,92,12,55,1,91,35,893,60,114,98,64,4,15,497,897,76,41,42,555,0,True
EUW1_7527261585,15.18.710.2811,420,1944,CLASSIC,0,126,92,2,555,804,1,134,39,555,35,526,27,246,55,21,518,68,121,133,901,497,0,True
EUW1_7527294127,15.18.710.2811,420,1577,CLASSIC,1,16,122,246,555,432,0,35,142,154,555,126,86,59,61,804,43,27,62,3,523,37,1,True
EUW1_7527352654,15.18.710.2811,420,1354,CLASSIC,1,555,85,804,950,40,0,27,246,107,35,91,122,427,45,22,12,893,80,163,901,526,1,True
EUW1_7527395863,15.18.710.2811,420,1909,CLASSIC,1,81,526,107,35,114,0,61,60,134,526,27,893,246,5,45,78,83,62,10,15,555,1,True
EUW1_7528006092,15.18.710.2811,420,1100,CLASSIC,0,69,221,246,91,117,1,799,15,134,145,-1,58,517,61,42,7,24,234,133,115,44,0,True
EUW1_7528091525,15.18.710.2811,420,1875,CLASSIC,1,804,107,119,8,126,0,114,799,497,91,55,36,246,61,202,78,887,80,84,42,555,1,True
EUW1_7528101203,15.18.710.2811,420,1372,CLASSIC,0,7,246,107,58,517,1,53,76,143,799,114,39,427,75,115,111,92,245,68,42,99,0,True
EUW1_7528123035,15.18.710.2811,420,1774,CLASSIC,1,24,42,893,555,39,0,799,91,114,84,111,14,517,3,202,12,68,106,26,221,40,1,True
EUW1_7528148968,15.18.710.2811,420,1703,CLASSIC,0,119,40,134,92,517,1,80,166,126,121,555,887,234,4,222,12,84,56,516,110,117,0,True
EUW1_7528151372,15.18.710.2811,420,1226,CLASSIC,1,114,35,799,246,91,0,81,246,114,61,35,126,59,103,221,111,98,234,8,45,89,1,True
EUW1_7528195853,15.18.710.2811,420,1896,CLASSIC,1,24,27,887,42,28,0,55,80,11,92,234,799,517,3,119,432,58,56,61,21,98,1,True
EUW1_7528236560,15.18.710.2811,420,1953,CLASSIC,0,24,799,114,254,-1,1,-1,166,804,432,427,2,517,42,498,12,777,62,43,15,117,0,True
EUW1_7528283028,15.18.710.2811,420,1460,CLASSIC,1,888,887,555,246,-1,0,11,142,518,107,555,893,234,43,222,78,68,64,61,523,12,1,True
EUW1_7528299474,15.18.710.2811,420,2024,CLASSIC,1,427,114,32,85,126,0,518,254,27,238,-1,24,59,893,221,432,799,76,777,236,267,1,True
EUW1_7528325090,15.18.710.2811,420,1807,CLASSIC,0,35,10,107,24,-1,1,80,555,246,887,166,14,234,517,523,76,141,62,84,15,497,0,True
EUW1_7528356707,15.18.710.2811,420,1309,CLASSIC,1,126,238,555,58,-1,0,126,246,40,427,85,799,254,804,145,60,122,59,3,42,201,1,True
EUW1_7528381851,15.18.710.2811,420,2197,CLASSIC,0,134,432,91,98,107,1,92,10,166,887,22,799,254,69,81,497,25,59,61,145,412,0,True
EUW1_7528400315,15.18.710.2811,420,1743,CLASSIC,0,-1,107,427,432,114,1,60,126,134,40,85,897,59,61,42,80,10,113,133,221,497,0,True
EUW1_7528461042,15.18.710.2811,420,1957,CLASSIC,1,126,22,35,202,166,0,59,126,233,115,85,27,950,163,15,432,10,120,61,222,235,1,True
EUW1_7528641921,15.18.710.2811,420,1393,CLASSIC,0,555,246,27,107,35,1,-1,432,-1,166,24,14,238,268,15,427,110,59,142,222,117,0,True
EUW1_7528920056,15.18.710.2811,420,1516,CLASSIC,0,555,238,39,91,-1,1,246,107,517,59,10,126,5,55,22,432,83,80,1,145,53,0,True
EUW1_7529003079,15.18.710.2811,420,2020,CLASSIC,1,-1,78,555,246,53,0,75,10,68,13,799,421,76,69,202,16,6,80,55,804,111,1,True
EUW1_7529097077,15.18.710.2811,420,2359,CLASSIC,1,133,246,555,111,39,0,42,804,27,91,92,887,234,910,202,432,98,121,61,523,7,1,True
EUW1_7529186517,15.18.710.2811,420,2087,CLASSIC,1,804,35,8,42,893,0,91,432,58,-1,114,24,5,3,21,142,39,121,1,221,78,1,True
EUW1_7529196026,15.18.710.2811,420,1754,CLASSIC,0,9,111,238,517,3,1,98,30,114,526,246,893,91,777,910,40,518,6,112,145,555,0,True
EUW1_7529222506,15.18.710.2811,420,1101,CLASSIC,0,98,114,555,804,55,1,432,40,-1,8,107,897,246,13,42,12,58,131,39,145,111,0,True
EUW1_7529234422,15.18.710.2811,420,1607,CLASSIC,1,110,27,246,150,432,0,246,-1,555,107,114,897,203,800,804,902,14,80,25,145,518,1,True
EUW1_7529303802,15.18.710.2811,420,1414,CLASSIC,1,110,893,35,83,27,0,107,432,246,126,114,36,5,517,804,800,122,131,26,18,888,1,True
EUW1_7529317988,15.18.710.2811,420,1382,CLASSIC,1,-1,234,119,107,246,0,246,110,432,804,78,79,5,61,222,412,150,238,105,523,43,1,True
EUW1_7529325136,15.18.710.2811,420,1594,CLASSIC,1,238,246,126,85,107,0,893,555,35,517,804,24,106,13,42,12,114,59,103,429,518,1,True
EUW1_7529380555,15.18.710.2811,420,1484,CLASSIC,1,126,432,10,246,91,0,246,48,893,804,799,68,950,103,81,43,64,2,84,145,555,1,True
EUW1_7529399713,15.18.710.2811,420,1097,CLASSIC,1,107,24,-1,61,59,0,950,526,133,91,126,68,246,103,222,111,27,517,18,523,117,1,True
EUW1_7529403186,15.18.710.2811,420,2204,CLASSIC,0,2,517,98,80,246,1,35,432,246,950,799,266,62,103,804,53,14,254,13,523,412,0,True
EUW1_7529483641,15.18.710.2811,420,1914,CLASSIC,1,13,60,54,-1,134,0,119,246,145,234,555,67,78,55,96,80,84,64,112,81,40,1,True
EUW1_7529755121,15.18.710.2811,420,1548,CLASSIC,0,78,119,126,950,246,1,238,27,38,42,58,31,76,13,523,555,799,91,9,145,12,0,True
EUW1_7529832444,15.18.710.2811,420,1852,CLASSIC,1,107,238,58,91,-1,0,-1,246,107,254,59,68,121,39,236,432,14,64,13,145,526,1,True
EUW1_7529907916,15.18.710.2811,420,925,CLASSIC,1,9,107,133,114,61,0,246,238,119,-1,526,893,59,41,42,888,777,254,103,901,111,1,True
EUW1_7529928451,15.18.710.2811,420,1404,CLASSIC,1,32,526,1,126,254,0,246,-1,92,-1,11,27,517,166,18,432,98,234,69,202,555,1,True
EUW1_7529942654,15.18.710.2811,420,1378,CLASSIC,0,-1,-1,107,119,134,1,804,41,166,555,98,887,78,133,145,432,84,254,142,42,43,0,True
EUW1_7529964173,15.18.710.2811,420,1839,CLASSIC,0,103,-1,526,246,-1,1,238,166,27,133,799,114,5,79,50,235,69,106,115,15,432,0,True
EUW1_7529970047,15.18.710.2811,420,1342,CLASSIC,1,246,107,21,80,-1,0,107,166,35,266,142,799,76,777,804,40,41,517,131,202,432,1,True
EUW1_7530012497,15.18.710.2811,420,1174,CLASSIC,0,246,84,58,76,555,1,266,246,1,133,804,114,245,777,42,53,41,143,166,236,526,0,True
EUW1_7530013627,15.18.710.2811,420,1510,CLASSIC,1,107,98,119,111,134,0,234,114,126,83,246,897,59,74,145,555,68,80,92,202,432,1,True
EUW1_7530027463,15.18.710.2811,420,1674,CLASSIC,1,133,166,799,804,58,0,166,28,421,27,30,68,36,777,235,526,3,163,42,202,555,1,True
EUW1_7530137749,15.18.710.2811,420,912,CLASSIC,0,8,80,157,143,61,1,29,35,114,98,799,68,238,3,145,111,897,246,7,804,117,0,True
EUW1_7530150554,15.18.710.2811,420,1936,CLASSIC,0,98,114,432,80,246,1,246,114,432,8,35,266,64,268,498,40,126,78,3,145,518,0,True
EUW1_7530221427,15.18.710.2811,420,1028,CLASSIC,0,804,10,126,246,85,1,555,238,91,246,103,36,62,61,42,497,897,163,115,901,78,0,True
EUW1_7530241342,15.18.710.2811,420,2018,CLASSIC,0,166,517,246,145,27,1,887,517,107,126,85,897,62,103,202,432,10,59,68,119,526,0,True
EUW1_7530291949,15.18.710.2811,420,1923,CLASSIC,1,427,432,126,517,246,0,114,804,10,-1,432,68,59,25,42,497,54,64,115,236,201,1,True
EUW1_7530380403,15.18.710.2811,420,1623,CLASSIC,0,166,246,201,-1,92,1,69,91,555,126,85,799,62,142,145,111,122,25,42,81,432,0,True
EUW1_7530442453,15.18.710.2811,420,1498,CLASSIC,0,27,893,76,-1,526,1,40,81,432,35,83,114,517,142,804,43,85,91,555,523,497,0,True
EUW1_7530735705,15.18.710.2811,420,1857,CLASSIC,0,246,42,98,53,166,1,804,166,799,246,77,897,107,893,22,412,68,35,777,81,43,0,True
EUW1_7531081801,15.18.710.2811,420,1938,CLASSIC,0,254,427,10,105,-1,1,432,-1,114,35,126,27,59,893,222,12,266,421,13,145,555,0,True
EUW1_7531087380,15.18.710.2811,420,1777,CLASSIC,0,432,67,518,80,233,1,246,201,60,91,517,83,56,268,145,526,887,25,2,119,555,0,True
EUW1_7531108383,15.18.710.2811,420,2146,CLASSIC,1,145,32,76,91,58,0,804,114,145,78,27,92,5,61,81,432,85,64,893,110,497,1,True
EUW1_7531152561,15.18.710.2811,420,2177,CLASSIC,0,234,39,432,233,526,1,432,555,105,78,8,68,77,777,145,12,83,154,18,99,518,0,True
EUW1_7531161395,15.18.710.2811,420,1779,CLASSIC,0,-1,804,27,85,-1,1,145,427,98,950,61,122,59,101,119,80,875,131,42,81,32,0,True
EUW1_7531186447,15.18.710.2811,420,1479,CLASSIC,0,81,27,-1,55,-1,1,38,91,98,804,15,799,59,39,45,111,58,246,142,145,32,0,True
EUW1_7531187738,15.18.710.2811,420,1775,CLASSIC,0,8,145,91,24,35,1,555,55,81,121,799,23,950,61,202,518,98,203,134,45,43,0,True
EUW1_7531223409,15.18.710.2811,420,1457,CLASSIC,1,32,27,126,166,-1,0,246,427,893,804,80,122,64,163,81,201,98,121,112,236,111,1,True
EUW1_7531251048,15.18.710.2811,420,1890,CLASSIC,1,98,804,-1,91,246,0,27,246,39,-1,45,126,163,18,236,432,893,62,25,202,40,1,True
EUW1_7531290177,15.18.710.2811,420,1730,CLASSIC,0,10,-1,126,555,122,1,-1,-1,233,98,804,27,48,25,498,12,150,254,893,145,432,0,True
EUW1_7531594517,15.18.710.2811,420,2073,CLASSIC,0,246,4,-1,517,119,1,13,26,893,526,27,516,950,61,498,111,68,56,55,221,497,0,True
EUW1_7531612989,15.18.710.2811,420,1830,CLASSIC,0,246,804,432,98,61,1,76,126,893,107,-1,86,950,4,110,201,114,91,27,145,518,0,True
EUW1_7531734400,15.18.710.2811,420,1613,CLASSIC,1,76,91,119,233,555,0,126,-1,-1,62,78,887,80,163,895,60,92,950,84,145,518,1,True
EUW1_7531761496,15.18.710.2811,420,1740,CLASSIC,0,55,-1,91,27,35,1,91,166,804,117,85,114,76,10,81,526,24,62,142,115,111,0,True
EUW1_7531978655,15.18.710.2811,420,2297,CLASSIC,0,427,114,555,246,234,1,114,5,268,246,92,799,62,29,222,201,58,17,91,145,111,0,True
EUW1_7532036130,15.18.710.2811,420,2373,CLASSIC,1,42,233,98,555,107,0,432,91,83,238,81,126,102,268,22,518,8,77,901,804,111,1,True
EUW1_7532090758,15.18.710.2811,420,1894,CLASSIC,0,114,27,246,58,39,1,92,234,555,61,804,24,131,799,15,117,164,77,25,202,432,0,True
EUW1_7532117928,15.18.710.2811,420,2212,CLASSIC,0,92,427,432,58,526,1,81,107,48,15,92,68,59,163,21,43,83,2,14,45,555,0,True
EUW1_7532150920,15.18.710.2811,420,1808,CLASSIC,0,55,804,80,8,221,1,2,84,804,-1,14,799,64,517,147,432,68,60,777,81,43,0,True
EUW1_7532261534,15.18.710.2811,420,1140,CLASSIC,1,60,58,246,145,-1,0,246,888,7,8,126,799,950,517,22,518,114,234,55,523,497,1,True
EUW1_7532292140,15.18.710.2811,420,1582,CLASSIC,1,40,27,76,45,8,0,122,-1,91,8,76,68,62,2,15,432,83,80,55,103,53,1,True
EUW1_7532348040,15.18.710.2811,420,910,CLASSIC,0,42,78,-1,92,98,1,7,887,40,107,10,13,59,777,22,89,68,91,517,222,12,0,True
EUW1_7532455841,15.18.710.2811,420,1704,CLASSIC,0,432,804,133,246,166,1,893,55,-1,-1,40,64,59,45,523,412,266,68,901,202,43,0,True
EUW1_7532587441,15.18.710.2811,420,1791,CLASSIC,0,91,77,58,432,-1,1,59,91,266,107,166,92,80,163,2,117,41,106,142,221,555,0,True
EUW1_7532633051,15.18.710.2811,420,1127,CLASSIC,0,22,7,126,107,555,1,42,81,13,107,246,74,5,910,429,16,84,91,55,2,117,0,True
EUW1_7532695383,15.18.710.2811,420,923,CLASSIC,1,150,126,91,15,35,0,-1,8,432,61,246,27,517,42,145,53,36,76,41,901,201,1,True
EUW1_7533013251,15.18.710.2811,420,1767,CLASSIC,0,126,35,432,107,555,1,48,80,555,27,92,24,102,103,804,12,114,2,13,42,526,0,True
EUW1_7533351072,15.18.710.2811,420,1821,CLASSIC,1,122,111,246,13,91,0,-1,91,119,233,27,897,517,14,42,518,799,163,3,145,432,1,True
EUW1_7533415559,15.18.710.2811,420,1853,CLASSIC,0,432,119,91,555,114,1,246,166,-1,40,804,82,59,13,81,12,164,2,134,15,526,0,True
EUW1_7533600721,15.18.710.2811,420,1728,CLASSIC,0,-1,110,91,166,111,1,91,27,59,-1,35,6,254,142,145,518,24,246,163,804,117,0,True
EUW1_7533620059,15.18.710.2811,420,1115,CLASSIC,0,246,107,35,119,126,1,246,107,7,13,92,122,111,27,804,432,223,60,55,110,76,0,True
EUW1_7533735248,15.18.710.2811,420,1303,CLASSIC,0,166,-1,78,133,246,1,111,126,91,133,-1,64,76,61,18,12,27,234,163,804,201,0,True
EUW1_7534088819,15.18.710.2811,420,1736,CLASSIC,0,27,246,555,98,238,1,110,107,7,83,517,799,77,2,145,518,893,121,134,81,43,0,True
EUW1_7534098258,15.18.710.2811,420,1229,CLASSIC,1,80,799,-1,804,234,0,61,246,526,27,804,24,238,13,15,60,164,517,10,67,432,1,True
EUW1_7534164704,15.18.710.2811,420,1153,CLASSIC,1,-1,27,-1,119,60,0,27,555,804,-1,122,31,950,893,901,53,150,64,25,145,235,1,True
EUW1_7534294872,15.18.710.2811,420,1504,CLASSIC,0,60,27,78,246,98,1,78,246,40,107,92,266,64,517,804,555,114,91,84,42,497,0,True
EUW1_7534392965,15.18.710.2811,420,1530,CLASSIC,0,238,119,10,35,126,1,910,107,-1,91,10,27,64,134,804,412,36,59,9,29,117,0,True
EUW1_7534395971,15.18.710.2811,420,1090,CLASSIC,1,901,91,35,246,-1,0,-1,22,122,78,114,799,517,90,21,12,58,76,126,202,526,1,True
EUW1_7534422835,15.18.710.2811,420,1463,CLASSIC,0,-1,166,246,432,804,1,893,59,27,13,-1,79,76,18,202,526,421,62,55,145,111,0,True
EUW1_7534442892,15.18.710.2811,420,1681,CLASSIC,1,126,61,893,910,91,0,91,107,134,-1,35,27,254,10,202,432,36,246,18,142,43,1,True
EUW1_7534445394,15.18.710.2811,420,1742,CLASSIC,1,-1,35,107,432,40,0,111,432,98,107,-1,83,427,7,157,201,31,59,893,42,412,1,True
EUW1_7534494922,15.18.710.2811,420,1157,CLASSIC,0,517,111,35,166,122,1,246,517,98,555,35,11,121,893,145,12,83,245,126,236,267,0,True
EUW1_7534530092,15.18.710.2811,420,1212,CLASSIC,0,555,246,-1,-1,799,1,157,517,-1,119,107,114,238,3,236,902,126,245,61,42,43,0,True
EUW1_7534599006,15.18.710.2811,420,1969,CLASSIC,0,133,166,27,246,67,1,-1,91,246,35,107,266,59,42,142,99,39,78,163,15,432,0,True
EUW1_7534635259,15.18.710.2811,420,1821,CLASSIC,0,246,121,107,-1,98,1,67,804,78,84,-1,126,25,42,15,111,14,143,777,221,432,0,True
EUW1_7534655250,15.18.710.2811,420,1116,CLASSIC,1,163,246,166,-1,107,0,61,27,83,246,30,84,78,142,145,518,777,56,103,895,43,1,True
EUW1_7534706650,15.18.710.2811,420,1958,CLASSIC,0,91,114,804,119,35,1,133,126,27,893,804,897,517,163,145,78,83,76,236,42,518,0,True
EUW1_7534870089,15.18.710.2811,420,2066,CLASSIC,1,107,78,246,119,103,0,246,91,-1,555,134,83,64,136,901,40,887,517,133,15,111,1,True
EUW1_7534956738,15.18.710.2811,420,1552,CLASSIC,1,-1,119,555,27,92,0,7,246,12,2,555,14,59,69,42,78,887,517,91,18,497,1,True
EUW1_7534980598,15.18.710.2811,420,1123,CLASSIC,1,804,238,246,119,58,0,555,40,107,54,804,64,59,115,202,432,67,120,142,910,43,1,True
EUW1_7535003492,15.18.710.2811,420,1590,CLASSIC,1,432,497,246,27,54,0,78,126,67,238,804,8,48,517,42,555,31,24,115,157,12,1,True
EUW1_7535497613,15.18.710.2811,420,1483,CLASSIC,0,107,27,111,53,517,1,517,60,246,799,893,61,91,28,51,99,13,245,777,145,89,0,True
EUW1_7535726853,15.18.710.2811,420,1758,CLASSIC,0,145,233,133,246,427,1,107,-1,13,-1,-1,799,59,103,2,497,19,876,55,110,43,0,True
EUW1_7536030015,15.18.710.2811,420,1329,CLASSIC,1,517,246,-1,518,887,0,77,81,246,126,91,98,950,103,202,432,266,254,893,15,43,1,True
EUW1_7536043521,15.18.710.2811,420,1775,CLASSIC,1,427,81,107,238,-1,0,107,221,27,799,-1,39,59,61,143,555,14,246,126,115,497,1,True
EUW1_7536066754,15.18.710.2811,420,1148,CLASSIC,0,555,59,43,432,-1,1,-1,555,133,517,427,893,238,61,15,60,14,102,103,42,89,0,True
EUW1_7536078478,15.18.710.2811,420,2313,CLASSIC,0,526,59,246,40,35,1,246,107,91,432,92,68,254,893,51,497,122,517,134,222,412,0,True
EUW1_7536086947,15.18.710.2811,420,917,CLASSIC,0,875,-1,145,432,427,1,119,126,526,555,78,14,60,221,910,111,27,64,517,18,497,0,True
EUW1_7536095481,15.18.710.2811,420,2197,CLASSIC,0,8,238,518,555,62,1,19,35,2,517,4,799,254,61,81,526,58,246,103,67,60,0,True
EUW1_7536152781,15.18.710.2811,420,1457,CLASSIC,0,15,555,432,427,246,1,40,526,54,893,517,897,59,45,42,497,67,245,103,157,117,0,True
EUW1_7536178566,15.18.710.2811,420,1244,CLASSIC,1,517,54,897,91,526,0,119,246,555,7,92,67,64,103,51,60,126,59,893,202,432,1,True
EUW1_7536394262,15.18.710.2811,420,1526,CLASSIC,1,-1,40,61,78,523,0,-1,166,555,266,246,122,76,42,81,432,41,517,142,901,32,1,True
EUW1_7536446971,15.18.710.2811,420,919,CLASSIC,0,126,166,78,92,119,1,35,-1,246,517,78,68,64,142,42,26,516,238,61,157,12,0,True
EUW1_7536638748,15.18.710.2811,420,1488,CLASSIC,0,13,27,166,133,163,1,-1,-1,91,-1,40,266,950,55,42,111,887,76,39,523,12,0,True
EUW1_7536908928,15.18.710.2811,420,1588,CLASSIC,1,8,432,91,59,107,0,246,5,887,432,35,875,517,13,42,32,83,80,112,81,201,1,True
EUW1_7536934670,15.18.710.2811,420,1171,CLASSIC,1,25,122,887,7,-1,0,62,40,246,221,98,14,238,55,67,78,114,254,39,81,497,1,True
EUW1_7536955060,15.18.710.2811,420,2089,CLASSIC,0,238,64,254,83,107,1,555,119,517,83,893,6,246,163,22,43,10,78,103,15,432,0,True
EUW1_7536959389,15.18.710.2811,420,1138,CLASSIC,1,126,55,163,8,26,0,246,145,35,76,55,24,5,61,221,111,43,62,1,222,12,1,True
EUW1_7536986442,15.18.710.2811,420,1310,CLASSIC,0,799,2,246,8,30,1,107,555,134,14,799,36,76,910,42,12,893,91,45,804,432,0,True
EUW1_7536996933,15.18.710.2811,420,1793,CLASSIC,1,497,246,61,24,517,0,897,246,35,555,91,777,62,103,221,432,133,59,134,901,40,1,True
EUW1_7537007015,15.18.710.2811,420,1452,CLASSIC,1,526,555,27,78,2,0,111,35,432,517,51,14,64,101,222,497,36,246,163,523,40,1,True
EUW1_7537031125,15.18.710.2811,420,1357,CLASSIC,1,799,246,126,526,893,0,526,555,91,887,517,68,59,5,15,117,67,62,20,51,518,1,True
EUW1_7537244694,15.18.710.2811,420,1645,CLASSIC,0,134,555,-1,107,246,1,888,115,555,8,887,64,950,45,800,432,98,234,61,119,40,0,True
EUW1_7537358669,15.18.710.2811,420,1561,CLASSIC,0,517,27,234,126,83,1,7,-1,119,-1,27,266,245,777,145,57,240,64,157,30,154,0,True
EUW1_7537384488,15.18.710.2811,420,1774,CLASSIC,0,43,28,91,78,40,1,-1,78,35,27,246,893,64,39,96,117,24,80,163,145,53,0,True
EUW1_7537426230,15.18.710.2811,420,1986,CLASSIC,1,254,91,163,432,40,0,555,42,55,238,27,6,36,7,523,117,266,106,268,81,43,1,True
EUW1_7537444608,15.18.710.2811,420,1716,CLASSIC,0,43,31,27,-1,266,1,35,163,91,27,41,79,246,103,523,12,14,78,910,145,53,0,True
EUW1_7537532434,15.18.710.2811,420,1351,CLASSIC,0,40,114,-1,163,246,1,555,163,1,246,-1,27,106,119,523,432,150,143,166,221,117,0,True
EUW1_7537820676,15.19.713.5912,420,1695,CLASSIC,0,145,119,234,166,91,1,799,107,25,91,-1,78,246,99,202,89,24,517,142,22,12,0,True
EUW1_7537823219,15.19.713.5912,420,1628,CLASSIC,0,246,-1,800,804,85,1,107,246,7,555,432,164,131,103,202,43,799,59,25,81,12,0,True
EUW1_7537860625,15.19.713.5912,420,1628,CLASSIC,0,887,950,804,126,518,1,7,81,15,432,107,68,427,14,145,526,266,799,777,45,60,0,True
EUW1_7537883991,15.19.713.5912,420,1525,CLASSIC,1,15,91,166,61,222,0,238,804,-1,85,432,43,59,3,800,555,75,63,134,235,12,1,True
EUW1_7537896959,15.19.713.5912,420,1944,CLASSIC,1,110,30,107,54,555,0,555,-1,2,39,-1,799,246,10,81,497,14,203,61,96,432,1,True
EUW1_7537904704,15.19.713.5912,420,1664,CLASSIC,0,432,-1,555,126,246,1,-1,555,119,901,78,27,59,84,18,497,777,30,14,42,60,0,True
EUW1_7537915052,15.19.713.5912,420,1871,CLASSIC,1,7,35,126,246,85,0,799,166,246,91,555,122,63,103,222,201,8,950,69,18,16,1,True
EUW1_7537925254,15.19.713.5912,420,1976,CLASSIC,0,432,-1,78,119,35,1,76,526,55,893,555,24,200,7,22,12,98,246,134,51,201,0,True
EUW1_7537949400,15.19.713.5912,420,1689,CLASSIC,1,91,126,799,85,517,0,35,119,83,131,517,122,254,50,236,201,897,246,13,804,432,1,True
EUW1_7537956213,15.19.713.5912,420,1746,CLASSIC,0,-1,85,110,91,555,1,555,107,7,910,24,122,254,517,81,16,516,234,103,222,43,0,True
EUW1_7537992030,15.19.713.5912,420,1825,CLASSIC,1,91,107,114,526,7,0,555,432,4,53,901,777,246,103,221,117,83,59,90,222,16,1,True
EUW1_7538000873,15.19.713.5912,420,1368,CLASSIC,0,246,526,42,555,122,1,-1,107,432,35,126,897,238,517,145,27,68,203,61,81,89,0,True
EUW1_7538010975,15.19.713.5912,420,1487,CLASSIC,0,107,555,246,114,78,1,119,888,3,30,266,98,91,25,235,497,74,234,7,901,111,0,True
EUW1_7538042644,15.19.713.5912,420,1435,CLASSIC,0,888,61,555,134,-1,1,555,91,30,83,893,24,234,8,10,43,39,246,103,42,432,0,True
EUW1_7538142417,15.19.713.5912,420,1995,CLASSIC,1,27,30,555,238,85,0,7,799,555,-1,517,122,64,18,161,111,114,245,103,235,432,1,True
EUW1_7538180658,15.19.713.5912,420,1595,CLASSIC,0,555,245,134,-1,83,1,245,166,102,58,246,8,60,133,145,78,114,32,7,222,412,0,True
EUW1_7538196054,15.19.713.5912,420,1709,CLASSIC,1,-1,266,76,888,555,0,555,35,133,80,246,41,234,142,110,518,8,24,126,901,497,1,True
EUW1_7538257623,15.19.713.5912,420,1599,CLASSIC,1,555,254,134,246,133,0,68,114,526,555,81,126,64,77,221,60,238,517,122,202,40,1,True
EUW1_7538414178,15.19.713.5912,420,917,CLASSIC,0,107,246,126,15,91,1,107,25,58,517,35,27,24,157,115,53,114,238,142,910,78,0,True
EUW1_7538427303,15.19.713.5912,420,1332,CLASSIC,1,238,517,24,119,35,0,119,555,7,107,59,910,245,41,236,43,8,131,157,804,432,1,True
EUW1_7538513730,15.19.713.5912,420,920,CLASSIC,1,119,7,246,517,78,0,43,246,-1,126,63,41,245,84,236,201,74,238,910,523,53,1,True
EUW1_7538580433,15.19.713.5912,420,1426,CLASSIC,0,246,39,35,15,555,1,126,91,517,29,134,266,131,799,115,526,83,245,74,22,201,0,True
EUW1_7538632714,15.19.713.5912,420,2136,CLASSIC,0,555,35,238,7,91,1,77,92,98,246,55,126,131,157,96,235,54,80,103,804,526,0,True
EUW1_7538643186,15.19.713.5912,420,2085,CLASSIC,0,238,28,27,117,13,1,126,16,246,107,59,24,876,55,236,40,31,203,134,804,111,0,True
EUW1_7540050355,15.19.713.5912,420,1662,CLASSIC,1,119,84,15,24,246,0,893,238,254,-1,432,6,63,99,22,555,68,5,61,523,526,1,True
EUW1_7540153355,15.19.713.5912,420,1989,CLASSIC,0,950,246,-1,-1,-1,1,254,526,13,76,-1,24,63,3,222,902,799,131,7,523,117,0,True
EUW1_7540757105,15.19.713.5912,420,1764,CLASSIC,0,119,67,246,26,25,1,-1,107,2,68,166,799,35,142,21,60,233,120,893,145,497,0,True
EUW1_7540938171,15.19.714.7225,420,918,CLASSIC,0,246,145,7,799,13,1,27,-1,154,53,64,79,80,901,55,98,266,59,910,157,412,0,True
EUW1_7541629394,15.19.714.7225,420,1355,CLASSIC,0,35,432,58,555,110,1,910,246,107,32,92,799,141,61,81,201,122,254,9,145,111,0,True
EUW1_7541682606,15.19.714.7225,420,1679,CLASSIC,1,35,246,555,83,7,0,110,61,134,126,85,36,238,90,22,526,24,63,8,81,12,1,True
EUW1_7542099947,15.19.714.7225,420,2236,CLASSIC,1,145,110,24,117,134,0,126,59,42,7,85,68,246,26,81,114,38,131,517,18,518,1,True
EUW1_7542199231,15.19.714.7225,420,1820,CLASSIC,0,26,134,58,517,126,1,84,59,81,246,43,92,245,133,901,154,68,131,238,804,53,0,True
EUW1_7542214598,15.19.714.7225,420,111,CLASSIC,1,78,110,133,7,85,0,24,432,119,526,126,38,200,893,81,63,68,106,134,804,555,1,True
EUW1_7542239668,15.19.714.7225,420,1464,CLASSIC,1,555,-1,27,24,131,0,110,517,24,134,114,68,91,157,910,111,31,11,45,81,497,1,True
EUW1_7542307890,15.19.714.7225,420,1777,CLASSIC,0,12,126,497,166,246,1,555,517,-1,266,234,27,91,50,145,80,98,245,69,119,111,0,True
EUW1_7542321329,15.19.714.7225,420,1370,CLASSIC,1,117,27,910,246,42,0,91,555,126,134,432,83,238,799,22,44,68,48,69,18,497,1,True
EUW1_7542358013,15.19.714.7225,420,1625,CLASSIC,1,81,48,246,-1,15,0,107,145,24,555,910,98,2,42,45,12,68,11,9,143,497,1,True
EUW1_7542380387,15.19.714.7225,420,1247,CLASSIC,0,2,7,24,126,27,1,114,432,518,246,119,777,120,134,22,111,83,59,61,901,89,0,True
EUW1_7542443677,15.19.714.7225,420,1318,CLASSIC,1,107,119,27,8,114,0,35,61,555,110,-1,14,246,103,901,432,887,59,143,81,497,1,True
EUW1_7542533593,15.19.714.7225,420,1207,CLASSIC,1,246,45,134,432,266,0,246,13,-1,-1,27,41,131,133,157,111,83,5,1,55,12,1,True
EUW1_7542590713,15.19.714.7225,420,1851,CLASSIC,0,27,555,246,41,432,1,238,45,-1,266,7,83,76,163,119,78,516,106,96,157,201,0,True
EUW1_7542634478,15.19.714.7225,420,1795,CLASSIC,1,110,246,13,133,27,0,2,432,897,-1,42,79,64,55,81,12,799,59,517,15,117,1,True
EUW1_7542764039,15.19.715.1836,420,1223,CLASSIC,0,48,107,-1,412,119,1,950,2,43,131,25,41,77,126,202,555,39,64,142,22,147,0,True
EUW1_7542792914,15.19.714.7225,420,1502,CLASSIC,0,27,122,36,107,131,1,107,59,24,55,555,799,246,13,222,412,68,517,126,29,53,0,True
EUW1_7542822243,15.19.714.7225,420,1343,CLASSIC,0,24,555,59,246,238,1,91,30,133,238,246,74,76,18,523,117,126,254,101,202,78,0,True
EUW1_7542928875,15.19.714.7225,420,1789,CLASSIC,0,910,246,27,119,83,1,24,91,76,246,-1,799,64,134,42,43,68,107,84,145,518,0,True
EUW1_7543105027,15.19.715.1836,420,1298,CLASSIC,1,711,517,76,-1,-1,0,555,517,81,107,523,68,876,246,15,526,31,56,145,202,40,1,True
EUW1_7543130970,15.19.714.7225,420,1666,CLASSIC,1,876,266,157,-1,59,0,76,35,126,134,24,41,79,18,804,12,799,107,4,145,201,1,True
EUW1_7543192801,15.19.715.1836,420,1900,CLASSIC,1,15,126,107,53,421,0,-1,96,39,157,-1,266,59,84,27,412,36,246,3,115,111,1,True
EUW1_7543222275,15.19.714.7225,420,1532,CLASSIC,1,27,24,143,114,119,0,-1,246,80,166,59,799,20,145,18,432,516,35,777,804,555,1,True
EUW1_7543267300,15.19.715.1836,420,1805,CLASSIC,1,51,800,246,126,245,0,893,246,91,887,60,27,106,29,498,43,31,48,7,202,555,1,True
EUW1_7543329890,15.19.715.1836,420,1490,CLASSIC,0,555,114,83,-1,517,1,126,238,25,-1,51,799,106,34,236,201,58,113,134,498,412,0,True
EUW1_7543372961,15.19.715.1836,420,1455,CLASSIC,0,107,-1,131,7,126,1,166,799,76,246,117,92,91,10,236,902,58,238,157,115,43,0,True
EUW1_7543419163,15.19.715.1836,420,1647,CLASSIC,1,119,238,31,107,201,0,799,910,80,157,246,58,234,134,429,12,114,131,245,498,40,1,True
EUW1_7543732438,15.19.715.1836,420,1159,CLASSIC,0,910,238,897,-1,518,1,78,9,163,432,-1,133,82,25,81,12,68,107,268,157,497,0,True
EUW1_7544125419,15.19.715.1836,420,918,CLASSIC,0,555,43,9,246,78,1,83,804,7,15,78,799,5,30,147,44,157,64,8,81,111,0,True
EUW1_7544164643,15.19.715.1836,420,1277,CLASSIC,0,35,555,119,799,887,1,518,7,-1,2,83,14,238,25,901,111,897,246,134,523,117,0,True
EUW1_7544177893,15.19.715.1836,420,1475,CLASSIC,0,15,91,804,54,432,1,432,78,-1,133,555,24,238,13,81,142,799,64,7,145,43,0,True
EUW1_7544323354,15.19.715.1836,420,1306,CLASSIC,1,246,81,432,526,119,0,246,555,-1,25,15,133,131,14,901,43,24,238,142,145,60,1,True
EUW1_7544391890,15.19.715.1836,420,1398,CLASSIC,1,526,897,-1,55,25,0,92,12,86,134,107,164,36,61,142,99,122,246,45,222,111,1,True
EUW1_7544454587,15.19.715.1836,420,1649,CLASSIC,0,59,517,107,80,114,1,18,25,92,42,107,799,245,134,67,526,98,246,43,145,78,0,True
EUW1_7544516377,15.19.715.1836,420,1500,CLASSIC,0,246,126,61,80,36,1,92,517,246,901,555,27,59,45,96,117,799,245,98,222,432,0,True
EUW1_7544528842,15.19.715.1836,420,2493,CLASSIC,1,76,119,555,78,-1,0,27,92,7,-1,126,799,107,142,202,518,122,421,163,910,432,1,True
EUW1_7544582115,15.19.715.1836,420,1993,CLASSIC,1,11,90,91,15,-1,0,517,78,268,69,91,79,64,7,81,43,164,245,711,236,32,1,True
EUW1_7544668512,15.19.715.1836,420,1684,CLASSIC,1,517,238,119,107,555,0,12,201,350,107,266,24,245,777,157,412,79,59,112,360,518,1,True
EUW1_7544766651,15.19.715.1836,420,1672,CLASSIC,0,91,27,119,34,517,1,133,8,126,76,134,24,246,268,145,60,897,56,61,22,497,0,True
EUW1_7544832282,15.19.715.1836,420,934,CLASSIC,1,526,126,518,517,56,0,107,85,35,119,432,897,245,7,523,111,122,238,800,804,40,1,True
EUW1_7544876621,15.19.715.1836,420,1884,CLASSIC,0,78,134,950,-1,25,1,432,119,122,27,427,141,56,69,115,497,14,59,800,145,12,0,True
EUW1_7545062995,15.19.715.1836,420,1431,CLASSIC,1,40,246,27,54,555,0,91,163,268,432,427,67,59,4,804,518,68,254,92,81,267,1,True
EUW1_7546046807,15.19.715.1836,420,2165,CLASSIC,0,59,238,92,517,432,1,126,-1,24,27,-1,14,122,103,51,60,68,246,268,145,111,0,True
EUW1_7546178081,15.19.715.1836,420,912,CLASSIC,0,555,126,432,107,111,1,78,246,7,119,24,266,59,13,202,235,114,517,238,115,526,0,True
EUW1_7546230054,15.19.715.1836,420,1458,CLASSIC,1,78,13,30,122,555,0,107,27,7,432,83,875,200,55,15,497,893,91,3,81,32,1,True
EUW1_7546273382,15.19.715.1836,420,1593,CLASSIC,1,24,133,246,126,39,0,131,78,5,897,61,799,517,27,895,12,36,76,14,157,526,1,True
EUW1_7546352321,15.19.715.1836,420,2452,CLASSIC,0,24,-1,80,246,432,1,78,27,-1,85,895,68,62,112,498,526,38,76,92,804,12,0,True
EUW1_7546388036,15.19.715.1836,420,1908,CLASSIC,0,234,119,246,-1,122,1,246,517,800,497,24,83,28,238,42,78,10,59,245,236,80,0,True
EUW1_7546741545,15.19.715.1836,420,586,CLASSIC,1,27,432,246,91,83,0,28,238,78,35,107,8,234,103,81,111,266,36,7,804,526,1,True
EUW1_7546785019,15.19.715.1836,420,2257,CLASSIC,1,92,107,526,27,-1,0,24,91,126,56,432,122,59,13,804,111,106,517,134,145,555,1,True
EUW1_7546971902,15.19.715.1836,420,920,CLASSIC,1,555,246,12,107,119,0,555,126,119,131,91,98,59,61,145,32,74,254,221,901,161,1,True
EUW1_7547050555,15.19.715.1836,420,1029,CLASSIC,1,8,107,54,131,799,0,28,61,134,166,126,133,62,103,119,497,74,64,13,804,111,1,True
EUW1_7547636551,15.19.715.1836,420,1184,CLASSIC,0,119,61,35,58,555,1,107,893,76,39,134,799,121,8,145,53,31,246,115,222,43,0,True
EUW1_7547661993,15.19.715.1836,420,2729,CLASSIC,1,246,7,98,107,-1,0,119,555,24,8,107,39,238,4,51,60,83,517,800,202,161,1,True
EUW1_7547717380,15.19.715.1836,420,1920,CLASSIC,1,200,59,166,246,555,0,119,24,799,238,115,150,91,893,15,526,421,234,25,145,89,1,True
EUW1_7547763136,15.19.715.1836,420,1911,CLASSIC,0,119,555,107,7,54,1,40,238,122,432,246,126,64,517,910,526,83,5,112,901,12,0,True
EUW1_7547806437,15.19.715.1836,420,1493,CLASSIC,1,555,238,117,78,58,0,60,134,246,119,-1,799,107,268,22,432,106,950,61,901,526,1,True
EUW1_7547852490,15.19.715.1836,420,1577,CLASSIC,0,107,134,-1,555,497,1,91,432,134,107,8,887,246,98,222,117,799,238,26,221,518,0,True
EUW1_7547893391,15.19.715.1836,420,1350,CLASSIC,0,154,-1,78,27,246,1,119,555,84,8,-1,85,950,893,157,235,122,131,517,42,526,0,True
EUW1_7547936238,15.19.715.1836,420,911,CLASSIC,0,-1,518,78,-1,246,1,78,35,107,555,799,893,234,142,157,12,14,950,163,145,526,0,True
EUW1_7547974044,15.19.715.1836,420,1095,CLASSIC,1,107,246,13,133,804,0,35,7,555,-1,98,58,517,55,145,12,897,876,157,81,201,1,True
EUW1_7548025585,15.19.715.1836,420,1474,CLASSIC,0,133,59,60,555,35,1,62,246,15,-1,427,58,234,61,236,432,240,121,517,800,497,0,True
EUW1_7548095641,15.19.715.1836,420,1174,CLASSIC,0,78,91,246,523,39,1,800,133,143,518,61,150,64,517,222,526,83,20,26,22,12,0,True
EUW1_7548323303,15.19.715.1836,420,1781,CLASSIC,0,27,62,-1,107,555,1,24,432,-1,-1,74,31,246,3,429,888,777,59,103,22,412,0,True
EUW1_7548444484,15.19.715.1836,420,930,CLASSIC,0,78,131,235,133,246,1,7,120,133,254,13,24,64,61,222,111,122,76,126,145,43,0,True
EUW1_7548730623,15.19.715.1836,420,1690,CLASSIC,1,78,266,119,25,203,0,517,555,-1,246,54,69,120,142,145,111,133,106,245,51,432,1,True
EUW1_7548992960,15.19.715.1836,420,1496,CLASSIC,0,246,-1,-1,145,7,1,555,107,42,799,39,887,121,910,21,526,98,59,800,161,78,0,True
EUW1_7549048464,15.19.715.1836,420,1578,CLASSIC,0,246,421,58,107,126,1,27,40,76,800,91,92,950,61,901,31,41,517,84,236,518,0,True
EUW1_7549215861,15.19.715.1836,420,1225,CLASSIC,0,107,142,799,555,-1,1,35,12,799,8,555,133,60,157,222,412,14,59,55,119,201,0,True
EUW1_7549236111,15.19.715.1836,420,2168,CLASSIC,0,202,43,126,145,-1,1,119,246,432,555,-1,27,107,254,115,497,777,77,238,498,117,0,True
EUW1_7549273938,15.19.715.1836,420,1971,CLASSIC,1,126,119,91,360,432,0,61,12,119,238,526,27,246,13,202,164,799,143,8,145,555,1,True
EUW1_7549308921,15.19.715.1836,420,933,CLASSIC,1,7,126,12,35,555,0,119,35,526,432,246,27,950,61,360,111,221,254,103,81,43,1,True
EUW1_7549349877,15.19.715.1836,420,2284,CLASSIC,0,61,555,39,-1,60,1,893,-1,-1,246,555,98,950,8,115,497,266,59,13,498,40,0,True
EUW1_7549371378,15.19.715.1836,420,1404,CLASSIC,1,555,432,518,-1,-1,0,78,555,107,15,122,516,60,134,222,526,887,238,61,157,111,1,True
EUW1_7549398074,15.19.715.1836,420,1127,CLASSIC,1,62,246,60,555,91,0,133,85,432,154,30,80,950,103,221,117,122,59,25,15,12,1,True
EUW1_7549431778,15.19.715.1836,420,1355,CLASSIC,1,84,555,246,76,-1,0,8,432,555,27,119,31,63,238,221,201,68,59,157,145,111,1,True
EUW1_7549543899,15.19.715.1836,420,1268,CLASSIC,1,8,7,98,78,15,0,78,8,26,76,432,79,64,238,800,497,83,59,163,523,526,1,True
EUW1_7549575124,15.19.715.1836,420,1557,CLASSIC,1,91,2,157,246,107,0,133,10,111,78,432,14,131,126,221,117,31,234,90,145,235,1,True
EUW1_7549691717,15.19.715.1836,420,1732,CLASSIC,0,246,107,14,432,119,1,246,432,13,92,43,85,63,777,22,147,799,30,55,895,902,0,True
EUW1_7549889441,15.19.715.1836,420,914,CLASSIC,0,133,48,13,43,107,1,91,134,8,246,107,27,62,55,202,432,799,517,166,145,412,0,True
EUW1_7550431614,15.19.715.1836,420,1687,CLASSIC,0,897,7,246,76,119,1,246,-1,42,25,-1,114,107,112,221,555,799,517,800,15,497,0,True
EUW1_7550510306,15.19.715.1836,420,1723,CLASSIC,0,76,131,28,526,107,1,432,222,107,-1,76,887,62,910,221,43,266,91,134,235,78,0,True
EUW1_7550552109,15.19.715.1836,420,1700,CLASSIC,1,526,246,107,27,28,0,131,238,245,799,107,266,60,3,523,111,777,59,7,221,201,1,True
EUW1_7550706758,15.19.715.1836,420,2112,CLASSIC,1,238,555,517,145,122,0,268,134,78,53,126,164,163,101,81,432,27,200,2,222,40,1,True
EUW1_7550745507,15.19.715.1836,420,1590,CLASSIC,1,27,145,804,-1,131,0,111,117,799,166,555,421,76,39,202,526,6,238,134,81,412,1,True
EUW1_7550772593,15.19.715.1836,420,1464,CLASSIC,1,10,122,200,555,27,0,27,92,555,246,53,887,238,711,145,40,897,517,39,804,117,1,True
EUW1_7550871636,15.19.715.1836,420,1646,CLASSIC,0,107,526,432,58,61,1,126,91,119,200,122,150,234,134,51,412,27,77,112,202,43,0,True
EUW1_7550875350,15.19.715.1836,420,1751,CLASSIC,0,-1,38,119,27,58,1,238,246,555,126,12,67,64,17,36,266,897,517,221,145,526,0,True
EUW1_7550901297,15.19.715.1836,420,914,CLASSIC,0,555,107,78,893,126,1,91,119,81,27,246,6,238,3,222,201,150,59,61,21,497,0,True
EUW1_7550931459,15.19.715.1836,420,2449,CLASSIC,1,246,58,27,107,555,0,-1,14,246,8,27,799,64,61,161,53,126,238,134,222,201,1,True
EUW1_7550983173,15.19.715.1836,420,1799,CLASSIC,0,119,78,27,98,76,1,107,59,555,-1,27,893,246,142,145,89,897,60,901,67,161,0,True
EUW1_7550994852,15.19.715.1836,420,1598,CLASSIC,1,81,-1,-1,154,27,0,119,27,126,432,67,98,59,61,222,555,799,107,7,51,43,1,True
EUW1_7550998440,15.19.715.1836,420,1523,CLASSIC,1,432,238,28,517,-1,0,432,78,-1,91,8,799,62,777,910,526,150,56,893,222,89,1,True
EUW1_7551039231,15.19.715.1836,420,1289,CLASSIC,1,91,98,246,-1,78,0,154,59,27,238,24,36,64,134,115,12,14,62,61,15,497,1,True
EUW1_7551070098,15.19.715.1836,420,2283,CLASSIC,0,38,246,432,2,78,1,27,107,35,24,246,799,59,103,145,518,39,254,61,22,497,0,True
EUW1_7551441723,15.19.715.1836,420,1919,CLASSIC,1,432,555,17,-1,84,0,107,78,80,246,76,98,517,777,51,43,69,91,4,157,526,1,True
EUW1_7551464586,15.19.715.1836,420,1315,CLASSIC,0,82,35,526,38,901,1,799,126,238,246,166,39,234,61,18,117,114,76,133,42,111,0,True
EUW1_7551549597,15.19.715.1836,420,1270,CLASSIC,1,-1,-1,157,804,58,0,246,166,432,799,-1,92,64,4,222,43,24,78,25,145,518,1,True
EUW1_7551551824,15.19.715.1836,420,1611,CLASSIC,0,28,427,432,893,517,1,134,133,64,25,246,58,76,3,804,902,24,59,61,142,518,0,True
EUW1_7551750506,15.19.715.1836,420,916,CLASSIC,0,107,517,-1,201,-1,1,24,432,-1,246,-1,126,131,238,145,245,83,254,25,523,412,0,True
EUW1_7551849207,15.19.715.1836,420,1451,CLASSIC,1,804,517,246,555,-1,0,897,22,518,246,8,83,238,69,21,526,79,36,55,2,89,1,True
EUW1_7552101662,15.19.715.1836,420,1643,CLASSIC,0,35,119,145,7,517,1,122,78,119,163,12,27,254,245,202,526,164,200,25,523,53,0,True
EUW1_7552118507,15.19.715.1836,420,2042,CLASSIC,0,78,12,126,200,432,1,555,7,27,122,-1,92,238,25,22,53,897,59,134,221,117,0,True
EUW1_7552144728,15.19.715.1836,420,1123,CLASSIC,0,203,799,111,555,134,1,246,107,78,432,200,14,131,800,81,497,887,64,236,498,89,0,True
EUW1_7552159564,15.19.715.1836,420,1796,CLASSIC,1,31,119,12,27,238,0,432,-1,78,134,887,68,246,13,202,53,126,64,112,15,43,1,True
EUW1_7552192115,15.19.715.1836,420,1671,CLASSIC,0,62,517,-1,107,-1,1,893,238,555,246,107,126,120,101,115,497,58,25,134,15,117,0,True
EUW1_7552227334,15.19.715.1836,420,1182,CLASSIC,0,98,432,40,166,526,1,40,555,107,27,246,79,234,893,236,267,68,59,134,235,518,0,True
EUW1_7552236923,15.19.715.1836,420,1641,CLASSIC,1,107,25,5,122,555,0,246,804,107,238,133,266,517,3,236,267,114,131,61,222,111,1,True
EUW1_7552265339,15.19.715.1836,420,1689,CLASSIC,1,238,246,39,555,517,0,119,238,80,7,40,98,64,268,498,497,799,60,84,901,526,1,True
EUW1_7552280988,15.19.715.1836,420,2439,CLASSIC,1,59,92,432,555,119,0,60,126,246,78,238,799,76,1,523,497,58,950,61,804,117,1,True
EUW1_7552342128,15.19.715.1836,420,1138,CLASSIC,0,-1,7,555,35,238,1,131,-1,432,53,76,83,246,910,42,12,58,517,126,22,79,0,True
EUW1_7552351261,15.19.715.1836,420,1529,CLASSIC,1,432,517,83,64,91,0,35,161,78,901,8,799,234,893,81,43,164,59,910,22,518,1,True
EUW1_7552395282,15.19.715.1836,420,986,CLASSIC,0,432,35,7,27,246,1,238,126,432,804,246,799,63,234,235,897,24,517,112,523,40,0,True
EUW1_7552406250,15.19.715.1836,420,1587,CLASSIC,1,3,27,119,-1,59,0,91,40,161,27,59,897,246,910,22,117,221,131,39,804,497,1,True
EUW1_7552415184,15.19.715.1836,420,1372,CLASSIC,0,15,-1,-1,238,555,1,161,-1,60,-1,126,157,246,893,22,526,27,59,517,202,432,0,True
EUW1_7552477844,15.19.715.1836,420,1659,CLASSIC,1,103,107,799,555,-1,0,28,27,20,555,7,31,254,13,145,497,517,246,18,161,432,1,True
EUW1_7552683578,15.19.715.1836,420,1358,CLASSIC,1,555,-1,-1,804,28,0,238,107,126,893,246,68,59,115,222,432,799,427,800,15,526,1,True
EUW1_7552766029,15.19.715.1836,420,1751,CLASSIC,0,24,81,555,58,246,1,126,24,555,800,517,799,234,127,222,518,80,245,7,523,412,0,True
EUW1_7552822934,15.19.715.1836,420,1578,CLASSIC,1,142,126,114,-1,81,0,517,246,114,35,91,68,59,14,901,432,6,64,84,804,111,1,True
EUW1_7552829365,15.19.715.1836,420,913,CLASSIC,1,555,31,22,3,-1,0,893,238,517,119,24,98,200,25,81,43,150,245,63,145,111,1,True
EUW1_7552872700,15.19.715.1836,420,1748,CLASSIC,0,91,555,107,517,134,1,2,246,799,238,136,14,245,126,81,235,133,64,163,498,12,0,True
EUW1_7552928364,15.19.715.1836,420,1170,CLASSIC,0,40,432,517,58,804,1,893,246,80,76,91,799,245,238,523,98,68,59,31,51,526,0,True
EUW1_7553079580,15.19.715.1836,420,1760,CLASSIC,1,555,246,13,266,432,0,238,876,91,119,-1,41,106,55,145,497,83,517,799,222,201,1,True
EUW1_7553181411,15.19.715.1836,420,1114,CLASSIC,1,-1,28,246,119,166,0,13,145,25,107,893,36,59,4,21,12,98,120,142,55,526,1,True
EUW1_7553782714,15.19.715.1836,420,1630,CLASSIC,0,246,126,555,91,517,1,432,119,246,85,360,84,59,50,96,888,122,20,238,901,111,0,True
EUW1_7553816255,15.19.715.1836,420,1701,CLASSIC,1,799,246,40,119,91,0,-1,901,-1,-1,804,24,234,84,222,412,36,517,4,21,555,1,True
EUW1_7553828373,15.19.715.1836,420,2122,CLASSIC,0,80,910,60,92,893,1,200,142,555,246,25,68,64,9,81,89,39,59,134,96,111,0,True
EUW1_7553870690,15.19.715.1836,420,1704,CLASSIC,0,-1,12,246,35,55,1,555,-1,91,-1,238,114,106,61,21,53,24,59,3,804,201,0,True
EUW1_7553894276,15.19.715.1836,420,2051,CLASSIC,1,246,555,81,78,126,0,107,9,61,145,799,92,64,13,18,526,266,36,142,51,518,1,True
EUW1_7554090227,15.19.715.1836,420,943,CLASSIC,0,-1,166,35,24,15,1,145,81,804,166,25,58,68,51,96,43,887,163,142,2,518,0,True
EUW1_7554231973,15.19.715.1836,420,914,CLASSIC,1,-1,119,90,245,555,0,799,238,-1,119,35,98,59,800,42,43,31,246,157,145,518,1,True
EUW1_7554350888,15.19.715.1836,420,925,CLASSIC,1,517,39,432,-1,22,0,38,555,246,887,897,268,245,777,429,111,202,77,910,119,350,1,True
EUW1_7554361626,15.19.715.1836,420,1819,CLASSIC,0,91,7,89,555,126,1,427,-1,15,92,136,114,35,246,222,518,79,76,133,81,43,0,True
EUW1_7554413151,15.19.715.1836,420,1309,CLASSIC,1,517,111,246,91,157,0,246,-1,81,804,238,133,245,4,145,37,54,203,13,42,53,1,True
EUW1_7554457101,15.19.715.1836,420,1896,CLASSIC,1,126,-1,201,61,45,0,555,126,7,-1,91,92,24,112,202,53,68,59,25,119,60,1,True
EUW1_7554475501,15.19.715.1836,420,1640,CLASSIC,1,61,893,246,555,517,0,876,1,-1,107,555,24,245,39,147,12,84,35,166,145,526,1,True
EUW1_7554532154,15.19.715.1836,420,924,CLASSIC,1,245,15,61,107,-1,0,91,799,107,59,55,68,64,8,81,111,126,234,13,42,43,1,True
EUW1_7554533618,15.19.715.1836,420,1808,CLASSIC,1,-1,432,246,-1,126,0,157,246,555,59,126,799,427,133,96,113,92,76,13,804,497,1,True
EUW1_7554617405,15.19.715.1836,420,1462,CLASSIC,0,555,8,-1,-1,246,1,-1,13,59,246,-1,897,5,3,804,76,24,20,18,55,235,0,True
EUW1_7554711720,15.19.715.1836,420,1198,CLASSIC,1,40,201,103,517,804,0,516,555,266,238,84,8,245,133,235,154,98,5,142,236,78,1,True
EUW1_7555230533,15.19.715.1836,420,1858,CLASSIC,0,15,246,427,517,117,1,246,799,555,7,517,68,24,893,202,111,516,106,61,18,526,0,True
EUW1_7555299295,15.19.715.1836,420,1564,CLASSIC,1,145,119,59,-1,799,0,27,15,517,20,107,893,131,133,18,526,14,950,245,800,555,1,True
EUW1_7555327899,15.19.715.1836,420,1842,CLASSIC,1,555,35,246,27,107,0,76,119,799,427,-1,69,24,134,145,518,14,234,3,498,89,1,True
EUW1_7555523206,15.19.715.1836,420,1774,CLASSIC,1,58,119,25,133,35,0,-1,60,114,555,201,92,246,142,202,518,897,163,14,22,111,1,True
EUW1_7555586452,15.19.715.1836,420,1581,CLASSIC,0,246,950,107,134,27,1,27,92,91,119,111,517,427,133,42,89,14,59,26,236,37,0,True
EUW1_7555682411,15.19.715.1836,420,1454,CLASSIC,0,84,92,-1,126,119,1,427,799,107,555,61,114,141,268,15,27,36,131,69,222,43,0,True
EUW1_7555727323,15.19.715.1836,420,1931,CLASSIC,0,-1,119,107,3,27,1,27,76,893,555,92,24,246,105,523,497,36,5,163,22,518,0,True
EUW1_7555793863,15.19.715.1836,420,1823,CLASSIC,0,526,107,-1,246,119,1,246,92,91,517,3,14,950,61,523,117,799,131,711,901,111,0,True
EUW1_7555924586,15.19.715.1836,420,1348,CLASSIC,1,555,13,119,234,126,0,246,24,83,35,76,14,121,55,202,16,150,59,84,236,267,1,True
EUW1_7556189509,15.19.715.1836,420,2168,CLASSIC,0,246,134,234,59,107,1,78,246,-1,67,432,69,517,133,804,12,157,25,34,51,526,0,True
EUW1_7556424822,15.19.715.1836,420,1251,CLASSIC,0,117,27,119,893,7,1,523,83,114,222,432,14,238,39,145,80,85,154,42,901,40,0,True
EUW1_7556676628,15.19.715.1836,420,1872,CLASSIC,0,107,432,133,804,-1,1,-1,48,555,246,27,58,91,3,800,40,150,2,61,145,518,0,True
EUW1_7556901064,15.19.715.1836,420,1695,CLASSIC,1,91,13,83,51,555,0,91,-1,555,119,28,85,113,55,498,235,76,30,133,221,518,1,True
EUW1_7557032339,15.19.715.1836,420,1296,CLASSIC,1,53,58,432,133,27,0,91,25,163,893,7,92,517,18,51,40,266,64,246,142,235,1,True
EUW1_7557083377,15.19.715.1836,420,1590,CLASSIC,1,526,246,25,64,119,0,107,555,893,-1,432,799,77,142,51,518,58,62,1,202,40,1,True
EUW1_7557219512,15.19.715.1836,420,1123,CLASSIC,0,27,799,-1,39,98,1,89,78,7,432,-1,79,246,3,235,518,36,64,91,800,267,0,True
EUW1_7557254093,15.19.715.1836,420,1468,CLASSIC,0,234,246,799,893,91,1,-1,555,-1,800,40,103,59,114,15,53,43,5,517,901,161,0,True
EUW1_7557264048,15.19.715.1836,420,1520,CLASSIC,0,89,246,27,-1,39,1,133,39,7,-1,-1,799,121,893,800,111,34,238,13,145,526,0,True
EUW1_7557331834,15.19.715.1836,420,2198,CLASSIC,1,799,166,234,91,246,0,64,799,145,61,22,126,950,134,800,111,897,121,13,96,526,1,True
EUW1_7557411012,15.19.715.1836,420,1625,CLASSIC,1,432,111,-1,555,35,0,121,126,166,432,133,799,238,3,81,117,68,254,893,901,43,1,True
EUW1_7557445981,15.19.715.1836,420,1858,CLASSIC,0,166,163,910,30,-1,1,517,107,24,246,134,897,59,90,804,12,799,876,133,50,526,0,True
EUW1_7557887775,15.19.715.1836,420,1499,CLASSIC,1,245,107,91,246,238,0,111,-1,876,163,98,421,517,29,119,40,240,76,103,804,43,1,True
EUW1_7557889439,15.19.715.1836,420,1647,CLASSIC,0,-1,40,84,107,92,1,246,91,7,17,150,24,427,67,222,12,19,59,163,360,526,0,True
EUW1_7557910892,15.19.715.1836,420,1584,CLASSIC,1,107,910,58,119,555,0,91,246,58,145,107,799,238,30,42,40,92,234,29,800,526,1,True
EUW1_7557911504,15.19.715.1836,420,1724,CLASSIC,1,91,420,246,119,84,0,246,91,800,893,555,799,59,67,145,412,114,238,517,901,143,1,True
EUW1_7557924916,15.19.715.1836,420,1746,CLASSIC,0,92,107,517,145,27,1,98,38,555,35,24,58,246,800,81,89,122,59,142,21,60,0,True
EUW1_7558068763,15.19.715.1836,420,1642,CLASSIC,1,26,555,-1,2,432,0,59,246,238,555,35,114,60,893,21,12,150,64,61,29,526,1,True
EUW1_7558448783,15.19.715.1836,420,1592,CLASSIC,1,37,432,246,901,427,0,166,-1,799,246,27,98,59,163,42,555,150,64,13,15,497,1,True
EUW1_7558451553,15.19.715.1836,420,1689,CLASSIC,1,246,78,432,120,107,0,55,78,246,40,145,79,56,910,804,37,799,64,13,245,43,1,True
EUW1_7558794946,15.19.715.1836,420,1493,CLASSIC,0,-1,48,25,27,122,1,78,246,122,-1,13,58,2,61,81,12,799,427,55,15,235,0,True
EUW1_7559181136,15.19.715.1836,420,1986,CLASSIC,1,111,24,7,126,238,0,517,78,117,126,119,61,200,85,804,497,74,950,92,50,555,1,True
EUW1_7559223556,15.19.715.1836,420,1577,CLASSIC,0,432,92,201,-1,799,1,119,555,432,154,107,122,234,134,22,60,54,91,61,145,12,0,True
EUW1_7559268564,15.19.715.1836,420,1349,CLASSIC,0,35,555,15,246,145,1,107,246,25,555,-1,24,121,13,29,497,897,2,103,804,432,0,True
EUW1_7559284342,15.19.715.1836,420,1186,CLASSIC,1,799,-1,555,432,25,0,48,119,246,114,555,777,59,61,147,80,897,2,13,202,12,1,True
EUW1_7559299333,15.19.715.1836,420,1170,CLASSIC,1,555,28,122,238,107,0,897,246,35,555,8,799,91,61,145,201,79,64,3,42,111,1,True
EUW1_7559314920,15.19.715.1836,420,1657,CLASSIC,1,119,799,7,555,2,0,8,-1,107,2,246,24,62,84,523,412,78,59,4,222,518,1,True
EUW1_7559380714,15.19.715.1836,420,1697,CLASSIC,0,35,81,517,133,246,1,145,-1,24,91,119,887,78,103,895,235,6,36,1,222,412,0,True
EUW1_7559395821,15.19.715.1836,420,1578,CLASSIC,1,131,555,78,897,246,0,246,163,122,432,238,79,64,893,222,526,114,427,910,81,60,1,True
EUW1_7559426884,15.19.715.1836,420,1505,CLASSIC,0,888,119,246,238,107,1,60,800,804,117,107,126,234,893,145,526,799,121,18,45,555,0,True
EUW1_7559481055,15.19.715.1836,420,1461,CLASSIC,1,84,888,126,555,432,0,27,-1,25,-1,126,14,245,777,81,111,799,246,711,142,518,1,True
EUW1_7559493161,15.19.715.1836,420,1798,CLASSIC,1,107,126,-1,246,555,0,555,432,111,910,-1,68,5,777,498,526,897,238,79,161,12,1,True
EUW1_7559534906,15.19.715.1836,420,1713,CLASSIC,1,163,142,27,119,126,0,68,-1,555,25,126,114,91,3,222,53,98,33,103,523,412,1,True
EUW1_7559562033,15.19.715.1836,420,1532,CLASSIC,1,84,91,126,-1,15,0,119,246,432,107,145,897,76,901,45,164,799,64,134,202,12,1,True
EUW1_7559583969,15.19.715.1836,420,1691,CLASSIC,1,432,-1,111,-1,126,0,91,58,12,25,555,68,64,236,498,497,799,234,142,161,78,1,True
EUW1_7559633269,15.19.715.1836,420,2221,CLASSIC,0,427,12,2,25,555,1,126,893,40,-1,245,64,62,142,161,111,114,106,517,523,432,0,True
EUW1_7559741007,15.19.715.1836,420,1572,CLASSIC,0,68,-1,107,517,246,1,-1,25,126,119,555,98,64,3,245,78,27,62,142,42,44,0,True
EUW1_7559768570,15.19.715.1836,420,1742,CLASSIC,1,27,800,555,133,76,0,27,266,166,111,555,68,254,897,202,161,41,238,134,81,89,1,True
EUW1_7559948644,15.19.715.1836,420,914,CLASSIC,1,59,555,55,893,166,0,555,126,246,111,245,106,254,103,145,518,27,234,517,222,117,1,True
EUW1_7559992087,15.19.715.1836,420,1145,CLASSIC,0,13,555,119,-1,246,1,27,133,233,432,92,83,76,55,22,111,114,517,3,81,53,0,True
EUW1_7560024453,15.19.715.1836,420,1765,CLASSIC,0,36,55,897,555,133,1,432,2,145,238,-1,157,64,163,50,526,240,20,39,202,43,0,True
EUW1_7560056935,15.19.715.1836,420,918,CLASSIC,0,119,27,8,35,13,1,59,238,246,893,-1,875,517,157,202,43,31,78,61,145,555,0,True
EUW1_7560085134,15.19.715.1836,420,1339,CLASSIC,1,202,266,20,432,107,0,-1,13,-1,78,35,240,246,61,115,12,150,121,55,145,89,1,True
EUW1_7560225376,15.19.715.1836,420,1421,CLASSIC,1,64,-1,107,78,432,0,114,246,-1,126,133,799,91,61,81,555,27,59,84,236,497,1,True
EUW1_7560440498,15.20.717.2831,420,1475,CLASSIC,1,246,35,555,76,58,0,37,432,157,35,233,799,121,893,161,412,83,517,7,236,350,1,True
EUW1_7560535124,15.20.717.2831,420,1554,CLASSIC,1,119,799,238,8,39,0,804,122,526,246,117,68,80,910,222,12,893,62,61,51,432,1,True
EUW1_7560554639,15.20.717.2831,420,1623,CLASSIC,0,2,126,76,246,517,1,61,78,-1,27,238,54,60,18,202,12,36,64,13,69,111,0,True
EUW1_7560564187,15.20.717.2831,420,1985,CLASSIC,1,246,59,58,432,53,0,78,12,-1,126,42,897,62,134,202,555,92,91,13,51,43,1,True
EUW1_7560574274,15.20.717.2831,420,1679,CLASSIC,1,119,91,39,222,103,0,799,154,27,555,246,266,254,61,236,267,164,59,893,81,60,1,True
EUW1_7560601553,15.20.717.2831,420,1104,CLASSIC,1,76,78,555,893,84,0,91,122,8,238,78,266,59,245,161,497,14,64,517,29,526,1,True
EUW1_7560651671,15.20.717.2831,420,1596,CLASSIC,1,55,432,86,555,107,0,233,432,78,799,119,150,246,13,498,143,83,64,84,145,111,1,True
EUW1_7560718250,15.20.717.2831,420,2072,CLASSIC,0,35,119,161,126,555,1,517,-1,78,246,27,31,60,799,145,76,164,64,893,81,43,0,True
EUW1_7560748911,15.20.717.2831,420,1681,CLASSIC,1,234,555,119,7,126,0,246,54,238,266,432,92,35,161,901,497,80,64,34,804,40,1,True
EUW1_7560763183,15.20.717.2831,420,1487,CLASSIC,0,234,27,58,64,114,1,876,107,117,7,24,799,91,69,202,43,10,36,45,15,40,0,True
EUW1_7560799846,15.20.717.2831,420,2467,CLASSIC,1,114,133,246,-1,59,0,799,35,27,-1,555,893,56,103,15,12,897,238,84,81,78,1,True
EUW1_7560864983,15.20.717.2831,420,2307,CLASSIC,0,-1,61,799,107,84,1,48,246,-1,119,61,83,36,238,69,40,266,2,45,901,43,0,True
EUW1_7561283347,15.20.717.2831,420,1665,CLASSIC,1,246,238,61,111,126,0,-1,800,107,246,61,27,64,157,145,526,36,234,4,119,53,1,True
EUW1_7561327962,15.20.717.2831,420,1566,CLASSIC,0,107,200,126,134,78,1,246,238,-1,-1,27,14,76,133,221,526,114,59,61,222,111,0,True
EUW1_7561358004,15.20.717.2831,420,2220,CLASSIC,1,107,555,-1,2,28,0,64,166,799,119,950,68,59,61,202,518,516,246,893,236,43,1,True
EUW1_7561385543,15.20.717.2831,420,1638,CLASSIC,1,133,131,60,27,-1,0,799,27,92,432,876,777,76,4,145,526,266,56,84,15,78,1,True
EUW1_7561402548,15.20.717.2831,420,1657,CLASSIC,1,119,800,28,246,7,0,107,246,555,27,432,54,234,103,222,497,126,59,61,22,888,1,True
EUW1_7561406826,15.20.717.2831,420,1743,CLASSIC,0,7,91,27,-1,799,1,8,523,246,201,131,24,950,76,901,526,36,5,61,804,111,0,True
EUW1_7561429831,15.20.717.2831,420,918,CLASSIC,1,432,201,114,163,91,0,76,64,83,266,246,516,200,777,800,111,106,121,105,119,526,1,True
EUW1_7561576120,15.20.717.2831,420,1754,CLASSIC,0,55,121,61,107,2,1,92,131,133,432,8,48,203,13,69,800,14,24,34,222,60,0,True
EUW1_7561604610,15.20.717.2831,420,1674,CLASSIC,0,432,799,111,58,233,1,119,92,246,166,222,897,62,3,804,412,266,131,4,202,526,0,True
EUW1_7561629690,15.20.717.2831,420,1622,CLASSIC,0,91,126,119,432,238,1,246,126,8,166,799,92,59,25,498,60,27,80,4,202,111,0,True
EUW1_7561652968,15.20.717.2831,420,1319,CLASSIC,1,432,80,119,-1,-1,0,91,43,246,92,238,897,120,115,145,555,150,421,13,804,44,1,True
EUW1_7561671423,15.20.717.2831,420,1693,CLASSIC,1,799,120,92,517,555,0,119,7,76,84,27,79,80,777,50,235,114,421,910,145,111,1,True
EUW1_7561674058,15.20.717.2831,420,1340,CLASSIC,1,145,35,84,-1,246,0,111,83,25,145,27,777,59,245,81,555,24,121,103,22,43,1,True
EUW1_7561691472,15.20.717.2831,420,2936,CLASSIC,1,27,432,555,-1,246,0,119,126,238,166,59,897,950,61,96,235,92,91,4,901,111,1,True
EUW1_7561824882,15.20.717.2831,420,1574,CLASSIC,1,119,98,-1,27,133,0,901,201,-1,893,876,897,5,103,523,43,164,78,99,145,53,1,True
EUW1_7562307798,15.20.717.2831,420,1742,CLASSIC,1,804,107,131,69,111,0,517,27,114,246,107,799,238,800,901,432,421,91,245,18,555,1,True
EUW1_7562368524,15.20.717.2831,420,1980,CLASSIC,0,246,27,91,266,432,1,91,35,43,107,-1,68,64,13,901,111,516,59,61,15,117,0,True
EUW1_7562380502,15.20.717.2831,420,2102,CLASSIC,1,804,91,27,246,54,0,91,121,-1,39,555,126,950,61,145,432,83,131,901,147,412,1,True
EUW1_7562414259,15.20.717.2831,420,1713,CLASSIC,1,-1,107,432,555,92,0,91,526,35,76,27,98,59,893,901,89,126,36,84,51,201,1,True
EUW1_7562487332,15.20.717.2831,420,1929,CLASSIC,0,40,91,163,76,432,1,40,20,432,122,246,799,59,517,804,78,68,64,39,145,43,0,True
EUW1_7562542104,15.20.717.2831,420,1465,CLASSIC,0,246,-1,119,145,107,1,27,-1,91,76,114,36,238,777,147,37,516,234,63,96,555,0,True
EUW1_7562670155,15.20.717.2831,420,1687,CLASSIC,0,246,200,245,119,895,1,555,92,895,134,91,950,238,893,523,60,14,203,75,145,40,0,True
EUW1_7562768310,15.20.717.2831,420,1684,CLASSIC,1,133,799,432,59,246,0,133,-1,246,238,107,83,80,7,222,111,31,64,103,81,43,1,True
EUW1_7562791915,15.20.717.2831,420,1953,CLASSIC,1,35,59,27,246,555,0,27,134,107,804,133,266,20,69,81,40,799,238,13,236,432,1,True
EUW1_7562803941,15.20.717.2831,420,1797,CLASSIC,1,83,85,950,432,246,0,42,888,233,799,91,13,62,61,221,117,36,234,268,901,497,1,True
EUW1_7562824214,15.20.717.2831,420,935,CLASSIC,1,107,84,246,111,98,0,119,68,246,107,-1,517,30,67,22,40,54,2,163,202,43,1,True
EUW1_7562846861,15.20.717.2831,420,1589,CLASSIC,1,67,246,111,799,233,0,27,133,80,246,91,98,62,268,51,40,58,59,134,804,43,1,True
EUW1_7562880006,15.20.717.2831,420,917,CLASSIC,0,246,25,111,58,37,1,126,84,40,78,804,799,238,134,145,412,27,245,67,21,154,0,True
EUW1_7562887430,15.20.717.2831,420,1049,CLASSIC,1,517,555,134,8,111,0,98,105,27,55,107,799,246,25,222,40,126,254,103,119,432,1,True
EUW1_7562895137,15.20.717.2831,420,2156,CLASSIC,1,78,98,89,61,40,0,4,555,201,-1,92,68,107,39,69,111,897,59,115,119,518,1,True
EUW1_7562940682,15.20.717.2831,420,1906,CLASSIC,1,107,222,-1,91,119,0,238,111,166,91,92,14,246,7,523,432,10,59,126,910,40,1,True
EUW1_7562967229,15.20.717.2831,420,1855,CLASSIC,1,246,58,68,91,107,0,799,246,555,804,126,83,62,245,42,12,74,80,134,119,526,1,True
EUW1_7562989868,15.20.717.2831,420,1137,CLASSIC,1,64,8,43,92,555,0,119,83,2,55,43,79,91,25,21,40,517,62,3,202,432,1,True
EUW1_7563023829,15.20.717.2831,420,1658,CLASSIC,0,61,119,246,133,799,1,91,517,67,126,107,893,59,69,42,12,74,2,4,15,40,0,True
EUW1_7563068012,15.20.717.2831,420,931,CLASSIC,0,27,238,799,-1,-1,1,555,131,246,2,126,887,5,245,804,37,74,59,84,222,117,0,True
EUW1_7563091077,15.20.717.2831,420,1548,CLASSIC,0,74,7,40,2,246,1,799,84,24,246,133,897,79,157,901,432,106,234,166,29,555,0,True
EUW1_7563135811,15.20.717.2831,420,1684,CLASSIC,1,111,76,114,-1,555,0,7,117,246,39,55,64,25,266,145,518,24,62,84,222,40,1,True
EUW1_7563149738,15.20.717.2831,420,1869,CLASSIC,0,-1,107,233,56,246,1,40,246,91,13,3,68,64,268,42,78,98,80,55,15,432,0,True
EUW1_7563173901,15.20.717.2831,420,1715,CLASSIC,1,117,126,83,7,107,0,555,134,246,91,39,85,59,777,221,40,266,950,8,147,432,1,True
EUW1_7563229492,15.20.717.2831,420,1599,CLASSIC,1,555,517,84,246,91,0,24,27,-1,53,555,67,64,3,157,40,777,36,910,161,518,1,True
EUW1_7563233307,15.20.717.2831,420,1859,CLASSIC,1,76,126,432,555,39,0,91,-1,-1,-1,27,6,59,166,96,497,83,64,13,901,12,1,True
EUW1_7563287922,15.20.717.2831,420,919,CLASSIC,0,61,-1,-1,27,117,1,133,246,55,92,64,76,238,134,202,40,166,91,112,804,12,0,True
EUW1_7563299521,15.20.717.2831,420,1635,CLASSIC,1,119,-1,58,126,238,0,-1,133,-1,161,27,799,517,15,236,350,421,106,103,901,526,1,True
EUW1_7563318493,15.20.717.2831,420,1187,CLASSIC,0,166,58,91,2,83,1,117,246,78,238,92,799,254,4,145,555,31,59,61,222,40,0,True
EUW1_7563364332,15.20.717.2831,420,1749,CLASSIC,1,7,27,48,-1,555,0,-1,18,107,13,74,68,2,245,202,412,83,427,105,81,526,1,True
EUW1_7563395580,15.20.717.2831,420,1265,CLASSIC,0,897,-1,119,-1,81,1,37,238,114,117,-1,799,59,163,145,555,804,246,142,516,40,0,True
EUW1_7563449288,15.20.717.2831,420,1416,CLASSIC,0,78,83,-1,432,7,1,246,36,91,201,92,54,517,221,157,40,98,64,13,804,111,0,True
EUW1_7563511502,15.20.717.2831,420,1926,CLASSIC,1,517,78,3,246,526,0,111,76,119,7,799,14,245,711,804,555,114,234,13,81,40,1,True
EUW1_7563617819,15.20.717.2831,420,1758,CLASSIC,0,246,133,122,119,78,1,-1,-1,24,76,246,14,5,893,15,37,31,64,45,222,117,0,True
EUW1_7563716932,15.20.717.2831,420,1674,CLASSIC,1,266,-1,-1,107,133,0,15,432,91,131,133,36,246,4,115,43,799,76,800,51,223,1,True
EUW1_7563756382,15.20.717.2831,420,1558,CLASSIC,1,27,39,45,133,432,0,36,24,246,76,122,266,5,893,804,111,126,64,13,51,555,1,True
EUW1_7563904405,15.20.717.2831,420,1458,CLASSIC,1,133,117,800,106,7,0,246,526,119,91,7,126,20,517,236,40,83,113,61,145,111,1,True
EUW1_7563922132,15.20.717.2831,420,1798,CLASSIC,0,83,40,126,555,517,1,20,91,13,804,126,85,64,3,901,161,67,36,84,115,43,0,True
EUW1_7563989801,15.20.717.2831,420,1799,CLASSIC,0,27,105,555,78,246,1,799,126,432,134,-1,150,517,777,15,43,92,80,893,910,40,0,True
EUW1_7564014274,15.20.717.2831,420,911,CLASSIC,1,238,58,555,432,107,0,59,27,78,555,166,799,246,134,51,526,266,77,30,81,497,1,True
EUW1_7564018157,15.20.717.2831,420,1734,CLASSIC,1,78,901,35,107,69,0,799,80,119,-1,64,893,246,13,145,555,57,234,84,498,40,1,True
EUW1_7564059868,15.20.717.2831,420,1657,CLASSIC,1,107,555,799,35,432,0,61,799,91,43,15,150,59,163,901,40,79,421,777,69,53,1,True
EUW1_7564065918,15.20.717.2831,420,1879,CLASSIC,0,888,58,432,121,-1,1,-1,-1,91,432,64,799,234,893,96,111,266,131,39,901,40,0,True
EUW1_7564084237,15.20.717.2831,420,1532,CLASSIC,1,107,901,25,111,83,0,-1,27,133,107,42,85,427,777,145,526,24,91,893,804,12,1,True
EUW1_7564098169,15.20.717.2831,420,2052,CLASSIC,1,799,804,91,432,13,0,91,107,555,246,92,114,245,42,910,40,517,59,3,901,111,1,True
EUW1_7564106188,15.20.717.2831,420,1175,CLASSIC,1,888,64,107,-1,201,0,-1,-1,-1,133,555,58,234,115,30,53,106,76,39,157,40,1,True
EUW1_7564126464,15.20.717.2831,420,1789,CLASSIC,1,246,238,268,2,350,0,246,114,85,42,238,133,59,893,804,497,266,5,134,51,43,1,True
EUW1_7564131978,15.20.717.2831,420,1930,CLASSIC,0,25,122,119,238,555,1,112,893,-1,126,29,24,246,7,523,40,897,27,134,222,432,0,True
EUW1_7564146954,15.20.717.2831,420,913,CLASSIC,1,91,238,246,107,161,0,555,92,8,111,134,64,163,18,145,518,114,75,61,901,40,1,True
EUW1_7564187521,15.20.717.2831,420,1703,CLASSIC,1,901,246,166,145,-1,0,-1,25,234,246,126,150,76,800,429,412,27,950,157,142,40,1,True
EUW1_7564192352,15.20.717.2831,420,1579,CLASSIC,1,-1,107,92,526,27,0,40,234,555,246,107,68,64,517,81,78,799,131,18,145,12,1,True
EUW1_7564203956,15.20.717.2831,420,1777,CLASSIC,1,114,84,246,91,59,0,497,238,246,14,799,98,35,517,18,526,240,80,163,901,555,1,True
EUW1_7564225128,15.20.717.2831,420,1710,CLASSIC,0,107,98,119,526,13,1,107,799,36,517,432,126,106,55,800,34,79,246,3,22,60,0,True
EUW1_7564243473,15.20.717.2831,420,1443,CLASSIC,0,238,7,117,85,800,1,-1,246,799,555,59,68,62,157,21,40,126,5,134,145,518,0,True
EUW1_7564257918,15.20.717.2831,420,1628,CLASSIC,0,517,2,119,55,39,1,799,28,555,201,107,24,5,61,804,37,84,80,246,51,26,0,True
EUW1_7564287505,15.20.717.2831,420,1164,CLASSIC,0,-1,246,166,91,7,1,13,246,238,119,35,517,80,804,498,497,68,64,55,145,201,0,True
EUW1_7564289592,15.20.717.2831,420,1496,CLASSIC,0,35,893,84,119,126,1,246,117,-1,799,68,897,76,163,42,555,67,234,7,81,40,0,True
EUW1_7564302985,15.20.717.2831,420,1688,CLASSIC,1,238,39,432,117,107,0,126,145,555,893,43,36,950,103,498,518,27,64,3,222,44,1,True
EUW1_7564317917,15.20.717.2831,420,1838,CLASSIC,1,55,64,114,497,799,0,91,799,59,-1,60,106,131,80,523,555,126,234,13,804,888,1,True
EUW1_7564334569,15.20.717.2831,420,1400,CLASSIC,1,126,91,555,13,122,0,27,166,60,799,234,14,246,55,42,40,240,950,61,901,526,1,True
EUW1_7564361175,15.20.717.2831,420,1380,CLASSIC,1,9,432,-1,246,-1,0,107,-1,432,145,126,266,59,893,22,12,27,91,517,804,111,1,True
EUW1_7564388027,15.20.717.2831,420,2135,CLASSIC,0,133,114,246,238,107,1,-1,166,75,91,119,126,36,96,804,432,799,64,61,63,267,0,True
EUW1_7564419978,15.20.717.2831,420,2021,CLASSIC,1,555,166,246,901,27,0,91,246,35,901,893,126,59,61,22,43,14,163,3,236,201,1,True
EUW1_7564456107,15.20.717.2831,420,1214,CLASSIC,0,517,-1,91,235,246,1,91,238,246,555,157,799,64,61,81,111,58,163,7,901,40,0,True
EUW1_7564479092,15.20.717.2831,420,912,CLASSIC,1,64,39,163,246,58,0,119,-1,-1,134,-1,799,91,115,804,60,893,950,26,145,555,1,True
EUW1_7564502782,15.20.717.2831,420,1696,CLASSIC,1,119,13,497,238,-1,0,234,238,126,432,800,17,246,3,22,555,83,35,61,18,111,1,True
EUW1_7564654812,15.20.717.2831,420,1474,CLASSIC,0,92,-1,126,107,246,1,246,555,61,78,126,27,91,901,202,161,85,36,141,22,40,0,True
EUW1_7564698046,15.20.717.2831,420,1815,CLASSIC,0,-1,27,13,119,246,1,126,107,804,-1,40,17,59,90,222,117,6,238,105,523,526,0,True
EUW1_7564762772,15.20.717.2831,420,1673,CLASSIC,0,-1,246,58,40,27,1,-1,119,55,555,-1,92,64,134,901,53,126,517,893,222,117,0,True
EUW1_7564778354,15.20.717.2831,420,1317,CLASSIC,0,91,114,30,145,517,1,-1,246,555,13,887,164,131,23,81,12,98,59,55,15,60,0,True
EUW1_7564820406,15.20.717.2831,420,1628,CLASSIC,1,111,92,-1,555,-1,0,432,114,24,246,-1,887,238,3,901,40,799,76,166,110,60,1,True
EUW1_7564885055,15.20.717.2831,420,1554,CLASSIC,0,246,555,91,166,950,1,111,238,166,24,-1,893,64,134,901,60,133,5,163,115,40,0,True
EUW1_7564938528,15.20.717.2831,420,1583,CLASSIC,1,111,-1,133,27,166,0,950,-1,91,238,28,14,59,163,901,40,875,246,142,51,555,1,True
EUW1_7564965699,15.20.717.2831,420,910,CLASSIC,1,246,432,234,126,-1,0,432,44,27,91,126,897,238,103,202,53,92,76,3,51,223,1,True
EUW1_7564998657,15.20.717.2831,420,2052,CLASSIC,1,145,432,111,893,134,0,40,238,245,163,901,69,234,61,29,117,36,517,910,246,526,1,True
EUW1_7565018155,15.20.717.2831,420,1769,CLASSIC,1,78,246,39,91,134,0,91,60,107,78,432,266,30,133,15,497,799,62,103,804,555,1,True
EUW1_7565034416,15.20.717.2831,420,1691,CLASSIC,1,126,555,-1,246,-1,0,91,432,58,245,555,27,64,163,202,78,92,59,134,42,40,1,True
EUW1_7565049399,15.20.717.2831,420,1776,CLASSIC,0,91,35,246,39,238,1,133,200,91,119,246,266,106,893,804,526,114,234,134,22,111,0,True
EUW1_7565066900,15.20.717.2831,420,1502,CLASSIC,1,111,-1,246,40,24,0,238,804,40,901,61,950,59,268,523,43,14,5,3,115,432,1,True
EUW1_7565084372,15.20.717.2831,420,1613,CLASSIC,0,78,91,111,555,14,1,133,134,238,107,119,41,246,13,115,40,897,131,517,51,60,0,True
EUW1_7565102776,15.20.717.2831,420,1628,CLASSIC,0,246,24,126,238,555,1,59,64,78,126,517,114,76,893,901,40,85,200,103,145,526,0,True
EUW1_7565156491,15.20.717.2831,420,1953,CLASSIC,1,72,555,91,98,893,0,106,107,432,39,114,24,5,517,22,526,86,203,3,29,40,1,True
EUW1_7565242063,15.20.717.2831,420,1773,CLASSIC,0,64,895,55,893,246,1,238,7,35,246,91,114,59,84,202,40,799,20,240,115,555,0,True
EUW1_7565296612,15.20.717.2831,420,1256,CLASSIC,1,83,126,246,59,-1,0,24,246,893,799,55,85,238,163,18,12,14,517,103,48,235,1,True
EUW1_7565303353,15.20.717.2831,420,1884,CLASSIC,0,126,166,555,432,246,1,91,-1,555,804,126,92,121,61,901,53,27,35,39,21,40,0,True
EUW1_7565306704,15.20.717.2831,420,2102,CLASSIC,1,27,901,-1,799,201,0,432,19,64,84,114,24,59,61,51,800,36,131,157,202,43,1,True
EUW1_7565335126,15.20.717.2831,420,1620,CLASSIC,0,246,119,78,25,91,1,222,83,64,126,7,69,56,134,145,497,85,59,61,523,555,0,True
EUW1_7565350429,15.20.717.2831,420,1464,CLASSIC,0,246,799,54,432,91,1,91,84,119,246,555,92,59,893,804,117,133,35,61,221,26,0,True
EUW1_7565401054,15.20.717.2831,420,1750,CLASSIC,1,555,111,234,432,7,0,234,432,222,7,799,14,238,39,800,40,31,76,777,236,267,1,True
EUW1_7565454481,15.20.717.2831,420,1549,CLASSIC,0,-1,7,432,119,40,1,555,53,799,-1,432,126,59,61,901,111,887,62,238,51,43,0,True
EUW1_7565514537,15.20.717.2831,420,2424,CLASSIC,1,7,35,234,799,98,0,-1,62,246,145,432,897,80,163,804,111,83,238,134,901,497,1,True
EUW1_7565518563,15.20.717.2831,420,1673,CLASSIC,0,98,134,555,35,48,1,888,19,-1,126,254,150,246,133,161,40,27,234,4,804,111,0,True
EUW1_7565578506,15.20.717.2831,420,2123,CLASSIC,0,888,799,246,-1,555,1,107,432,13,27,201,516,234,45,15,161,150,62,55,145,800,0,True
EUW1_7565615460,15.20.717.2831,420,1211,CLASSIC,0,27,83,133,126,40,1,69,7,111,35,60,85,131,777,804,78,14,154,39,145,43,0,True
EUW1_7565639099,15.20.717.2831,420,1537,CLASSIC,0,126,555,799,10,246,1,27,35,40,84,91,6,950,3,81,161,17,238,163,15,432,0,True
EUW1_7565654160,15.20.717.2831,420,1762,CLASSIC,0,246,-1,60,-1,799,1,98,64,901,13,107,150,234,142,804,117,897,91,55,18,111,0,True
EUW1_7565672213,15.20.717.2831,420,1709,CLASSIC,0,-1,111,107,122,-1,1,888,555,122,8,7,68,246,34,81,40,516,234,893,901,60,0,True
EUW1_7565712628,15.20.717.2831,420,1773,CLASSIC,0,40,799,39,526,84,1,107,799,555,246,55,68,950,36,51,432,126,5,61,15,117,0,True
EUW1_7565739949,15.20.717.2831,420,1546,CLASSIC,1,37,246,76,67,26,0,35,234,804,61,36,19,59,517,222,432,68,131,238,910,40,1,True
EUW1_7565767644,15.20.717.2831,420,1180,CLASSIC,1,142,98,35,238,432,0,799,-1,76,-1,432,24,5,163,145,117,36,517,67,222,555,1,True
EUW1_7565791040,15.20.717.2831,420,1734,CLASSIC,0,-1,119,432,91,126,1,246,799,91,-1,39,27,64,7,523,40,893,59,14,222,117,0,True
EUW1_7565804430,15.20.717.2831,420,1100,CLASSIC,1,238,37,35,36,142,0,76,-1,799,122,-1,14,163,42,145,432,24,517,67,800,68,1,True
EUW1_7565850695,15.20.717.2831,420,918,CLASSIC,1,26,83,22,-1,432,0,36,40,120,35,83,85,5,163,236,43,8,131,81,157,12,1,True
EUW1_7565881812,15.20.717.2831,420,1737,CLASSIC,1,8,40,-1,25,126,0,64,78,7,85,799,74,254,142,145,111,83,91,893,42,154,1,True
EUW1_7565909873,15.20.717.2831,420,934,CLASSIC,1,517,91,14,246,111,0,54,804,107,-1,119,42,245,13,222,43,67,238,8,21,412,1,True
EUW1_7565939677,15.20.717.2831,420,914,CLASSIC,0,799,-1,7,122,27,1,7,64,40,74,-1,897,517,39,45,111,24,91,61,145,89,0,True
EUW1_7565952721,15.20.717.2831,420,1575,CLASSIC,1,122,54,245,497,432,0,36,804,432,111,166,58,76,67,161,555,83,64,163,222,43,1,True
EUW1_7565994746,15.20.717.2831,420,1739,CLASSIC,1,246,61,157,-1,77,0,799,84,22,555,83,24,64,3,96,526,85,950,245,202,111,1,True
EUW1_7566017585,15.20.717.2831,420,1889,CLASSIC,1,64,122,111,161,59,0,888,54,432,-1,35,893,91,43,22,40,67,234,45,25,53,1,True
EUW1_7566104018,15.20.717.2831,420,2326,CLASSIC,0,799,517,91,164,117,1,134,555,81,91,74,86,246,245,804,40,6,234,126,161,45,0,True
EUW1_7566127527,15.20.717.2831,420,2562,CLASSIC,0,-1,166,91,126,799,1,238,27,91,246,119,897,64,61,145,12,24,106,13,29,526,0,True
EUW1_7566148074,15.20.717.2831,420,1591,CLASSIC,0,10,36,201,246,234,1,119,-1,54,91,40,79,64,69,901,800,67,60,13,15,111,0,True
EUW1_7566189882,15.20.717.2831,420,1589,CLASSIC,1,61,-1,15,234,-1,0,98,246,91,107,39,799,238,517,51,43,41,20,13,804,555,1,True
EUW1_7566207994,15.20.717.2831,420,1980,CLASSIC,0,54,76,-1,7,246,1,238,526,799,246,-1,67,59,517,18,497,157,131,84,145,111,0,True
EUW1_7566216773,15.20.717.2831,420,2196,CLASSIC,0,7,107,134,64,432,1,897,166,69,-1,38,39,60,42,119,518,157,5,163,804,201,0,True
EUW1_7566257029,15.20.717.2831,420,1263,CLASSIC,1,91,119,36,233,234,0,-1,555,804,7,91,14,64,517,51,43,266,246,103,202,432,1,True
EUW1_7566270260,15.20.717.2831,420,626,CLASSIC,0,106,76,901,246,54,1,27,-1,7,22,432,799,238,13,804,43,58,64,103,236,60,0,True
EUW1_7566283979,15.20.717.2831,420,1632,CLASSIC,1,98,60,-1,69,133,0,888,555,-1,134,-1,24,131,897,51,412,887,234,517,804,432,1,True
EUW1_7566293590,15.20.717.2831,420,974,CLASSIC,1,161,35,119,27,432,0,64,246,166,238,555,126,131,42,202,43,54,91,3,901,40,1,True
EUW1_7566325010,15.20.717.2831,420,1770,CLASSIC,1,54,166,246,-1,799,0,-1,234,64,432,246,67,5,893,18,79,157,91,134,145,60,1,True
EUW1_7566473279,15.20.717.2831,420,1737,CLASSIC,0,134,-1,64,7,27,1,555,60,238,432,114,69,246,268,901,111,240,5,103,145,40,0,True
EUW1_7566514972,15.20.717.2831,420,1336,CLASSIC,1,114,119,134,432,26,0,107,246,91,133,238,86,76,240,222,111,24,35,61,81,201,1,True
EUW1_7566593361,15.20.717.2831,420,2312,CLASSIC,1,64,166,555,58,517,0,555,60,77,91,222,92,121,3,81,412,126,950,7,901,111,1,True
EUW1_7566616795,15.20.717.2831,420,932,CLASSIC,0,76,39,91,58,61,1,55,-1,15,246,799,266,517,25,51,526,126,234,893,222,412,0,True
EUW1_7566626449,15.20.717.2831,420,1772,CLASSIC,0,111,-1,893,64,91,1,-1,166,246,7,35,14,60,126,29,80,266,76,238,804,412,0,True
EUW1_7566641446,15.20.717.2831,420,1478,CLASSIC,1,105,432,166,234,246,0,888,107,25,27,-1,893,59,163,81,12,799,91,142,145,526,1,True
EUW1_7566662255,15.20.717.2831,420,1665,CLASSIC,1,-1,432,64,54,15,0,-1,799,91,-1,24,67,121,13,18,111,166,246,80,145,60,1,True
EUW1_7566677350,15.20.717.2831,420,1736,CLASSIC,1,-1,107,133,27,25,0,246,432,-1,555,64,126,5,142,15,518,36,91,61,804,12,1,True
EUW1_7566700981,15.20.717.2831,420,102,CLASSIC,0,136,517,7,799,555,1,60,246,107,91,55,3,56,61,15,117,24,120,103,29,12,0,True
EUW1_7566715305,15.20.717.2831,420,1181,CLASSIC,1,136,54,64,166,-1,0,61,-1,119,126,22,67,91,7,800,12,58,59,69,110,43,1,True
EUW1_7566740298,15.20.717.2831,420,1620,CLASSIC,0,76,61,62,412,555,1,-1,555,497,55,126,14,246,69,222,111,799,120,103,202,161,0,True
EUW1_7566749902,15.20.717.2831,420,2211,CLASSIC,1,117,76,246,555,58,0,555,92,64,-1,-1,799,59,61,145,43,266,91,3,22,111,1,True
EUW1_7566761354,15.20.717.2831,420,1544,CLASSIC,1,7,246,38,-1,-1,0,107,59,246,26,61,68,950,777,22,555,897,245,145,119,518,1,True
EUW1_7566766604,15.20.717.2831,420,1827,CLASSIC,1,246,799,-1,238,897,0,98,91,26,238,134,77,36,42,800,555,266,163,18,25,432,1,True
EUW1_7566782674,15.20.717.2831,420,910,CLASSIC,0,246,432,89,238,76,1,163,25,555,246,126,150,64,134,145,111,266,517,69,42,43,0,True
EUW1_7566870593,15.20.717.2831,420,2088,CLASSIC,1,78,40,91,-1,134,0,157,38,134,799,114,164,76,777,901,12,64,246,133,81,432,1,True
EUW1_7566962560,15.20.717.2831,420,1722,CLASSIC,0,238,166,133,28,246,1,126,799,517,15,412,8,421,7,221,43,27,59,950,901,111,0,True
EUW1_7566971857,15.20.717.2831,420,1580,CLASSIC,0,238,555,161,-1,27,1,526,27,-1,893,107,126,246,61,429,53,83,76,6,145,111,0,True
EUW1_7566981634,15.20.717.2831,420,1823,CLASSIC,0,36,133,238,-1,246,1,134,555,78,89,83,799,64,103,18,432,79,56,42,161,43,0,True
EUW1_7567014938,15.20.717.2831,420,1514,CLASSIC,0,81,27,7,-1,555,1,555,200,432,-1,122,799,131,246,498,63,58,107,79,161,267,0,True
EUW1_7567020558,15.20.717.2831,420,1355,CLASSIC,1,234,119,64,166,126,0,15,8,-1,107,119,27,91,4,222,555,150,62,112,22,12,1,True
EUW1_7567026328,15.20.717.2831,420,913,CLASSIC,1,59,238,119,246,134,0,78,91,27,238,-1,14,131,133,145,497,83,421,1,895,555,1,True
EUW1_7567067533,15.20.717.2831,420,1374,CLASSIC,0,27,-1,35,119,91,1,91,-1,-1,107,246,799,121,163,222,3,266,59,115,51,60,0,True
EUW1_7567111260,15.20.717.2831,420,2054,CLASSIC,0,19,-1,555,133,35,1,555,107,432,27,15,14,131,163,901,78,126,59,238,115,53,0,True
EUW1_7567172819,15.20.717.2831,420,1809,CLASSIC,1,246,432,15,245,80,0,804,126,39,26,145,92,517,134,81,518,27,25,799,21,43,1,True
EUW1_7567217930,15.20.717.2831,420,911,CLASSIC,0,246,119,133,-1,91,1,517,133,126,246,120,83,62,69,51,432,24,59,50,81,60,0,True
EUW1_7567241541,15.20.717.2831,420,1629,CLASSIC,0,-1,131,26,154,27,1,-1,92,107,246,-1,897,234,142,18,201,150,59,13,119,111,0,True
EUW1_7567289739,15.20.717.2831,420,1607,CLASSIC,1,83,432,246,40,24,0,27,35,526,238,246,126,113,166,145,68,14,64,69,804,117,1,True
EUW1_7567338297,15.20.717.2831,420,2105,CLASSIC,0,-1,35,555,117,-1,1,166,897,59,24,134,41,254,103,910,12,31,234,133,498,526,0,True
EUW1_7567425654,15.20.717.2831,420,1506,CLASSIC,0,893,799,245,432,133,1,246,119,35,517,555,14,76,80,145,526,887,36,4,81,43,0,True
EUW1_7567461277,15.20.717.2831,420,1719,CLASSIC,1,246,-1,799,555,526,0,432,-1,7,51,134,14,234,800,804,40,240,143,133,222,64,1,True
EUW1_7567483947,15.20.717.2831,420,2413,CLASSIC,0,19,432,145,91,28,1,107,27,163,-1,134,897,246,61,202,60,24,876,133,42,526,0,True
EUW1_7567602059,15.20.717.2831,420,1598,CLASSIC,0,29,83,238,950,523,1,7,517,246,-1,27,893,254,13,222,497,799,59,245,901,432,0,True
EUW1_7567616035,15.20.717.2831,420,2479,CLASSIC,1,107,92,111,7,119,0,-1,107,53,55,799,897,76,13,236,497,24,238,893,81,99,1,True
EUW1_7567647504,15.20.717.2831,420,1594,CLASSIC,1,91,119,27,7,555,0,-1,60,804,246,893,126,30,163,236,201,114,950,134,145,526,1,True
EUW1_7567666994,15.20.717.2831,420,1678,CLASSIC,1,91,555,78,39,804,0,111,246,126,60,555,8,200,14,523,526,897,950,43,145,432,1,True
EUW1_7567680253,15.20.717.2831,420,1797,CLASSIC,0,55,555,114,35,107,1,-1,799,246,-1,35,245,5,163,42,40,36,64,13,145,111,0,True
EUW1_7567694632,15.20.717.2831,420,1503,CLASSIC,1,78,246,555,80,121,0,36,246,107,238,119,68,421,23,804,12,164,5,25,145,526,1,True
EUW1_7567713846,15.20.717.2831,420,1671,CLASSIC,0,799,246,111,39,119,1,799,78,55,246,91,24,60,133,18,555,85,107,7,145,497,0,True
EUW1_7567720249,15.20.717.2831,420,1958,CLASSIC,0,25,18,44,107,24,1,37,13,142,119,91,157,246,7,910,53,58,234,55,22,432,0,True
EUW1_7567728458,15.20.717.2831,420,934,CLASSIC,0,804,91,107,142,222,1,166,58,91,246,107,80,121,163,800,526,799,62,103,15,412,0,True
EUW1_7567741366,15.20.717.2831,420,2247,CLASSIC,0,555,799,238,222,246,1,246,432,517,91,126,68,234,103,901,12,92,20,910,22,16,0,True
EUW1_7567799614,15.20.717.2831,420,1367,CLASSIC,1,432,799,122,161,27,0,555,91,111,950,-1,14,246,115,804,78,36,5,13,498,89,1,True
EUW1_7567807845,15.20.717.2831,420,1660,CLASSIC,1,126,64,555,55,107,0,91,799,69,804,432,27,121,39,115,12,150,950,8,222,526,1,True
EUW1_7567817124,15.20.717.2831,420,2131,CLASSIC,0,238,58,91,8,555,1,950,24,799,107,68,92,64,13,804,12,164,246,893,800,111,0,True
EUW1_7567843761,15.20.717.2831,420,1996,CLASSIC,0,234,555,25,40,107,1,37,555,60,122,120,84,91,142,901,53,24,950,893,81,432,0,True
EUW1_7567844424,15.20.717.2831,420,1264,CLASSIC,1,35,91,-1,555,27,0,51,555,157,246,799,14,517,126,145,235,31,106,163,498,60,1,True
EUW1_7567879438,15.20.717.2831,420,1639,CLASSIC,1,432,64,58,-1,35,0,-1,-1,555,432,134,799,91,4,163,111,777,76,238,145,526,1,True
EUW1_7567897608,15.20.717.2831,420,1805,CLASSIC,1,91,246,142,107,120,0,432,59,126,804,142,68,254,96,222,412,897,106,45,21,518,1,True
EUW1_7567933615,15.20.717.2831,420,1655,CLASSIC,0,126,40,15,-1,91,1,119,799,246,80,134,27,5,39,523,412,92,62,711,145,555,0,True
EUW1_7567938796,15.20.717.2831,420,1311,CLASSIC,1,45,246,59,25,107,0,432,901,799,-1,166,54,36,142,804,44,24,76,99,22,412,1,True
EUW1_7567947817,15.20.717.2831,420,1897,CLASSIC,0,432,-1,27,24,35,1,234,84,246,91,59,14,80,142,51,555,875,60,238,800,412,0,True
EUW1_7567980691,15.20.717.2831,420,1803,CLASSIC,0,107,27,-1,-1,58,1,134,107,238,35,54,92,59,142,115,111,67,163,45,51,555,0,True
EUW1_7567994341,15.20.717.2831,420,1719,CLASSIC,1,56,91,497,134,58,0,-1,107,133,246,166,799,131,25,51,80,24,120,61,96,555,1,True
EUW1_7568024228,15.20.717.2831,420,914,CLASSIC,1,91,107,40,58,59,0,91,-1,114,-1,107,92,35,4,498,497,64,246,893,145,12,1,True
EUW1_7568062854,15.20.717.2831,420,1011,CLASSIC,1,107,126,246,10,40,0,876,7,126,42,-1,68,59,39,804,518,92,76,64,145,111,1,True
EUW1_7568080761,15.20.717.2831,420,2434,CLASSIC,0,78,83,119,115,432,1,98,107,-1,555,7,893,64,163,901,12,13,59,910,15,43,0,True
EUW1_7568095805,15.20.717.2831,420,1428,CLASSIC,1,64,246,526,19,40,0,432,246,-1,555,126,68,121,39,804,497,799,59,61,523,888,1,True
EUW1_7568103520,15.20.717.2831,420,1598,CLASSIC,1,78,134,58,-1,246,0,91,246,107,59,238,92,76,13,202,432,897,131,157,145,12,1,True
EUW1_7568137768,15.20.717.2831,420,1621,CLASSIC,1,246,8,-1,804,78,0,13,27,59,-1,28,897,80,69,145,526,24,64,517,18,12,1,True
EUW1_7568146941,15.20.717.2831,420,915,CLASSIC,0,27,555,119,59,107,1,555,115,40,126,246,24,5,61,222,201,68,163,39,145,53,0,True
EUW1_7568180042,15.20.717.2831,420,2318,CLASSIC,0,246,55,161,43,107,1,115,432,119,-1,126,83,131,39,42,12,114,76,163,901,89,0,True
EUW1_7568187967,15.20.717.2831,420,1052,CLASSIC,1,27,246,39,517,163,0,161,-1,28,-1,804,799,64,268,18,78,68,421,3,145,526,1,True
EUW1_7568209731,15.20.717.2831,420,1483,CLASSIC,0,78,27,526,25,246,1,432,-1,27,555,134,799,59,142,81,43,421,80,103,145,111,0,True
EUW1_7568220345,15.20.717.2831,420,1410,CLASSIC,1,13,133,950,77,246,0,246,64,119,35,799,24,104,517,22,526,79,91,800,145,555,1,True
EUW1_7568274720,15.20.717.2831,420,1488,CLASSIC,0,134,107,432,35,246,1,804,76,897,25,432,58,64,163,133,142,60,56,7,145,555,0,True
EUW1_7568290014,15.20.717.2831,420,2360,CLASSIC,1,-1,35,497,58,804,0,68,517,950,22,27,897,246,13,222,555,901,245,126,145,526,1,True
EUW1_7568546894,15.20.717.2831,420,1529,CLASSIC,0,119,114,246,222,107,1,107,145,7,134,22,950,427,236,804,78,69,76,901,429,201,0,True
EUW1_7568578474,15.20.717.2831,420,1533,CLASSIC,1,107,-1,246,555,-1,0,22,24,-1,64,27,14,517,115,222,412,67,59,4,42,111,1,True
EUW1_7568663762,15.20.719.545,420,1496,CLASSIC,1,126,4,119,201,246,0,238,54,555,27,78,14,254,131,145,53,67,200,45,42,12,1,True
EUW1_7568697153,15.20.719.545,420,2144,CLASSIC,0,107,246,145,54,119,1,119,201,78,517,55,67,238,134,804,117,79,91,13,523,53,0,True
EUW1_7568728790,15.20.719.545,420,2154,CLASSIC,1,54,201,61,107,91,0,246,555,119,91,238,67,59,8,145,53,84,30,901,236,16,1,True
EUW1_7568858335,15.20.719.545,420,1643,CLASSIC,1,246,55,164,17,238,0,64,246,122,42,432,777,20,518,804,555,14,91,84,222,117,1,True
EUW1_7568897211,15.20.719.545,420,1781,CLASSIC,0,91,246,166,62,119,1,59,35,91,246,27,14,238,163,51,412,799,64,61,22,12,0,True
EUW1_7568937546,15.20.719.545,420,1147,CLASSIC,0,114,91,166,804,432,1,27,64,497,67,119,58,254,142,202,526,19,238,893,22,12,0,True
EUW1_7568961190,15.20.719.545,420,1339,CLASSIC,1,107,27,517,238,246,0,246,119,432,91,59,68,62,61,22,497,897,163,134,222,555,1,True
EUW1_7569048556,15.20.719.545,420,1659,CLASSIC,0,98,555,91,238,122,1,555,893,432,134,114,14,246,517,161,526,897,104,26,523,12,0,True
EUW1_7569054806,15.20.719.545,420,1607,CLASSIC,0,246,55,-1,555,122,1,246,555,517,51,893,266,104,13,145,53,114,245,69,498,432,0,True
EUW1_7569077625,15.20.719.545,420,1872,CLASSIC,1,107,34,246,238,8,0,26,91,126,61,246,893,5,163,119,555,74,104,10,221,60,1,True
EUW1_7569079595,15.20.719.545,420,1507,CLASSIC,1,-1,78,27,-1,246,0,119,59,91,27,126,897,154,268,523,412,92,238,4,145,555,1,True
EUW1_7569092601,15.20.719.545,420,1705,CLASSIC,0,2,517,51,60,555,1,59,888,555,246,61,133,245,45,498,68,3,234,85,804,432,0,True
EUW1_7569110281,15.20.719.545,420,1410,CLASSIC,1,166,517,122,91,27,0,-1,134,246,42,804,126,72,245,901,78,799,64,26,429,555,1,True
EUW1_7569133640,15.20.719.545,420,1534,CLASSIC,1,517,246,164,78,58,0,126,238,59,-1,432,92,245,518,145,37,31,62,61,804,12,1,True
EUW1_7569148065,15.20.719.545,420,1139,CLASSIC,1,893,555,119,7,54,0,246,7,119,-1,432,133,106,163,26,12,266,238,3,145,111,1,True
EUW1_7569165841,15.20.719.545,420,939,CLASSIC,0,134,78,234,119,27,1,126,246,43,107,28,68,59,893,222,555,6,950,142,804,432,0,True
EUW1_7569175999,15.20.719.545,420,1888,CLASSIC,1,238,-1,-1,80,166,0,27,246,555,107,91,799,59,268,804,4,58,950,13,51,43,1,True
EUW1_7569182271,15.20.719.545,420,1761,CLASSIC,0,35,517,246,58,432,1,91,35,555,39,78,92,131,157,15,245,799,154,13,51,147,0,True
EUW1_7569188145,15.20.719.545,420,1775,CLASSIC,1,-1,51,517,114,134,0,888,122,59,555,13,897,120,26,498,60,14,234,3,145,12,1,True
EUW1_7569205588,15.20.719.545,420,1587,CLASSIC,0,91,27,35,246,555,1,107,246,91,-1,432,58,234,13,804,12,799,950,61,222,16,0,True
EUW1_7569230859,15.20.719.545,420,1395,CLASSIC,0,64,61,246,58,38,1,76,432,4,-1,246,799,91,166,96,555,126,950,268,202,497,0,True
EUW1_7569239652,15.20.719.545,420,2118,CLASSIC,1,114,555,59,7,517,0,119,166,78,555,107,266,245,910,15,53,133,950,84,161,412,1,True
EUW1_7569253785,15.20.719.545,420,1418,CLASSIC,0,107,7,64,27,35,1,432,107,91,134,-1,68,59,157,145,555,893,950,711,498,497,0,True
EUW1_7569262320,15.20.719.545,420,1435,CLASSIC,1,30,27,238,134,126,0,350,145,555,60,246,240,64,69,804,432,68,950,8,81,78,1,True
EUW1_7569298426,15.20.719.545,420,1583,CLASSIC,0,119,497,78,7,24,1,555,166,517,134,-1,799,9,157,222,518,58,245,126,26,412,0,True
EUW1_7569303530,15.20.719.545,420,1100,CLASSIC,1,64,13,-1,27,555,0,238,80,91,78,27,58,517,55,222,526,266,60,8,804,164,1,True
EUW1_7569320820,15.20.719.545,420,2368,CLASSIC,0,64,126,432,246,35,1,246,14,9,141,27,240,91,13,81,43,164,238,61,804,497,0,True
EUW1_7569445693,15.20.719.545,420,1655,CLASSIC,0,59,17,238,-1,13,1,432,-1,17,166,91,14,950,61,804,111,31,246,893,222,497,0,True
EUW1_7569529292,15.20.719.545,420,1531,CLASSIC,1,59,-1,-1,38,-1,0,61,246,91,69,64,266,62,3,145,412,164,131,8,81,78,1,True
EUW1_7569568172,15.20.719.545,420,1433,CLASSIC,1,8,24,134,78,-1,0,60,59,-1,266,246,126,91,3,115,555,83,64,84,145,117,1,True
EUW1_7569604683,15.20.719.545,420,1937,CLASSIC,0,246,107,-1,238,64,1,-1,5,246,91,-1,897,121,103,523,412,164,80,61,96,60,0,True
EUW1_7569624208,15.20.719.545,420,1674,CLASSIC,0,799,555,-1,-1,91,1,114,59,246,238,76,68,517,126,901,432,516,121,163,804,60,0,True
EUW1_7569631313,15.20.719.545,420,915,CLASSIC,1,39,-1,134,200,238,0,64,107,91,119,-1,799,80,4,804,111,14,121,103,145,526,1,True
EUW1_7569661690,15.20.719.545,420,1708,CLASSIC,1,2,59,60,-1,114,0,7,107,2,-1,91,897,131,61,804,555,150,64,3,145,518,1,True
EUW1_7569736194,15.20.719.545,420,1867,CLASSIC,0,107,29,114,59,555,1,246,91,107,555,134,83,30,101,81,40,39,76,268,22,16,0,True
EUW1_7569753610,15.20.719.545,420,1809,CLASSIC,1,555,9,59,35,799,0,114,201,107,91,134,14,131,246,145,16,126,143,268,119,111,1,True
EUW1_7569773129,15.20.719.545,420,940,CLASSIC,1,55,555,432,126,238,0,142,555,246,800,27,54,121,84,115,526,517,24,134,96,235,1,True
EUW1_7569780945,15.20.719.545,420,1898,CLASSIC,1,35,78,166,119,24,0,893,238,246,91,55,157,59,142,18,111,114,254,115,81,432,1,True
EUW1_7569783349,15.20.719.545,420,1665,CLASSIC,1,-1,254,145,84,799,0,145,-1,51,555,78,67,76,83,202,526,8,60,92,81,497,1,True
EUW1_7569799933,15.20.719.545,420,1592,CLASSIC,1,7,117,119,27,35,0,555,517,246,238,119,799,254,245,145,44,58,107,134,26,40,1,True
EUW1_7569804035,15.20.719.545,420,1551,CLASSIC,1,37,91,-1,67,246,0,246,134,62,238,432,126,517,112,51,57,42,98,7,202,43,1,True
EUW1_7569819431,15.20.719.545,420,1580,CLASSIC,0,58,238,555,107,27,1,119,166,54,-1,91,799,59,893,901,43,67,5,268,22,412,0,True
EUW1_7569827192,15.20.719.545,420,1278,CLASSIC,0,238,246,43,25,134,1,91,12,166,78,39,14,59,26,222,518,98,35,103,360,412,0,True
EUW1_7569847814,15.20.719.545,420,1349,CLASSIC,1,22,246,98,804,238,0,246,119,-1,92,555,799,77,42,134,78,240,254,112,901,12,1,True
EUW1_7569868745,15.20.719.545,420,1817,CLASSIC,1,77,555,246,8,134,0,246,91,114,107,432,14,11,26,202,497,897,59,268,145,412,1,True
EUW1_7569874821,15.20.719.545,420,1701,CLASSIC,1,799,163,27,28,107,0,54,126,246,804,-1,13,62,157,15,12,92,131,67,202,497,1,True
EUW1_7569891551,15.20.719.545,420,1688,CLASSIC,0,84,246,-1,122,7,1,-1,122,222,107,55,897,104,134,804,43,421,238,13,51,111,0,True
EUW1_7569909579,15.20.719.545,420,1721,CLASSIC,1,-1,246,67,-1,166,0,19,51,246,555,-1,893,59,13,145,432,799,131,134,804,117,1,True
EUW1_7569921992,15.20.719.545,420,1689,CLASSIC,1,119,238,-1,61,24,0,91,145,800,67,55,14,517,166,222,43,799,107,910,51,518,1,True
EUW1_7569923453,15.20.719.545,420,1812,CLASSIC,0,119,-1,222,246,91,1,517,799,134,246,51,266,59,3,910,111,122,120,26,800,117,0,True
EUW1_7569932862,15.20.719.545,420,1801,CLASSIC,0,246,-1,427,78,-1,1,246,64,60,-1,804,516,59,142,202,43,266,91,13,498,555,0,True
EUW1_7569953597,15.20.719.545,420,974,CLASSIC,0,91,107,246,24,61,1,91,37,54,84,246,83,131,166,804,111,67,64,245,22,432,0,True
EUW1_7569968781,15.20.719.545,420,1579,CLASSIC,0,64,119,555,98,55,1,804,54,38,61,27,79,91,893,145,518,83,421,67,21,53,0,True
EUW1_7570008686,15.20.719.545,420,1647,CLASSIC,1,64,67,20,-1,246,0,-1,55,24,432,54,85,91,13,804,117,29,517,166,81,142,1,True
EUW1_7570022734,15.20.719.545,420,2048,CLASSIC,1,-1,40,119,64,67,0,37,38,246,92,238,19,91,84,236,267,14,59,142,804,432,1,True
EUW1_7570061922,15.20.719.545,420,1202,CLASSIC,1,60,54,166,91,432,0,24,91,119,67,-1,799,517,29,202,43,92,163,133,145,80,1,True
EUW1_7570084415,15.20.719.545,420,1569,CLASSIC,0,91,131,7,246,122,1,45,246,432,122,8,799,106,893,51,555,68,59,163,498,497,0,True
EUW1_7570084638,15.20.719.545,420,1681,CLASSIC,1,145,35,37,245,-1,0,432,200,91,126,254,114,246,79,81,57,27,163,42,15,526,1,True
EUW1_7570116834,15.20.719.545,420,1804,CLASSIC,0,246,119,25,14,7,1,134,222,246,107,114,897,59,893,145,412,516,238,26,236,40,0,True
EUW1_7570133982,15.20.719.545,420,1824,CLASSIC,0,8,246,-1,55,131,1,80,37,166,234,799,875,254,893,15,43,92,6,910,804,432,0,True
EUW1_7570161153,15.20.719.545,420,1861,CLASSIC,1,119,888,517,222,7,0,238,91,-1,126,78,887,234,85,804,40,77,143,18,202,111,1,True
EUW1_7570176787,15.20.719.545,420,1669,CLASSIC,0,133,91,30,43,107,1,134,517,246,-1,-1,126,5,910,119,44,14,234,163,26,432,0,True
EUW1_7570208302,15.20.719.545,420,1591,CLASSIC,0,126,432,89,35,25,1,246,111,91,145,27,69,64,142,901,12,24,60,134,429,78,0,True
EUW1_7570216957,15.20.719.545,420,1407,CLASSIC,1,888,432,92,44,246,0,555,887,-1,246,238,83,234,517,523,518,39,20,61,22,526,1,True
EUW1_7570259218,15.20.719.545,420,1347,CLASSIC,1,91,20,60,81,126,0,432,145,246,64,799,27,59,245,110,45,897,121,134,804,201,1,True
EUW1_7570265040,15.20.719.545,420,1798,CLASSIC,0,246,134,157,121,91,1,804,107,246,134,517,86,60,166,7,80,122,64,26,22,245,0,True
EUW1_7570304584,15.20.719.545,420,1884,CLASSIC,1,432,246,122,107,238,0,7,91,246,238,-1,897,950,45,145,497,10,131,157,81,43,1,True
EUW1_7570328152,15.20.719.545,420,1497,CLASSIC,1,58,555,131,246,7,0,246,-1,804,64,901,92,121,105,115,37,897,91,134,22,60,1,True
EUW1_7570358988,15.20.719.545,420,2472,CLASSIC,1,555,238,-1,246,91,0,238,81,27,64,78,133,57,84,202,432,92,121,61,221,45,1,True
EUW1_7570367259,15.20.719.545,420,1454,CLASSIC,0,246,107,432,134,119,1,115,107,246,950,-1,799,59,61,222,497,58,80,163,145,555,0,True
EUW1_7570389663,15.20.719.545,420,1850,CLASSIC,0,64,61,22,432,122,1,134,119,39,517,91,14,238,69,236,267,164,36,245,901,412,0,True
EUW1_7570419563,15.20.719.545,420,1742,CLASSIC,0,246,7,107,432,163,1,24,7,119,163,126,39,876,897,804,60,114,200,157,22,518,0,True
EUW1_7570456498,15.20.719.545,420,1475,CLASSIC,0,7,201,266,555,91,1,432,7,799,517,122,41,80,163,42,111,68,246,84,51,910,0,True
EUW1_7570475070,15.20.719.545,420,1755,CLASSIC,0,13,432,246,-1,78,1,119,-1,2,432,107,55,14,126,202,267,90,59,901,222,40,0,True
EUW1_7570527270,15.20.719.545,420,1794,CLASSIC,0,804,64,54,60,432,1,27,799,134,246,163,69,91,13,21,526,43,131,126,901,78,0,True
EUW1_7570534732,15.20.719.545,420,1643,CLASSIC,0,-1,799,39,13,246,1,7,-1,517,-1,78,266,80,55,115,555,92,163,84,145,497,0,True
EUW1_7570553101,15.20.719.545,420,1457,CLASSIC,1,13,107,555,246,901,0,238,91,246,107,517,58,76,39,115,432,24,20,3,51,111,1,True
EUW1_7570554968,15.20.719.545,420,1207,CLASSIC,0,-1,119,517,34,91,1,7,39,517,119,78,75,246,50,222,43,133,131,13,81,79,0,True
EUW1_7570576176,15.20.719.545,420,1567,CLASSIC,1,-1,432,134,555,24,0,27,83,246,59,76,39,64,163,804,888,6,62,61,523,78,1,True
EUW1_7570582372,15.20.719.545,420,1926,CLASSIC,0,91,134,119,246,799,1,131,799,238,91,-1,266,20,69,901,432,14,234,115,222,89,0,True
EUW1_7570588330,15.20.719.545,420,1532,CLASSIC,1,36,7,34,246,119,0,266,145,246,799,13,2,80,268,202,497,150,56,55,81,526,1,True
EUW1_7570595262,15.20.719.545,420,1581,CLASSIC,0,91,7,246,555,39,1,22,246,7,555,114,126,234,84,51,223,897,59,893,236,267,0,True
EUW1_7570604792,15.20.719.545,420,1285,CLASSIC,0,27,222,157,799,126,1,107,28,246,555,-1,266,131,4,523,201,10,950,25,804,12,0,True
EUW1_7570614448,15.20.719.545,420,1247,CLASSIC,0,-1,91,133,201,24,1,-1,122,59,804,27,39,64,517,523,53,421,246,61,145,111,0,True
EUW1_7570633687,15.20.719.545,420,1443,CLASSIC,1,64,134,246,799,166,0,36,134,246,119,2,240,91,142,222,412,150,876,61,42,111,1,True
EUW1_7570669850,15.20.719.545,420,1918,CLASSIC,0,76,134,555,126,91,1,201,246,59,893,64,27,238,133,96,235,266,121,61,51,53,0,True
EUW1_7570705305,15.20.719.545,420,2079,CLASSIC,0,35,60,246,27,8,1,-1,555,119,246,133,83,517,777,145,111,14,141,910,498,40,0,True
EUW1_7570827869,15.20.719.545,420,1479,CLASSIC,0,35,8,164,555,119,1,91,893,114,27,246,86,143,234,236,111,14,20,29,42,267,0,True
EUW1_7570834354,15.20.719.545,420,1319,CLASSIC,1,238,53,119,114,234,0,517,555,51,238,-1,86,48,115,145,40,799,120,103,42,432,1,True
EUW1_7570848603,15.20.719.545,420,2029,CLASSIC,1,27,555,246,164,91,0,246,35,119,555,29,86,36,61,145,111,799,254,84,22,235,1,True
EUW1_7570856809,15.20.719.545,420,1702,CLASSIC,0,107,-1,15,201,8,1,254,246,119,238,799,266,59,163,42,53,114,517,901,145,526,0,True
EUW1_7570870582,15.20.719.545,420,1717,CLASSIC,1,238,246,122,222,7,0,268,39,555,107,246,14,59,13,145,89,799,91,893,63,12,1,True
EUW1_7570872581,15.20.719.545,420,106,CLASSIC,0,799,555,800,86,35,1,91,107,134,59,268,517,203,3,51,235,84,246,8,236,16,0,True
EUW1_7570875141,15.20.719.545,420,1651,CLASSIC,1,555,799,24,246,201,0,800,246,799,497,126,164,56,3,119,235,27,106,18,236,517,1,True
EUW1_7570880057,15.20.719.545,420,1703,CLASSIC,0,238,114,887,91,950,1,43,950,246,61,27,98,104,115,15,902,893,80,69,67,432,0,True
EUW1_7570897702,15.20.719.545,420,1942,CLASSIC,0,893,238,246,555,119,1,39,119,246,7,238,157,131,29,161,235,14,5,13,145,518,0,True
EUW1_7570901533,15.20.719.545,420,1668,CLASSIC,0,799,254,105,555,246,1,122,145,166,799,246,14,876,126,804,497,83,59,34,81,412,0,True
EUW1_7570906770,15.20.719.545,420,2103,CLASSIC,0,799,-1,517,104,238,1,61,-1,238,799,804,3,246,134,15,497,266,91,8,51,43,0,True
EUW1_7570910923,15.20.719.545,420,1588,CLASSIC,1,119,43,246,91,27,0,27,35,38,133,145,14,20,112,222,432,266,517,893,498,497,1,True
EUW1_7570930487,15.20.719.545,420,1636,CLASSIC,1,78,555,246,134,122,0,7,119,555,91,27,98,200,268,804,117,133,5,893,523,44,1,True
EUW1_7570935323,15.20.719.545,420,2260,CLASSIC,0,107,-1,-1,799,119,1,246,-1,804,238,91,24,517,18,51,78,79,59,115,21,526,0,True
EUW1_7570936214,15.20.719.545,420,1668,CLASSIC,1,-1,67,55,59,517,0,555,91,107,432,246,39,131,13,145,12,58,36,163,800,111,1,True
EUW1_7570954912,15.20.719.545,420,1675,CLASSIC,1,119,-1,20,91,799,0,122,-1,91,134,555,68,59,234,523,518,83,121,163,90,43,1,True
EUW1_7570967007,15.20.719.545,420,1866,CLASSIC,0,517,555,27,201,246,1,134,154,799,517,91,24,131,126,119,518,17,238,26,145,89,0,True
EUW1_7570968462,15.20.719.545,420,1532,CLASSIC,0,497,91,27,910,254,1,555,126,799,119,20,114,246,8,81,80,266,62,7,222,412,0,True
EUW1_7570977664,15.20.719.545,420,1357,CLASSIC,0,7,119,122,91,555,1,800,119,799,39,555,83,76,238,498,143,92,234,13,145,43,0,True
EUW1_7570982436,15.20.719.545,420,1439,CLASSIC,0,107,497,122,119,238,1,39,78,27,59,555,150,246,7,523,53,133,64,518,81,12,0,True
EUW1_7570984817,15.20.719.545,420,1130,CLASSIC,1,238,-1,25,58,555,0,12,91,799,238,432,14,246,142,145,518,106,64,115,498,497,1,True
EUW1_7571004750,15.20.719.545,420,1823,CLASSIC,1,555,55,266,91,799,0,517,154,43,59,98,41,246,103,800,111,14,238,50,222,432,1,True
EUW1_7571005391,15.20.719.545,420,1687,CLASSIC,0,91,27,950,107,-1,1,91,76,238,246,59,897,62,134,51,518,68,234,115,804,555,0,True
EUW1_7571023600,15.20.719.545,420,1810,CLASSIC,1,432,497,126,64,61,0,115,55,246,555,91,27,121,893,110,80,83,234,163,804,526,1,True
EUW1_7571025701,15.20.719.545,420,1925,CLASSIC,1,246,39,555,8,119,0,246,69,59,122,90,76,62,103,804,111,24,238,55,523,902,1,True
EUW1_7571032190,15.20.719.545,420,1628,CLASSIC,1,432,50,246,12,799,0,114,421,246,91,266,26,107,103,145,517,31,59,13,22,43,1,True
EUW1_7571036678,15.20.719.545,420,1269,CLASSIC,1,98,238,7,20,893,0,246,58,-1,134,166,799,76,64,29,412,164,62,910,804,43,1,True
EUW1_7571046584,15.20.719.545,420,1335,CLASSIC,1,-1,555,246,7,27,0,432,804,-1,91,58,78,120,517,18,89,799,234,13,147,12,1,True
EUW1_7571051560,15.20.719.545,420,1984,CLASSIC,1,91,246,76,7,799,0,432,105,799,201,59,24,5,134,804,43,79,238,61,222,111,1,True
EUW1_7571062962,15.20.719.545,420,1313,CLASSIC,0,246,91,107,58,59,1,91,84,83,78,246,799,62,13,804,12,897,76,39,22,526,0,True
EUW1_7571065353,15.20.719.545,420,2371,CLASSIC,0,120,91,555,126,27,1,-1,126,238,-1,555,92,64,893,21,201,58,246,103,804,89,0,True
EUW1_7571108765,15.20.719.545,420,101,CLASSIC,0,-1,28,51,13,76,1,91,246,119,27,24,68,5,55,145,497,39,234,84,804,78,0,True
EUW1_7571120784,15.20.719.545,420,1459,CLASSIC,0,91,166,40,7,76,1,92,64,555,432,-1,893,234,246,429,412,41,238,910,804,12,0,True
EUW1_7571124263,15.20.719.545,420,1133,CLASSIC,0,-1,119,126,27,555,1,13,92,166,804,246,897,107,84,498,111,150,24,55,800,201,0,True
EUW1_7571139928,15.20.719.545,420,1076,CLASSIC,1,799,119,133,555,27,0,246,555,432,91,-1,897,56,99,901,78,777,59,112,804,89,1,True
EUW1_7571150160,15.20.719.545,420,1946,CLASSIC,1,78,126,13,238,246,0,122,55,134,432,91,266,59,517,804,12,164,62,893,133,60,1,True
EUW1_7571151016,15.20.719.545,420,1744,CLASSIC,1,166,-1,555,-1,246,0,555,41,246,238,76,799,36,268,18,432,126,59,115,804,147,1,True
EUW1_7571160783,15.20.719.545,420,1502,CLASSIC,1,555,58,7,-1,804,0,55,78,119,804,126,799,246,84,81,432,85,64,39,800,526,1,True
EUW1_7571194150,15.20.719.545,420,1532,CLASSIC,1,432,-1,126,166,555,0,28,59,119,91,238,897,950,7,804,89,266,36,112,800,111,1,True
EUW1_7571235736,15.20.719.545,420,1703,CLASSIC,1,804,64,-1,58,893,0,40,59,222,432,246,799,91,8,145,518,69,517,39,800,111,1,True
EUW1_7571282663,15.20.719.545,420,2079,CLASSIC,0,107,-1,59,245,27,1,166,200,-1,91,39,897,246,126,800,518,10,163,18,222,412,0,True
EUW1_7571408594,15.20.719.545,420,2040,CLASSIC,0,119,122,555,78,-1,1,555,39,91,201,246,14,950,18,147,12,68,59,134,15,53,0,True
EUW1_7571414072,15.20.719.545,420,1318,CLASSIC,0,119,246,35,55,800,1,126,166,555,107,51,41,59,893,202,497,27,91,134,22,43,0,True
EUW1_7571470820,15.20.719.545,420,2001,CLASSIC,0,126,27,246,804,28,1,166,555,804,246,27,84,238,61,498,432,83,254,127,21,518,0,True
EUW1_7571487114,15.20.719.545,420,1669,CLASSIC,1,131,-1,526,246,555,0,902,78,-1,145,35,43,59,84,804,117,18,876,777,157,111,1,True
EUW1_7571531395,15.20.719.545,420,1611,CLASSIC,0,78,35,166,201,432,1,246,60,122,43,25,126,238,7,21,53,150,517,142,236,111,0,True
EUW1_7571555622,15.20.719.545,420,1725,CLASSIC,0,134,246,14,804,64,1,246,126,27,893,799,8,91,133,800,526,92,62,3,222,497,0,True
EUW1_7571627863,15.20.719.545,420,1756,CLASSIC,0,59,-1,246,126,28,1,78,133,64,246,114,27,238,910,498,497,10,91,61,51,518,0,True
EUW1_7571661676,15.20.719.545,420,1571,CLASSIC,1,78,13,14,35,245,0,246,35,91,804,119,887,950,92,18,526,897,59,163,42,432,1,True
EUW1_7571675442,15.20.719.545,420,1565,CLASSIC,0,91,27,76,201,40,1,432,134,27,246,91,68,238,39,42,78,266,28,133,804,12,0,True
EUW1_7571745636,15.20.719.545,420,1438,CLASSIC,0,526,45,91,60,-1,1,111,432,246,35,45,126,950,799,800,412,164,64,163,804,555,0,True
EUW1_7571776952,15.20.719.545,420,2028,CLASSIC,1,39,15,119,7,92,0,134,145,25,526,126,799,245,246,18,555,54,60,133,81,80,1,True
EUW1_7571795758,15.20.719.545,420,1857,CLASSIC,0,-1,91,80,246,799,1,166,28,4,27,91,54,59,3,804,497,517,234,61,202,432,0,True
EUW1_7571838179,15.20.719.545,420,2252,CLASSIC,0,246,64,-1,39,555,1,804,119,28,91,121,799,517,80,51,99,78,131,84,110,43,0,True
EUW1_7571862193,15.20.719.545,420,1421,CLASSIC,0,119,799,91,-1,54,1,-1,-1,91,555,246,133,121,777,804,526,24,517,126,895,235,0,True
EUW1_7572014318,15.20.719.545,420,1420,CLASSIC,0,91,92,246,7,555,1,78,55,30,119,58,517,24,69,145,412,41,154,13,15,432,0,True
EUW1_7572034564,15.20.719.545,420,959,CLASSIC,1,126,83,246,432,893,0,91,133,119,555,126,85,154,34,804,526,14,121,3,115,235,1,True
EUW1_7572045309,15.20.719.545,420,1957,CLASSIC,1,7,166,-1,555,35,0,-1,145,40,126,432,887,59,127,161,235,24,120,84,81,89,1,True
EUW1_7572061831,15.20.719.545,420,1046,CLASSIC,1,27,107,134,91,35,0,78,517,15,91,103,14,36,142,145,555,240,246,42,45,12,1,True
EUW1_7572083274,15.20.719.545,420,2488,CLASSIC,1,91,103,246,134,27,0,246,145,91,126,83,8,78,133,81,432,85,59,268,804,43,1,True
EUW1_7572086588,15.20.719.545,420,1442,CLASSIC,0,7,91,24,555,43,1,45,-1,246,-1,59,157,106,517,51,432,126,120,84,81,16,0,True
EUW1_7572115207,15.20.719.545,420,1568,CLASSIC,0,84,60,91,246,145,1,432,246,54,107,800,14,876,238,498,497,126,36,893,523,89,0,True
EUW1_7572120920,15.20.719.545,420,1548,CLASSIC,1,107,43,7,-1,432,0,-1,27,91,246,555,887,64,39,145,517,8,120,13,42,16,1,True
EUW1_7572141348,15.20.719.545,420,1837,CLASSIC,1,27,78,134,38,-1,0,30,91,126,83,119,421,131,133,145,555,85,246,112,202,432,1,True
EUW1_7572164631,15.20.719.545,420,1569,CLASSIC,1,64,107,55,91,897,0,39,7,-1,27,122,58,238,13,115,555,34,234,518,804,78,1,True
EUW1_7572164821,15.20.719.545,420,1677,CLASSIC,0,555,119,98,134,246,1,13,119,238,555,114,799,107,69,804,526,164,64,55,145,43,0,True
EUW1_7572202219,15.20.719.545,420,1568,CLASSIC,0,119,238,67,27,91,1,91,126,-1,246,107,897,78,268,222,89,6,59,18,63,555,0,True
EUW1_7572205945,15.20.719.545,420,2194,CLASSIC,0,-1,432,55,91,555,1,166,246,78,7,27,68,120,61,42,53,893,238,268,804,412,0,True
EUW1_7572220290,15.20.719.545,420,1437,CLASSIC,0,-1,7,246,92,15,1,555,58,119,35,55,897,64,238,99,526,887,234,13,42,12,0,True
EUW1_7572260519,15.20.719.545,420,1882,CLASSIC,1,246,432,91,133,67,0,59,-1,246,517,91,19,2,61,202,43,126,120,13,800,111,1,True
EUW1_7572277742,15.20.719.545,420,1571,CLASSIC,0,804,20,40,432,114,1,20,122,246,555,27,799,36,13,21,412,266,80,61,51,43,0,True
EUW1_7572283297,15.20.719.545,420,1282,CLASSIC,0,67,119,246,804,555,1,38,800,238,91,24,893,234,7,22,111,114,5,142,202,432,0,True
EUW1_7572345599,15.20.719.545,420,1831,CLASSIC,0,126,60,238,91,117,1,59,7,555,38,107,27,234,112,22,78,39,246,163,804,432,0,True
EUW1_7572497889,15.20.719.545,420,1977,CLASSIC,1,67,133,91,7,804,0,64,246,98,555,40,777,60,799,51,43,58,107,84,202,163,1,True
EUW1_7572499211,15.20.719.545,420,1615,CLASSIC,1,55,517,246,145,126,0,59,246,555,799,114,74,121,42,147,432,39,238,103,236,267,1,True
EUW1_7572540314,15.20.719.545,420,1534,CLASSIC,1,119,246,67,107,432,0,804,163,432,246,74,875,121,13,222,412,80,120,18,63,497,1,True
EUW1_7572541717,15.20.719.545,420,1389,CLASSIC,0,119,246,91,55,38,1,-1,166,246,59,238,164,517,163,804,555,24,104,268,222,235,0,True
EUW1_7572545074,15.20.719.545,420,1698,CLASSIC,1,67,111,555,91,80,0,35,804,91,7,163,266,421,131,51,40,897,246,134,145,60,1,True
EUW1_7572555667,15.20.719.545,420,2187,CLASSIC,1,39,115,133,432,54,0,555,133,-1,-1,98,67,60,163,202,526,83,246,61,15,235,1,True
EUW1_7572583007,15.20.719.545,420,2045,CLASSIC,0,121,133,799,497,246,1,54,555,38,246,91,166,950,103,115,80,14,131,67,22,412,0,True
EUW1_7572589273,15.20.719.545,420,1839,CLASSIC,0,555,67,517,238,91,1,432,246,27,526,201,887,64,80,222,412,126,120,13,51,53,0,True
EUW1_7572595357,15.20.719.545,420,911,CLASSIC,1,76,246,526,122,55,0,166,432,238,55,246,24,30,13,235,12,114,5,268,145,412,1,True
EUW1_7572637968,15.20.719.545,420,1384,CLASSIC,0,91,246,234,-1,432,1,60,133,67,114,246,150,131,112,51,43,27,421,777,115,555,0,True
EUW1_7572648563,15.20.719.545,420,1824,CLASSIC,1,36,107,201,7,38,0,246,7,15,799,432,266,64,800,96,53,516,120,517,804,555,1,True
EUW1_7572661129,15.20.719.545,420,1218,CLASSIC,1,119,78,166,58,804,0,246,133,799,34,91,92,32,7,202,432,67,254,112,145,497,1,True
EUW1_7572696905,15.20.719.545,420,1372,CLASSIC,1,78,517,-1,246,35,0,246,555,799,59,-1,43,950,115,804,412,31,64,163,18,235,1,True
EUW1_7572713857,15.20.719.545,420,1774,CLASSIC,1,555,897,27,78,91,0,888,40,555,126,35,14,9,61,222,526,92,234,69,800,154,1,True
EUW1_7572736295,15.20.719.545,420,1172,CLASSIC,1,64,107,59,27,246,0,-1,55,234,38,91,893,238,61,523,412,85,245,18,51,518,1,True
EUW1_7572746108,15.20.719.545,420,958,CLASSIC,1,238,119,90,58,7,0,799,246,555,136,893,266,876,157,145,111,24,950,142,236,497,1,True
EUW1_7572747732,15.20.719.545,420,1485,CLASSIC,1,163,115,238,36,246,0,246,-1,27,119,432,114,64,34,804,555,126,60,99,22,48,1,True
EUW1_7572756767,15.20.719.545,420,1393,CLASSIC,0,-1,83,246,12,91,1,122,-1,119,246,92,6,5,893,63,24,14,120,61,145,78,0,True
EUW1_7572766404,15.20.719.545,420,2160,CLASSIC,1,799,35,950,804,83,0,246,-1,201,78,126,266,80,69,15,89,92,9,777,145,53,1,True
EUW1_7572792644,15.20.719.545,420,1784,CLASSIC,0,64,-1,246,60,238,1,38,432,27,134,246,893,91,799,145,526,67,131,3,81,497,0,True
EUW1_7572793598,15.20.719.545,420,1191,CLASSIC,1,107,119,91,238,69,0,555,246,804,122,134,14,64,61,18,412,157,48,39,115,432,1,True
EUW1_7572820956,15.20.719.545,420,914,CLASSIC,1,432,43,76,7,60,0,78,526,166,39,91,68,5,246,804,117,893,234,13,51,555,1,True
EUW1_7572840933,15.20.719.545,420,2247,CLASSIC,0,91,107,432,238,58,1,28,-1,201,25,432,92,76,126,96,518,36,120,142,804,800,0,True
EUW1_7572849028,15.20.719.545,420,1620,CLASSIC,1,-1,58,64,131,35,0,246,78,38,238,91,67,60,13,202,432,119,104,61,804,12,1,True
EUW1_7572877522,15.20.719.545,420,1634,CLASSIC,1,76,-1,246,432,517,0,107,78,555,60,-1,24,238,13,804,111,92,5,163,202,12,1,True
EUW1_7572907709,15.20.719.545,420,1457,CLASSIC,0,27,58,246,78,-1,1,64,114,246,81,40,92,59,893,804,111,14,60,39,18,526,0,True
EUW1_7572960986,15.20.719.545,420,1920,CLASSIC,1,61,64,804,28,40,0,-1,126,92,246,27,777,91,133,134,497,266,131,157,145,111,1,True
EUW1_7573035689,15.20.719.545,420,2430,CLASSIC,0,897,64,36,84,119,1,60,7,91,107,38,83,121,245,145,800,31,56,246,51,43,0,True
EUW1_7573061143,15.20.719.545,420,927,CLASSIC,0,246,80,60,432,134,1,-1,246,107,133,27,92,517,13,222,79,78,121,69,145,59,0,True
EUW1_7573088554,15.20.719.545,420,1723,CLASSIC,1,60,133,38,200,28,0,-1,91,89,121,133,24,245,84,51,412,85,59,3,202,53,1,True
EUW1_7573179153,15.20.719.545,420,1827,CLASSIC,0,83,15,126,-1,7,1,555,107,14,800,246,85,238,10,81,526,6,141,84,145,12,0,True
EUW1_7573240099,15.20.719.545,420,1861,CLASSIC,1,35,53,119,55,92,0,59,427,25,39,-1,777,517,13,15,37,166,246,8,221,12,1,True
EUW1_7573295831,15.20.719.545,420,1327,CLASSIC,1,432,35,39,555,7,0,432,107,55,12,119,126,59,134,147,497,897,203,112,523,412,1,True
EUW1_7573304906,15.20.719.545,420,1211,CLASSIC,1,107,7,166,122,246,0,91,55,238,37,39,804,143,157,14,412,887,234,103,51,432,1,True
EUW1_7573345176,15.20.719.545,420,939,CLASSIC,1,35,8,555,91,85,0,238,432,107,246,90,122,104,131,81,89,114,31,25,42,16,1,True
EUW1_7573373139,15.20.719.545,420,1589,CLASSIC,0,134,61,122,24,91,1,60,238,51,55,122,48,35,8,29,201,266,59,13,119,7,0,True
EUW1_7573376052,15.20.719.545,420,1723,CLASSIC,1,119,27,246,134,555,0,91,85,432,166,246,799,421,90,18,111,58,107,45,804,412,1,True
EUW1_7573388408,15.20.719.545,420,1698,CLASSIC,0,119,517,122,20,59,1,107,-1,154,238,126,157,91,103,236,201,92,246,7,145,497,0,True
EUW1_7573413215,15.20.719.545,420,1420,CLASSIC,1,78,114,555,51,55,0,114,-1,246,107,166,266,238,13,8,526,36,56,910,236,412,1,True
EUW1_7573443677,15.20.719.545,420,1524,CLASSIC,1,91,7,799,432,34,0,7,246,119,76,154,98,234,268,133,201,145,131,157,81,497,1,True
EUW1_7573450557,15.20.719.545,420,1261,CLASSIC,1,83,126,238,246,119,0,421,432,555,35,126,85,5,45,21,526,516,64,13,81,78,1,True
EUW1_7573479118,15.20.719.545,420,1908,CLASSIC,1,-1,43,238,7,58,0,98,14,238,119,91,887,163,157,133,497,79,246,142,21,78,1,True
EUW1_7573550365,15.20.719.545,420,1863,CLASSIC,0,60,35,166,-1,121,1,119,35,-1,76,246,126,59,163,800,555,36,102,61,804,432,0,True
EUW1_7573586873,15.20.719.545,420,1765,CLASSIC,1,432,238,35,7,517,0,80,-1,238,517,78,114,246,163,498,111,266,107,101,18,201,1,True
EUW1_7573634199,15.20.719.545,420,1664,CLASSIC,1,55,122,497,91,84,0,246,91,-1,517,60,24,163,245,901,555,68,5,103,42,111,1,True
EUW1_7573682561,15.20.719.545,420,1757,CLASSIC,1,91,15,-1,35,40,0,60,246,28,238,111,36,59,517,81,432,266,76,80,804,412,1,True
EUW1_7573740293,15.20.719.545,420,1878,CLASSIC,1,517,432,246,804,40,0,246,91,804,27,35,31,245,39,145,111,58,121,61,498,60,1,True
EUW1_7573770783,15.20.719.545,420,1281,CLASSIC,1,-1,91,432,98,107,0,432,122,517,238,76,54,35,157,145,43,126,234,893,202,111,1,True
EUW1_7573792801,15.20.719.545,420,1359,CLASSIC,1,163,-1,555,7,523,0,60,555,238,432,119,266,517,157,51,43,98,246,84,145,37,1,True
EUW1_7573837002,15.20.719.545,420,1424,CLASSIC,0,516,119,58,91,15,1,122,107,7,246,60,799,234,69,145,111,897,59,157,804,518,0,True
EUW1_7573849572,15.20.719.545,420,1732,CLASSIC,0,117,122,-1,246,7,1,517,91,432,114,134,24,238,13,50,80,36,76,61,804,12,0,True
EUW1_7573887533,15.20.719.545,420,2180,CLASSIC,0,555,432,887,7,119,1,60,59,238,893,-1,14,234,157,115,235,98,246,84,901,111,0,True
EUW1_7573899451,15.20.719.545,420,1162,CLASSIC,0,39,-1,7,246,91,1,55,119,238,37,114,799,143,777,42,89,266,30,13,18,432,0,True
EUW1_7573922840,15.20.719.545,420,1568,CLASSIC,1,799,107,126,134,59,0,119,-1,107,91,246,266,56,3,145,432,83,120,61,81,43,1,True
EUW1_7573941535,15.20.719.545,420,1654,CLASSIC,0,115,-1,15,163,25,1,27,40,238,163,246,799,121,910,142,555,58,517,39,202,432,0,True
EUW1_7573963835,15.20.719.545,420,1456,CLASSIC,1,-1,78,27,804,59,0,37,107,126,78,-1,85,246,61,157,497,6,950,111,81,432,1,True
EUW1_7574018925,15.20.719.545,420,1930,CLASSIC,0,-1,7,58,555,78,1,804,91,246,7,107,799,200,45,145,89,126,143,157,134,526,0,True
EUW1_7574096879,15.20.719.545,420,1690,CLASSIC,1,526,246,53,7,200,0,799,37,246,76,166,14,245,134,804,888,114,107,103,145,432,1,True
EUW1_7574110150,15.20.719.545,420,1697,CLASSIC,0,107,-1,432,38,78,1,-1,133,27,89,126,238,246,893,222,12,92,60,61,804,800,0,True
EUW1_7574124640,15.20.719.545,420,929,CLASSIC,0,-1,893,901,133,7,1,39,555,27,35,91,98,120,246,45,60,266,517,799,145,432,0,True
EUW1_7574136611,15.20.719.545,420,945,CLASSIC,0,555,246,35,76,122,1,-1,15,-1,134,119,83,30,69,145,12,68,517,166,42,43,0,True
EUW1_7574163014,15.20.719.545,420,1556,CLASSIC,0,234,35,246,950,804,1,120,238,555,246,7,799,517,777,42,12,58,245,268,15,526,0,True
EUW1_7574170310,15.20.719.545,420,1731,CLASSIC,0,133,114,27,37,28,1,432,60,7,38,27,897,131,61,51,147,799,876,18,101,40,0,True
EUW1_7574170390,15.20.719.545,420,1674,CLASSIC,1,166,12,119,799,421,0,-1,142,98,157,-1,84,238,897,360,78,150,30,64,245,44,1,True
EUW1_7574206232,15.20.719.545,420,2269,CLASSIC,0,126,-1,246,432,78,1,119,246,38,-1,64,92,238,711,804,497,799,91,7,901,43,0,True
EUW1_7574214898,15.20.719.545,420,1766,CLASSIC,0,126,555,432,39,246,1,114,238,7,246,91,897,120,79,523,117,421,5,134,804,526,0,True
EUW1_7574220546,15.20.719.545,420,517,CLASSIC,1,246,-1,76,222,91,0,78,40,804,246,15,893,107,24,145,497,92,238,39,115,12,1,True
EUW1_7574228212,15.20.719.545,420,1943,CLASSIC,1,-1,799,7,901,-1,0,107,-1,27,246,8,897,63,238,236,201,78,517,13,804,111,1,True
EUW1_7574240232,15.20.719.545,420,1650,CLASSIC,0,76,246,62,59,84,1,68,40,246,15,27,126,107,45,804,78,799,64,8,145,518,0,True
EUW1_7574289965,15.20.719.545,420,1733,CLASSIC,0,163,36,246,58,78,1,7,-1,92,91,84,799,64,3,804,555,67,950,777,134,432,0,True
EUW1_7574323714,15.20.719.545,420,1357,CLASSIC,1,27,222,246,517,59,0,-1,-1,107,799,133,114,950,105,804,12,897,120,901,22,497,1,True
EUW1_7574344619,15.20.719.545,420,1786,CLASSIC,0,799,92,91,27,246,1,78,40,246,126,-1,897,59,61,804,432,114,238,39,51,43,0,True
EUW1_7574358692,15.20.719.545,420,1647,CLASSIC,1,133,91,-1,7,432,0,-1,126,150,804,91,164,143,246,110,412,27,59,13,221,201,1,True
EUW1_7574405565,15.20.719.545,420,1831,CLASSIC,1,-1,893,804,121,90,0,92,114,131,555,246,897,64,517,22,53,6,120,69,51,432,1,True
EUW1_7574437505,15.20.719.545,420,1777,CLASSIC,0,91,126,27,38,-1,1,555,432,78,-1,246,24,62,163,119,412,799,517,134,804,201,0,True
EUW1_7574448847,15.20.719.545,420,1278,CLASSIC,1,60,126,35,64,78,0,555,246,38,-1,28,3,91,39,18,517,79,131,157,498,12,1,True
EUW1_7574454447,15.20.719.545,420,2042,CLASSIC,1,64,126,799,246,238,0,799,91,804,-1,38,24,121,27,15,78,420,5,13,115,12,1,True
EUW1_7574456769,15.20.719.545,420,1687,CLASSIC,0,246,122,517,111,555,1,133,887,27,36,64,106,245,115,804,902,24,254,893,18,89,0,True
EUW1_7574464081,15.20.719.545,420,1877,CLASSIC,0,246,897,64,804,893,1,245,266,555,246,42,31,121,61,950,60,14,80,91,134,526,0,True
EUW1_7574533119,15.20.719.545,420,1507,CLASSIC,0,-1,114,238,134,107,1,107,24,145,246,76,516,143,901,81,235,799,59,115,222,432,0,True
EUW1_7574546214,15.20.719.545,420,1453,CLASSIC,1,91,526,126,246,238,0,246,114,432,497,897,799,80,134,804,78,64,120,893,119,555,1,True
EUW1_7574556060,15.20.719.545,420,1398,CLASSIC,0,166,555,133,107,114,1,37,238,35,91,145,58,246,103,81,43,14,254,13,42,432,0,True
EUW1_7574573606,15.20.719.545,420,1960,CLASSIC,0,78,114,555,233,804,1,238,122,246,91,555,67,154,910,901,497,31,517,126,236,267,0,True
EUW1_7574586391,15.20.719.545,420,1837,CLASSIC,0,119,555,39,107,7,1,119,55,246,98,-1,266,238,800,42,235,79,950,13,18,432,0,True
EUW1_7574615155,15.20.719.545,420,2045,CLASSIC,1,7,44,238,119,799,0,105,37,238,20,-1,58,246,893,221,111,36,131,157,804,432,1,True
EUW1_7574627877,15.20.719.545,420,2129,CLASSIC,1,526,40,517,55,91,0,246,555,98,91,60,799,59,147,96,154,150,203,7,26,117,1,True
EUW1_7574628922,15.20.719.545,420,1468,CLASSIC,1,427,55,91,246,107,0,432,78,427,122,246,887,64,13,804,43,14,141,61,45,80,1,True
EUW1_7574658400,15.20.719.545,420,1493,CLASSIC,0,246,119,-1,54,92,1,517,78,119,91,126,799,20,67,18,7,68,59,26,523,526,0,True
EUW1_7574667701,15.20.719.545,420,1571,CLASSIC,0,901,64,43,68,105,1,107,246,432,76,799,54,91,893,804,517,421,56,69,96,60,0,True
EUW1_7574676179,15.20.719.545,420,1684,CLASSIC,1,166,77,432,238,27,0,238,37,804,246,91,83,950,61,115,526,39,30,777,21,57,1,True
EUW1_7574679514,15.20.719.545,420,923,CLASSIC,1,799,800,246,119,517,0,804,246,55,114,134,164,5,69,145,555,240,234,13,22,497,1,True
EUW1_7574680845,15.20.719.545,420,1358,CLASSIC,1,555,3,131,24,246,0,555,234,246,17,91,516,64,7,18,497,420,19,893,804,432,1,True
EUW1_7574710137,15.20.719.545,420,945,CLASSIC,0,107,64,-1,37,246,1,7,107,-1,91,246,36,238,61,804,432,799,234,134,15,497,0,True
EUW1_7574717688,15.20.719.545,420,931,CLASSIC,1,81,238,59,246,27,0,246,526,804,-1,-1,897,62,134,15,45,14,950,3,51,432,1,True
EUW1_7574732301,15.20.719.545,420,1497,CLASSIC,1,238,107,-1,7,432,0,27,54,246,-1,432,14,56,101,804,497,126,48,163,81,67,1,True
EUW1_7574739512,15.20.719.545,420,913,CLASSIC,1,107,432,119,8,24,0,134,91,246,-1,43,79,254,55,222,111,14,5,26,804,555,1,True
EUW1_7574746180,15.20.719.545,420,1154,CLASSIC,1,15,246,107,40,7,0,238,246,804,37,24,68,131,104,81,3,67,64,25,901,432,1,True
EUW1_7574755297,15.20.719.545,420,1390,CLASSIC,0,107,555,84,111,67,1,91,246,517,799,893,3,238,777,523,26,98,80,61,145,526,0,True
EUW1_7574777972,15.20.719.545,420,1510,CLASSIC,0,555,54,91,246,432,1,59,-1,517,238,67,8,234,115,99,235,83,64,142,523,412,0,True
EUW1_7574789555,15.20.719.545,420,1571,CLASSIC,1,91,105,246,555,98,0,238,40,134,-1,517,266,76,126,901,111,897,234,26,119,3,1,True
EUW1_7574790455,15.20.719.545,420,1108,CLASSIC,1,804,84,40,10,107,0,893,-1,119,238,245,421,246,711,202,43,266,78,7,800,555,1,True
EUW1_7574822936,15.20.719.545,420,933,CLASSIC,1,55,107,84,246,37,0,555,246,245,432,-1,114,238,105,202,9,76,2,79,22,43,1,True
EUW1_7574825754,15.20.719.545,420,958,CLASSIC,0,61,27,91,804,15,1,43,901,134,60,126,83,246,517,45,80,31,5,90,26,44,0,True
EUW1_7574834645,15.20.719.545,420,2435,CLASSIC,0,84,-1,26,799,238,1,246,64,432,-1,67,133,56,517,29,60,126,91,103,22,497,0,True
EUW1_7574845366,15.20.719.545,420,1693,CLASSIC,1,246,61,238,134,117,0,238,432,43,-1,246,24,421,90,110,497,79,5,45,804,44,1,True
EUW1_7574854351,15.20.719.545,420,1113,CLASSIC,1,134,107,246,517,119,0,126,893,37,91,51,421,131,26,15,412,92,56,61,498,432,1,True
EUW1_7574900923,15.20.719.545,420,1297,CLASSIC,0,517,134,555,246,145,1,246,893,-1,-1,103,58,59,26,136,12,799,78,163,15,111,0,True
EUW1_7574935406,15.20.719.545,420,915,CLASSIC,1,54,37,134,246,48,0,-1,78,24,555,119,133,5,26,81,432,200,238,7,145,111,1,True
EUW1_7574968162,15.20.719.545,420,1737,CLASSIC,0,-1,78,246,107,119,1,517,80,134,246,238,777,76,236,145,60,24,91,26,804,37,0,True
EUW1_7574987392,15.20.719.545,420,1381,CLASSIC,0,18,145,432,246,119,1,40,7,432,91,68,897,238,10,804,43,98,131,157,115,267,0,True
EUW1_7575001855,15.20.719.545,420,1745,CLASSIC,0,107,517,-1,246,69,1,246,133,14,119,800,799,62,103,136,555,897,5,711,804,497,0,True
EUW1_7575023777,15.20.719.545,420,1267,CLASSIC,1,163,246,555,59,90,0,555,78,27,246,133,14,91,910,804,43,240,64,61,145,111,1,True
EUW1_7575052453,15.20.719.545,420,1895,CLASSIC,1,897,7,117,-1,555,0,799,107,246,119,145,157,30,266,523,526,114,143,1,81,43,1,True
EUW1_7575128435,15.20.719.545,420,1746,CLASSIC,1,81,555,246,27,59,0,238,246,122,200,60,58,131,157,163,12,126,80,517,804,526,1,True
EUW1_7575143605,15.20.719.545,420,1431,CLASSIC,0,13,432,238,-1,126,1,91,40,145,-1,27,887,6,55,67,497,14,246,84,22,555,0,True
EUW1_7575175825,15.20.719.545,420,935,CLASSIC,1,799,246,432,107,91,0,-1,91,238,246,25,14,950,84,901,12,517,64,134,523,526,1,True
EUW1_7575184828,15.20.719.545,420,1701,CLASSIC,0,-1,68,119,238,111,1,799,107,555,246,68,266,234,134,221,69,17,950,163,96,40,0,True
EUW1_7575193550,15.20.719.545,420,1178,CLASSIC,0,133,107,246,15,91,1,-1,64,55,-1,27,14,80,163,804,43,114,121,268,145,518,0,True
EUW1_7575210007,15.20.719.545,420,1470,CLASSIC,0,246,235,-1,126,7,1,238,59,40,91,27,84,950,14,804,518,69,60,39,236,43,0,True
EUW1_7575244044,15.20.719.545,420,1733,CLASSIC,0,122,238,91,107,246,1,-1,91,145,39,-1,24,143,777,51,497,897,64,105,901,43,0,True
EUW1_7575255612,15.20.719.545,420,949,CLASSIC,1,34,91,-1,38,67,0,107,-1,246,157,78,875,59,3,145,555,85,799,61,119,43,1,True
EUW1_7575287231,15.20.719.545,420,1621,CLASSIC,0,119,432,91,-1,555,1,-1,246,91,893,-1,133,131,142,523,111,98,120,134,804,117,0,True
EUW1_7575308534,15.20.719.545,420,2010,CLASSIC,1,91,246,238,105,38,0,39,37,238,64,122,14,80,163,202,32,24,121,268,804,432,1,True
EUW1_7575365524,15.20.719.545,420,1689,CLASSIC,1,-1,119,246,83,555,0,59,111,58,246,432,266,120,84,21,526,799,517,126,804,117,1,True
EUW1_7575385646,15.20.719.545,420,1996,CLASSIC,1,114,238,91,133,804,0,38,432,-1,238,246,893,64,13,22,111,799,517,134,51,201,1,True
EUW1_7575424905,15.20.719.545,420,1209,CLASSIC,1,84,893,799,555,-1,0,51,27,246,-1,64,98,76,804,81,89,133,91,61,498,497,1,True
EUW1_7575439137,15.20.719.545,420,1919,CLASSIC,0,38,58,55,61,60,1,76,166,246,133,7,92,64,893,202,53,79,59,84,145,412,0,True
EUW1_7575445306,15.20.719.545,420,1440,CLASSIC,0,432,268,51,78,246,1,37,119,246,154,24,14,517,45,222,412,887,91,13,81,57,0,True
EUW1_7575465886,15.20.719.545,420,1832,CLASSIC,0,59,246,126,-1,115,1,98,91,238,235,27,68,234,163,22,45,893,517,133,202,53,0,True
EUW1_7575502148,15.20.719.545,420,2716,CLASSIC,0,84,910,119,98,103,1,12,107,58,134,555,19,246,893,202,111,157,91,13,115,432,0,True
EUW1_7575547345,15.20.719.545,420,1565,CLASSIC,1,134,27,51,432,122,0,804,432,246,133,98,799,91,43,498,16,126,62,8,147,111,1,True
EUW1_7575581569,15.20.719.545,420,1968,CLASSIC,0,40,246,64,91,83,1,120,246,107,91,498,126,245,39,110,497,54,121,13,51,25,0,True
EUW1_7575596374,15.20.719.545,420,1838,CLASSIC,1,91,246,133,98,69,0,432,92,121,134,133,240,131,61,145,78,799,107,3,523,412,1,True
EUW1_7575655181,15.20.719.545,420,1347,CLASSIC,0,107,902,246,254,54,1,27,555,76,112,799,154,517,18,222,111,14,234,134,145,53,0,True
EUW1_7575680980,15.20.719.545,420,1401,CLASSIC,1,105,107,555,114,-1,0,91,39,246,238,164,86,517,126,202,235,893,5,115,51,99,1,True
EUW1_7575701029,15.20.719.545,420,1462,CLASSIC,0,59,246,238,245,58,1,555,114,799,234,246,92,5,134,523,412,14,6,3,145,235,0,True
EUW1_7575709976,15.20.719.545,420,1678,CLASSIC,1,119,-1,-1,55,107,0,800,107,77,246,157,24,950,134,51,43,897,5,90,145,111,1,True
EUW1_7575716275,15.20.719.545,420,2033,CLASSIC,0,233,246,27,104,799,1,246,555,39,59,-1,234,238,112,145,432,92,36,517,81,235,0,True
EUW1_7575720937,15.20.719.545,420,1588,CLASSIC,1,254,35,89,91,55,0,166,119,14,238,91,799,62,112,222,53,58,246,800,145,201,1,True
EUW1_7575727927,15.20.719.545,420,1851,CLASSIC,0,-1,84,517,-1,238,1,119,7,114,30,-1,122,131,2,202,111,31,141,39,222,412,0,True
EUW1_7575738123,15.20.719.545,420,1335,CLASSIC,1,142,51,133,238,555,0,517,40,157,134,254,8,246,893,42,267,13,64,26,222,98,1,True
EUW1_7575746896,15.20.719.545,420,1773,CLASSIC,1,37,119,157,24,134,0,799,246,555,804,24,39,75,910,110,432,164,76,103,51,111,1,True
EUW1_7575748077,15.20.719.545,420,1098,CLASSIC,1,35,246,201,91,238,0,91,555,119,246,-1,266,48,13,145,89,887,5,517,498,43,1,True
EUW1_7575749954,15.20.719.545,420,1344,CLASSIC,1,7,238,517,2,126,0,78,7,15,-1,246,27,5,777,145,89,164,131,157,81,555,1,True
EUW1_7575751573,15.20.719.545,420,1718,CLASSIC,0,22,114,432,-1,7,1,55,432,122,-1,246,110,234,134,202,111,78,59,13,523,201,0,True
EUW1_7575763827,15.20.719.545,420,1667,CLASSIC,1,555,432,-1,517,134,0,24,238,53,-1,119,58,203,26,145,12,421,200,115,42,267,1,True
EUW1_7575767057,15.20.719.545,420,2149,CLASSIC,1,432,-1,78,61,98,0,246,133,91,-1,27,85,799,893,202,555,58,76,163,145,89,1,True
EUW1_7575769903,15.20.719.545,420,911,CLASSIC,0,92,91,246,28,107,1,-1,61,119,246,7,122,163,134,804,111,41,121,10,901,40,0,True
EUW1_7575772375,15.20.719.545,420,1802,CLASSIC,1,119,804,7,246,27,0,246,166,78,238,799,14,131,157,145,555,122,141,30,222,412,1,True
EUW1_7575777381,15.20.719.545,420,1099,CLASSIC,1,432,142,246,35,555,0,800,246,114,7,37,517,238,8,110,497,31,234,39,202,9,1,True
EUW1_7575798509,15.20.719.545,420,2051,CLASSIC,0,432,119,91,238,24,1,107,246,7,145,92,157,131,777,18,89,41,517,518,81,201,0,True
EUW1_7575802989,15.20.719.545,420,1688,CLASSIC,1,78,92,246,27,120,0,126,246,238,555,432,799,17,7,157,12,897,91,13,498,43,1,True
EUW1_7575811479,15.20.719.545,420,964,CLASSIC,0,107,40,-1,432,804,1,27,64,105,67,201,266,82,39,42,12,114,238,517,145,526,0,True
EUW1_7575836018,15.20.719.545,420,1523,CLASSIC,1,78,238,32,91,98,0,238,-1,119,526,133,58,517,893,157,111,799,141,268,145,497,1,True
EUW1_7575838178,15.20.719.545,420,1305,CLASSIC,0,246,8,91,27,61,1,51,122,804,107,27,145,59,69,897,526,150,234,3,222,412,0,True
EUW1_7575844972,15.20.719.545,420,1182,CLASSIC,0,-1,84,14,555,53,1,119,-1,246,910,799,516,30,234,202,143,24,120,141,18,43,0,True
EUW1_7575853375,15.20.719.545,420,1364,CLASSIC,0,266,119,91,51,8,1,246,555,114,166,133,14,59,268,81,44,98,427,13,15,432,0,True
EUW1_7575859286,15.20.719.545,420,1973,CLASSIC,0,238,25,-1,27,91,1,64,-1,27,28,246,14,234,142,51,99,82,517,126,222,526,0,True
EUW1_7575870569,15.20.719.545,420,1728,CLASSIC,1,804,91,126,238,18,0,122,-1,126,91,61,27,246,13,910,12,799,120,92,69,80,1,True
EUW1_7575875360,15.20.719.545,420,1374,CLASSIC,0,111,91,119,133,27,1,799,91,107,-1,246,68,238,3,22,76,266,56,61,804,555,0,True
EUW1_7575885075,15.20.719.545,420,1731,CLASSIC,1,91,246,78,133,15,0,238,246,51,555,432,14,64,13,81,43,6,234,103,498,497,1,True
EUW1_7575921598,15.20.719.545,420,1911,CLASSIC,1,555,-1,78,13,893,0,133,432,246,-1,91,98,24,14,157,99,266,5,711,15,43,1,True
EUW1_7575922925,15.20.719.545,420,1751,CLASSIC,0,800,555,59,15,58,1,246,517,119,432,-1,92,950,84,81,78,114,64,45,145,12,0,True
EUW1_7575938942,15.20.719.545,420,2205,CLASSIC,1,35,-1,126,246,107,0,40,131,246,-1,38,92,143,69,119,111,58,17,39,804,201,1,True
EUW1_7575955562,15.20.719.545,420,1345,CLASSIC,1,27,-1,107,799,555,0,107,246,-1,43,432,85,56,893,15,117,76,950,163,498,154,1,True
EUW1_7575984603,15.20.719.545,420,1584,CLASSIC,1,27,134,91,555,38,0,-1,40,126,107,-1,68,59,14,145,526,69,246,4,498,497,1,True
EUW1_7576012547,15.20.719.545,420,1444,CLASSIC,0,133,555,76,24,246,1,37,59,61,119,27,39,238,893,15,267,114,20,13,51,432,0,True
EUW1_7576045735,15.20.719.545,420,1859,CLASSIC,0,432,58,7,38,555,1,26,91,55,897,27,799,246,84,523,235,164,60,39,145,111,0,True
EUW1_7576074136,15.20.719.545,420,1555,CLASSIC,1,107,119,-1,8,517,0,133,799,238,432,555,68,91,61,18,526,516,246,45,22,78,1,True
EUW1_7576155479,15.20.719.545,420,1560,CLASSIC,1,238,804,555,7,27,0,950,92,-1,246,61,150,64,163,498,12,897,24,893,145,201,1,True
EUW1_7576173321,15.20.719.545,420,2061,CLASSIC,1,-1,40,107,121,800,0,55,64,27,133,120,897,59,910,145,3,266,60,80,18,518,1,True
EUW1_7576209071,15.20.719.545,420,2139,CLASSIC,0,950,61,64,-1,246,1,246,84,166,91,68,157,131,45,221,78,17,72,105,804,412,0,True
EUW1_7576232000,15.20.719.545,420,1848,CLASSIC,0,555,245,91,246,893,1,43,119,238,27,497,523,59,8,98,117,14,64,34,145,44,0,True
EUW1_7576254124,15.20.719.545,420,1330,CLASSIC,0,-1,114,555,432,134,1,64,246,91,122,8,86,120,133,800,89,164,77,13,202,526,0,True
EUW1_7576296129,15.20.719.545,420,2072,CLASSIC,1,114,555,-1,91,238,0,64,133,120,55,122,516,246,7,51,235,799,60,910,21,518,1,True
EUW1_7576314391,15.20.719.545,420,1689,CLASSIC,0,246,27,432,800,-1,1,432,145,246,163,27,82,5,34,22,518,114,62,893,804,37,0,True
EUW1_7576402461,15.20.719.545,420,1410,CLASSIC,1,64,246,59,42,-1,0,78,804,-1,166,27,24,91,105,145,111,8,104,134,157,43,1,True
EUW1_7576435717,15.20.719.545,420,1542,CLASSIC,1,133,950,115,59,91,0,246,51,432,91,238,266,163,3,119,111,79,64,134,145,201,1,True
EUW1_7576445045,15.20.719.545,420,1989,CLASSIC,1,-1,91,27,119,246,0,-1,119,60,91,27,126,104,268,22,111,897,238,13,221,117,1,True
EUW1_7576466834,15.20.719.545,420,1695,CLASSIC,0,555,61,517,-1,119,1,134,30,13,246,122,799,245,112,18,235,58,234,69,55,432,0,True
EUW1_7576487285,15.20.719.545,420,2158,CLASSIC,1,27,246,59,91,897,0,107,78,64,59,-1,266,238,163,804,12,98,876,893,51,223,1,True
EUW1_7576580419,15.20.719.545,420,2159,CLASSIC,1,-1,799,432,246,-1,0,27,-1,119,-1,-1,98,80,115,804,37,24,59,893,42,518,1,True
EUW1_7576661393,15.20.719.545,420,2761,CLASSIC,0,246,555,64,7,91,1,76,238,91,27,2,14,59,134,901,235,31,30,84,804,111,0,True
EUW1_7576722923,15.20.719.545,420,1674,CLASSIC,0,91,238,246,92,555,1,246,114,432,91,27,98,30,7,498,497,266,121,711,804,43,0,True
EUW1_7576789100,15.21.720.925,420,1644,CLASSIC,1,238,555,893,804,246,0,107,24,111,-1,35,777,5,3,145,76,157,254,115,202,432,1,True
EUW1_7576817842,15.21.720.925,420,1553,CLASSIC,1,24,35,246,238,134,0,122,119,238,432,121,39,427,115,145,12,31,107,25,523,526,1,True
EUW1_7576824321,15.21.720.925,420,1832,CLASSIC,0,427,246,27,107,121,1,238,555,78,126,117,887,48,103,804,12,897,91,517,50,235,0,True
EUW1_7576838967,15.21.720.925,420,1650,CLASSIC,1,246,119,55,91,800,0,78,432,893,105,8,14,950,13,202,143,114,238,517,236,89,1,True
EUW1_7576841146,15.21.720.925,420,1718,CLASSIC,1,76,432,14,238,7,0,555,804,133,142,107,24,246,112,202,526,5,36,3,51,16,1,True
EUW1_7576852394,15.21.720.925,420,1643,CLASSIC,0,61,119,-1,555,126,1,64,35,246,126,43,84,104,13,202,235,27,59,711,51,44,0,True
EUW1_7576887840,15.21.720.925,420,1872,CLASSIC,1,246,555,14,107,27,0,246,126,145,98,7,266,143,61,804,910,92,62,800,221,3,1,True
EUW1_7576937729,15.21.720.925,420,1948,CLASSIC,0,119,14,246,517,126,1,555,91,145,107,246,157,59,3,15,497,893,64,112,81,432,0,True
EUW1_7576950254,15.21.720.925,420,1562,CLASSIC,0,254,126,238,8,246,1,64,119,27,43,126,897,91,55,804,117,92,518,112,81,44,0,True
EUW1_7576971247,15.21.720.925,420,1775,CLASSIC,1,24,91,27,76,429,0,166,91,35,246,254,39,238,112,901,432,79,950,7,804,16,1,True
EUW1_7576978795,15.21.720.925,420,1786,CLASSIC,1,-1,64,126,38,134,0,126,888,92,107,133,31,59,69,901,555,27,234,893,42,78,1,True
EUW1_7576984286,15.21.720.925,420,1668,CLASSIC,0,64,799,92,27,804,1,30,-1,432,266,246,893,518,777,21,555,24,56,61,18,40,0,True
EUW1_7576994170,15.21.720.925,420,1248,CLASSIC,1,-1,246,91,98,61,0,114,234,15,25,61,150,421,134,804,72,897,64,142,81,53,1,True
EUW1_7577005550,15.21.720.925,420,1740,CLASSIC,1,42,27,266,35,61,0,91,238,134,126,61,887,64,13,901,497,24,246,14,804,111,1,True
EUW1_7577006953,15.21.720.925,420,1691,CLASSIC,1,54,27,134,234,246,0,246,91,555,238,69,126,59,18,800,78,14,80,893,804,526,1,True
EUW1_7577010178,15.21.720.925,420,1775,CLASSIC,1,38,58,804,246,8,0,888,27,246,-1,432,92,20,55,18,53,104,234,112,147,412,1,True
EUW1_7577026364,15.21.720.925,420,1624,CLASSIC,0,15,107,950,893,54,1,555,91,98,25,107,67,62,134,81,432,126,246,142,804,117,0,True
EUW1_7577028608,15.21.720.925,420,1334,CLASSIC,1,27,234,91,432,-1,0,126,246,76,-1,64,893,131,238,804,555,31,121,103,22,78,1,True
EUW1_7577045379,15.21.720.925,420,2336,CLASSIC,0,27,-1,234,59,246,1,64,555,107,-1,432,104,131,157,804,26,799,91,910,222,412,0,True
EUW1_7577052221,15.21.720.925,420,1959,CLASSIC,1,91,246,107,804,38,0,98,-1,234,61,27,67,62,13,21,43,157,6,69,145,201,1,True
EUW1_7577062375,15.21.720.925,420,1747,CLASSIC,1,432,555,91,27,84,0,246,91,555,893,39,266,5,800,804,43,887,64,134,901,267,1,True
EUW1_7577081577,15.21.720.925,420,1783,CLASSIC,0,246,-1,134,120,35,1,91,-1,432,799,27,104,59,887,804,201,516,517,81,119,497,0,True
EUW1_7577105352,15.21.720.925,420,1252,CLASSIC,1,64,-1,432,27,804,0,246,67,36,24,40,14,91,112,81,117,110,62,517,145,111,1,True
EUW1_7577120729,15.21.720.925,420,1204,CLASSIC,0,555,246,432,91,234,1,24,7,35,42,432,104,6,61,115,111,157,517,112,22,497,0,True
EUW1_7577127115,15.21.720.925,420,1622,CLASSIC,1,246,-1,887,432,-1,0,67,432,233,246,804,897,120,61,145,53,19,517,3,42,412,1,True
EUW1_7577136160,15.21.720.925,420,1423,CLASSIC,1,40,91,-1,121,238,0,246,121,27,15,91,36,64,39,804,518,266,60,112,81,12,1,True
EUW1_7577172773,15.21.720.925,420,1914,CLASSIC,0,27,-1,119,875,-1,1,-1,804,91,555,246,8,234,134,18,89,83,120,69,81,235,0,True
EUW1_7577176412,15.21.720.925,420,1376,CLASSIC,0,60,91,517,38,28,1,40,64,-1,246,91,897,104,103,202,497,799,59,7,804,201,0,True
EUW1_7577211988,15.21.720.925,420,1880,CLASSIC,0,84,555,78,246,115,1,126,246,104,91,432,163,76,238,42,111,27,64,3,804,117,0,True
EUW1_7577223948,15.21.720.925,420,2180,CLASSIC,1,107,91,7,555,432,0,555,246,91,64,38,69,234,518,804,43,8,59,910,222,412,1,True
EUW1_7577293430,15.21.720.925,420,1537,CLASSIC,1,246,-1,92,53,517,0,246,142,91,27,432,98,120,61,81,40,887,104,268,15,111,1,True
EUW1_7577295870,15.21.720.925,420,2107,CLASSIC,1,555,126,59,432,27,0,432,119,-1,27,17,799,20,18,800,12,58,163,14,145,897,1,True
EUW1_7577306403,15.21.720.925,420,1139,CLASSIC,1,246,-1,7,54,20,0,555,126,120,91,432,67,887,157,901,12,897,234,161,221,497,1,True
EUW1_7577395377,15.21.720.925,420,1293,CLASSIC,1,107,90,246,517,799,0,119,432,27,81,34,114,245,103,804,12,266,24,45,42,497,1,True
EUW1_7577412542,15.21.720.925,420,1643,CLASSIC,1,92,-1,799,555,166,0,107,246,555,238,7,79,19,103,81,43,421,203,893,145,53,1,True
EUW1_7577455317,15.21.720.925,420,921,CLASSIC,0,432,246,55,-1,24,1,84,59,432,78,34,799,238,893,145,40,92,517,910,804,267,0,True
EUW1_7577463095,15.21.720.925,420,916,CLASSIC,0,517,119,555,91,104,1,91,432,19,107,92,421,131,4,51,43,79,56,13,804,142,0,True
EUW1_7577472219,15.21.720.925,420,1671,CLASSIC,1,432,59,-1,25,58,0,266,517,246,91,61,92,234,142,119,53,41,238,10,202,412,1,True
EUW1_7577510731,15.21.720.925,420,1376,CLASSIC,0,91,555,9,119,887,1,119,799,91,246,200,6,238,893,18,111,14,62,103,804,235,0,True
EUW1_7577535378,15.21.720.925,420,993,CLASSIC,0,133,-1,107,17,78,1,236,111,245,266,246,421,518,18,523,7,41,59,69,10,76,0,True
EUW1_7577536294,15.21.720.925,420,1213,CLASSIC,1,126,115,107,13,555,0,40,29,201,-1,421,897,121,55,30,98,19,246,84,523,111,1,True
EUW1_7577892639,15.21.720.925,420,1417,CLASSIC,0,238,-1,246,80,800,1,555,91,119,38,234,58,141,43,81,517,86,35,103,145,12,0,True
EUW1_7577894855,15.21.720.925,420,1620,CLASSIC,1,157,114,246,107,432,0,412,238,92,29,432,57,64,38,901,117,799,76,115,804,555,1,True
EUW1_7577913556,15.21.720.925,420,1480,CLASSIC,0,238,114,64,92,526,1,91,24,115,-1,107,14,121,134,804,78,266,76,893,18,89,0,True
EUW1_7577916538,15.21.720.925,420,1583,CLASSIC,1,107,902,27,150,432,0,61,29,114,89,75,897,246,112,895,111,64,141,13,804,40,1,True
EUW1_7577928749,15.21.720.925,420,2410,CLASSIC,1,35,43,238,202,39,0,35,40,421,91,555,516,104,901,115,44,266,876,246,498,497,1,True
EUW1_7577937634,15.21.720.925,420,2077,CLASSIC,1,-1,432,150,555,526,0,27,246,-1,91,107,897,120,3,51,235,901,30,112,804,111,1,True
EUW1_7577940809,15.21.720.925,420,1080,CLASSIC,1,350,246,35,27,799,0,134,887,246,555,91,106,238,777,50,142,6,75,517,804,40,1,True
EUW1_7577945031,15.21.720.925,420,1492,CLASSIC,1,92,246,-1,9,7,0,432,61,555,24,246,266,421,39,51,12,84,62,13,804,111,1,True
EUW1_7577954956,15.21.720.925,420,1408,CLASSIC,1,35,-1,114,43,799,0,887,35,432,800,61,86,104,103,15,44,6,91,96,895,12,1,True
EUW1_7577958044,15.21.720.925,420,1855,CLASSIC,0,27,115,35,238,799,1,91,27,51,133,145,14,246,112,804,497,266,36,61,222,555,0,True
EUW1_7577972526,15.21.720.925,420,915,CLASSIC,0,91,246,-1,887,432,1,126,246,555,7,157,58,35,61,236,267,897,421,800,901,117,0,True
EUW1_7577991408,15.21.720.925,420,1713,CLASSIC,1,107,246,91,555,39,0,14,104,133,895,246,83,950,893,222,432,82,238,163,804,117,1,True
EUW1_7578004053,15.21.720.925,420,2094,CLASSIC,1,122,555,895,91,517,0,8,35,432,246,799,421,104,893,901,40,67,254,163,147,111,1,True
EUW1_7578004878,15.21.720.925,420,2003,CLASSIC,1,119,142,27,43,64,0,134,-1,27,246,517,897,91,103,96,44,10,121,26,51,518,1,True
EUW1_7578023088,15.21.720.925,420,1657,CLASSIC,1,35,555,804,76,432,0,91,126,555,246,432,2,950,8,147,111,27,59,777,51,43,1,True
EUW1_7578041445,15.21.720.925,420,2229,CLASSIC,0,119,-1,107,91,246,1,246,555,122,27,25,83,238,893,804,497,266,517,126,161,526,0,True
EUW1_7578042271,15.21.720.925,420,2040,CLASSIC,0,61,107,526,555,98,1,119,893,555,107,39,150,76,133,26,78,110,427,134,42,111,0,True
EUW1_7578054003,15.21.720.925,420,1623,CLASSIC,0,126,91,804,238,59,1,238,246,27,555,64,6,234,61,22,111,80,30,893,51,432,0,True
EUW1_7578074471,15.21.720.925,420,1656,CLASSIC,1,27,42,39,107,35,0,28,91,895,78,-1,68,246,13,2,12,887,64,893,202,111,1,True
EUW1_7578085741,15.21.720.925,420,2157,CLASSIC,0,555,91,67,27,238,1,27,804,246,887,20,14,5,3,51,432,421,64,893,110,111,0,True
EUW1_7578097061,15.21.720.925,420,2085,CLASSIC,0,37,133,92,35,238,1,432,27,246,555,-1,897,62,61,42,57,266,104,7,51,235,0,True
EUW1_7578098824,15.21.720.925,420,1410,CLASSIC,1,246,114,35,27,78,0,245,24,555,119,134,154,517,14,804,53,777,48,26,145,412,1,True
EUW1_7578114428,15.21.720.925,420,1748,CLASSIC,0,98,246,238,432,39,1,246,804,142,234,800,799,254,13,222,526,14,25,42,21,497,0,True
EUW1_7578130541,15.21.720.925,420,876,CLASSIC,1,27,107,246,238,91,0,61,91,107,27,4,79,64,910,804,201,68,67,893,119,518,1,True
EUW1_7578137578,15.21.720.925,420,2015,CLASSIC,1,887,131,238,134,517,0,111,201,-1,35,55,6,104,26,81,12,897,76,13,119,555,1,True
EUW1_7578144572,15.21.720.925,420,1408,CLASSIC,0,238,27,-1,39,246,1,126,799,81,91,133,67,254,115,51,432,266,56,103,901,518,0,True
EUW1_7578146863,15.21.720.925,420,980,CLASSIC,1,432,126,105,64,43,0,555,246,119,67,-1,92,91,163,42,517,79,421,893,523,267,1,True
EUW1_7578156486,15.21.720.925,420,911,CLASSIC,1,27,78,91,58,238,0,27,107,91,142,238,92,246,893,804,9,150,59,115,81,497,1,True
EUW1_7578177552,15.21.720.925,420,1143,CLASSIC,0,133,76,246,-1,432,1,27,517,67,91,246,893,238,126,901,43,54,5,518,51,99,0,True
EUW1_7578178224,15.21.720.925,420,1510,CLASSIC,1,432,238,91,-1,887,0,246,201,518,107,119,6,234,1,804,111,83,104,7,901,53,1,True
EUW1_7578194652,15.21.720.925,420,1623,CLASSIC,1,804,40,126,246,555,0,91,246,126,555,238,92,950,61,81,432,27,77,14,26,235,1,True
EUW1_7578204009,15.21.720.925,420,1821,CLASSIC,0,91,67,799,60,238,1,122,-1,91,-1,27,79,246,134,901,12,266,104,4,804,201,0,True
EUW1_7578220625,15.21.720.925,420,2218,CLASSIC,0,91,238,45,126,83,1,517,201,555,91,126,14,163,13,804,235,799,246,518,145,432,0,True
EUW1_7578228519,15.21.720.925,420,1720,CLASSIC,0,799,107,432,800,91,1,107,234,7,421,526,897,59,64,910,111,68,238,39,42,78,0,True
EUW1_7578236742,15.21.720.925,420,1921,CLASSIC,1,91,555,8,800,246,0,91,134,246,122,104,24,77,84,202,37,126,59,26,22,526,1,True
EUW1_7578253816,15.21.720.925,420,1225,CLASSIC,0,126,133,-1,432,166,1,238,67,27,91,-1,6,5,777,115,43,893,104,901,804,78,0,True
EUW1_7578271586,15.21.720.925,420,2270,CLASSIC,1,27,238,7,119,107,0,-1,517,64,555,246,68,5,39,22,518,24,91,711,202,497,1,True
EUW1_7578290246,15.21.720.925,420,920,CLASSIC,1,238,107,134,246,92,0,799,893,246,61,119,41,141,26,110,432,2,143,10,523,800,1,True
EUW1_7578314681,15.21.720.925,420,1706,CLASSIC,0,53,91,238,-1,105,1,246,555,432,104,-1,799,59,126,96,267,83,64,45,147,235,0,True
EUW1_7578325207,15.21.720.925,420,1022,CLASSIC,0,233,246,91,238,555,1,119,238,91,134,432,67,950,126,34,267,421,203,26,145,111,0,True
EUW1_7578377878,15.21.720.925,420,1713,CLASSIC,1,40,114,80,134,246,0,38,246,35,804,432,516,36,26,15,117,82,143,777,901,555,1,True
EUW1_7578427717,15.21.720.925,420,1934,CLASSIC,0,555,-1,38,245,804,1,126,28,238,35,78,19,59,115,161,53,27,203,103,222,432,0,True
EUW1_7578430393,15.21.720.925,420,1922,CLASSIC,0,91,238,43,555,27,1,91,107,-1,27,40,58,517,134,804,201,68,246,39,22,526,0,True
EUW1_7578461855,15.21.720.925,420,1812,CLASSIC,0,78,876,43,799,142,1,117,246,432,39,61,126,35,268,157,60,266,203,134,800,44,0,True
EUW1_7578506036,15.21.720.925,420,1239,CLASSIC,1,246,107,233,64,27,0,246,432,-1,91,555,24,121,84,804,412,68,59,103,51,76,1,True
EUW1_7578520521,15.21.720.925,420,2012,CLASSIC,0,7,799,432,107,555,1,799,134,37,39,876,14,517,157,81,43,122,35,777,523,9,0,True
EUW1_7578560487,15.21.720.925,420,1500,CLASSIC,0,246,555,-1,950,107,1,27,50,91,35,555,14,427,777,51,89,887,59,61,804,201,0,True
EUW1_7578644849,15.21.720.925,420,1431,CLASSIC,0,246,432,92,43,60,1,246,8,432,27,117,41,950,887,15,44,799,141,55,50,526,0,True
EUW1_7578680456,15.21.720.925,420,1513,CLASSIC,1,432,54,64,246,163,0,126,-1,91,60,13,67,32,45,222,78,27,950,55,81,3,1,True
EUW1_7578718148,15.21.720.925,420,1446,CLASSIC,1,92,42,246,799,517,0,131,799,7,246,555,41,950,13,145,111,79,76,126,804,40,1,True
EUW1_7578760944,15.21.720.925,420,1682,CLASSIC,1,119,112,91,800,246,0,134,98,43,133,246,104,5,61,21,201,240,79,777,804,44,1,True
EUW1_7578770555,15.21.720.925,420,1423,CLASSIC,1,40,950,27,555,91,0,238,60,432,246,799,31,121,84,22,78,41,517,115,42,12,1,True
EUW1_7578819799,15.21.720.925,420,1979,CLASSIC,0,44,887,134,432,91,1,91,89,126,246,-1,58,104,268,804,497,114,5,13,800,80,0,True
EUW1_7579034055,15.21.721.4012,420,1659,CLASSIC,1,107,804,893,518,711,0,555,200,266,800,246,6,64,39,63,267,150,104,910,30,40,1,True
EUW1_7579044712,15.21.721.4012,420,1315,CLASSIC,0,246,-1,799,-1,84,1,246,8,238,555,799,98,120,61,901,497,24,59,13,523,432,0,True
EUW1_7579049378,15.21.721.4012,420,1362,CLASSIC,1,-1,246,114,84,-1,0,-1,40,555,78,92,420,5,163,145,497,126,238,61,81,432,1,True
EUW1_7579050533,15.21.721.4012,420,1369,CLASSIC,0,7,555,-1,114,78,1,78,27,800,555,799,240,60,246,901,497,164,200,84,236,902,0,True
EUW1_7579065748,15.21.721.4012,420,100,CLASSIC,1,246,888,107,-1,122,0,420,246,555,7,107,31,238,517,145,526,14,427,161,42,12,1,True
EUW1_7579073642,15.21.721.4012,420,1646,CLASSIC,0,107,246,84,27,432,1,24,555,799,246,804,43,238,112,67,497,14,76,157,145,111,0,True
EUW1_7579095305,15.21.721.4012,420,1530,CLASSIC,0,98,105,30,518,432,1,246,201,142,804,950,799,107,7,910,12,164,104,3,145,412,0,True
EUW1_7579114230,15.21.721.4012,420,2427,CLASSIC,1,91,555,126,35,119,0,78,555,246,104,145,27,950,112,26,897,887,59,2,804,526,1,True
EUW1_7579117460,15.21.721.4012,420,2111,CLASSIC,0,7,114,91,27,238,1,35,133,518,526,246,897,131,777,42,555,893,104,61,81,78,0,True
EUW1_7579125049,15.21.721.4012,420,1295,CLASSIC,1,98,119,107,7,246,0,432,107,238,254,39,79,64,161,42,526,800,56,4,222,12,1,True
EUW1_7579133926,15.21.721.4012,420,1741,CLASSIC,1,91,-1,81,8,799,0,119,238,134,38,14,516,64,163,804,526,266,246,13,21,12,1,True
EUW1_7579140489,15.21.721.4012,420,1162,CLASSIC,0,246,526,35,107,233,1,238,91,799,555,114,104,517,126,804,78,36,131,157,42,267,0,True
EUW1_7579159559,15.21.721.4012,420,1833,CLASSIC,0,91,950,98,526,107,1,555,27,51,107,39,79,246,157,145,432,8,238,134,901,12,0,True
EUW1_7579162897,15.21.721.4012,420,1419,CLASSIC,1,246,804,38,126,119,0,35,246,555,91,804,266,238,134,21,37,799,62,112,800,43,1,True
EUW1_7579184096,15.21.721.4012,420,1152,CLASSIC,0,27,62,14,38,432,1,800,266,27,804,555,24,59,3,145,518,58,104,84,22,902,0,True
EUW1_7579203833,15.21.721.4012,420,1704,CLASSIC,0,246,166,64,27,804,1,91,111,84,133,246,83,59,163,119,432,24,77,238,115,76,0,True
EUW1_7579211818,15.21.721.4012,420,1717,CLASSIC,0,555,804,62,145,35,1,78,555,126,84,27,150,59,157,161,429,266,60,163,81,235,0,True
EUW1_7579224546,15.21.721.4012,420,1625,CLASSIC,0,119,-1,555,432,133,1,107,91,246,104,-1,68,63,61,202,526,266,59,518,145,497,0,True
EUW1_7579232820,15.21.721.4012,420,1889,CLASSIC,0,76,77,119,432,64,1,111,246,-1,91,799,266,234,84,145,555,126,20,14,804,117,0,True
EUW1_7579249112,15.21.721.4012,420,1831,CLASSIC,1,-1,91,804,246,27,0,246,91,555,14,142,887,421,126,63,526,799,59,3,145,432,1,True
EUW1_7579266608,15.21.721.4012,420,1641,CLASSIC,0,107,60,67,83,238,1,54,432,55,555,104,893,24,777,804,518,8,234,13,145,497,0,True
EUW1_7579287912,15.21.721.4012,420,2041,CLASSIC,1,14,126,48,432,91,0,246,27,7,91,555,897,2,711,901,267,266,76,39,81,111,1,True
EUW1_7579292132,15.21.721.4012,420,2177,CLASSIC,1,59,13,246,35,27,0,62,555,246,27,804,897,121,8,523,412,98,131,112,901,43,1,True
EUW1_7579301811,15.21.721.4012,420,1152,CLASSIC,0,54,64,804,238,-1,1,30,91,555,119,246,887,234,126,18,526,14,517,8,145,497,0,True
EUW1_7579328316,15.21.721.4012,420,1749,CLASSIC,1,36,246,64,27,91,0,555,134,98,-1,-1,58,104,61,51,432,266,5,13,145,497,1,True
EUW1_7579332287,15.21.721.4012,420,1255,CLASSIC,1,246,432,804,67,91,0,30,78,432,119,246,19,59,268,429,412,14,104,134,18,201,1,True
EUW1_7579358269,15.21.721.4012,420,1180,CLASSIC,0,238,27,61,38,91,1,246,432,27,126,30,58,64,8,804,78,777,154,13,145,111,0,True
EUW1_7579375747,15.21.721.4012,420,1679,CLASSIC,0,555,246,122,7,-1,1,555,14,238,246,91,83,78,134,51,235,126,64,25,804,43,0,True
EUW1_7579411262,15.21.721.4012,420,1521,CLASSIC,1,91,497,38,119,121,0,266,-1,432,-1,238,13,64,893,145,555,41,246,163,804,89,1,True
EUW1_7579460417,15.21.721.4012,420,2121,CLASSIC,1,432,246,804,13,35,0,107,38,98,804,-1,41,59,84,202,555,897,517,711,42,235,1,True
EUW1_7579511409,15.21.721.4012,420,1151,CLASSIC,0,432,39,119,62,246,1,432,-1,893,246,27,266,131,103,202,43,887,517,238,145,53,0,True
EUW1_7579528394,15.21.721.4012,420,1977,CLASSIC,1,64,804,800,76,497,0,555,-1,114,517,432,266,246,84,42,235,98,234,1,81,111,1,True
EUW1_7579597757,15.21.721.4012,420,2437,CLASSIC,0,78,555,107,27,7,1,-1,145,897,246,91,68,517,64,22,902,79,5,3,81,497,0,True
EUW1_7579626482,15.21.721.4012,420,1738,CLASSIC,1,126,91,-1,134,60,0,67,-1,40,432,498,887,950,133,18,555,266,163,39,68,78,1,True
EUW1_7579700361,15.21.721.4012,420,1551,CLASSIC,0,427,78,432,555,7,1,246,91,-1,76,78,14,887,157,429,497,266,143,950,235,517,0,True
EUW1_7579751357,15.21.721.4012,420,1625,CLASSIC,0,61,246,517,62,104,1,432,91,84,119,246,799,427,245,202,111,421,64,13,67,412,0,True
EUW1_7579752427,15.21.721.4012,420,1648,CLASSIC,1,7,54,64,-1,53,0,107,-1,117,40,246,67,131,157,96,497,897,91,84,22,201,1,True
EUW1_7579803571,15.21.721.4012,420,1322,CLASSIC,0,804,91,121,24,950,1,13,78,-1,27,555,104,5,25,145,497,92,64,55,22,201,0,True
EUW1_7579835017,15.21.721.4012,420,1970,CLASSIC,1,14,-1,246,25,238,0,246,91,37,234,166,893,72,81,142,555,897,121,103,804,432,1,True
EUW1_7579843477,15.21.721.4012,420,2037,CLASSIC,1,246,91,432,20,27,0,27,-1,7,246,91,58,60,13,42,526,79,76,157,145,78,1,True
EUW1_7579905433,15.21.721.4012,420,1762,CLASSIC,1,126,91,233,-1,246,0,114,142,234,-1,238,24,59,3,145,497,516,6,893,221,12,1,True
EUW1_7579919562,15.21.721.4012,420,1333,CLASSIC,0,150,107,7,238,119,1,119,8,112,893,13,897,76,157,145,111,104,876,61,18,432,0,True
EUW1_7579951002,15.21.721.4012,420,1761,CLASSIC,0,126,55,950,64,-1,1,-1,69,91,64,60,68,246,61,42,432,39,238,163,145,12,0,True
EUW1_7580288557,15.21.721.8442,420,1540,CLASSIC,0,126,107,246,83,40,1,555,517,24,107,80,85,254,134,22,89,164,421,112,145,201,0,True
EUW1_7580312346,15.21.721.8442,420,1581,CLASSIC,0,555,83,427,-1,107,1,78,246,432,64,114,85,104,4,51,35,14,91,134,429,80,0,True
EUW1_7580325981,15.21.721.8442,420,946,CLASSIC,1,35,246,121,114,84,0,555,246,91,43,887,104,517,777,145,526,14,64,61,804,40,1,True
EUW1_7580342100,15.21.721.8442,420,1646,CLASSIC,1,555,526,799,238,104,0,166,887,134,893,804,126,246,13,110,40,6,106,163,901,111,1,True
EUW1_7580358577,15.21.721.8442,420,910,CLASSIC,0,107,555,38,114,246,1,432,119,246,131,799,86,104,3,804,111,122,876,18,42,40,0,True
EUW1_7580361577,15.21.721.8442,420,1897,CLASSIC,0,266,38,432,62,526,1,555,166,145,200,58,8,91,13,901,37,92,246,3,51,518,0,True
EUW1_7580368798,15.21.721.8442,420,2200,CLASSIC,1,78,126,64,246,104,0,6,893,246,166,15,82,91,84,157,44,14,5,711,81,111,1,True
EUW1_7580382884,15.21.721.8442,420,2369,CLASSIC,0,27,122,526,246,238,1,166,246,800,67,14,104,154,115,22,78,48,59,84,804,497,0,True
EUW1_7580400225,15.21.721.8442,420,1489,CLASSIC,1,27,432,804,7,246,0,43,-1,246,114,13,799,131,157,63,267,122,75,517,21,40,1,True
EUW1_7580431085,15.21.721.8442,420,912,CLASSIC,1,69,134,84,42,126,0,78,804,7,246,68,266,75,34,110,12,17,64,61,157,526,1,True
EUW1_7580438716,15.21.721.8442,420,1122,CLASSIC,1,555,92,64,-1,117,0,64,800,59,246,91,41,77,39,804,40,14,238,84,21,111,1,True
EUW1_7580451170,15.21.721.8442,420,1892,CLASSIC,0,-1,246,69,497,526,1,78,893,84,887,555,122,25,38,81,235,98,141,34,157,161,0,True
EUW1_7580453255,15.21.721.8442,420,1326,CLASSIC,1,893,126,107,17,555,0,27,246,555,36,68,799,154,6,81,16,13,104,910,22,43,1,True
EUW1_7580465510,15.21.721.8442,420,1693,CLASSIC,1,126,84,4,157,119,0,64,61,421,238,27,266,76,54,51,43,23,77,103,145,111,1,True
EUW1_7580496873,15.21.721.8442,420,1970,CLASSIC,1,950,119,497,432,126,0,145,246,7,35,67,897,76,893,236,555,19,104,112,800,80,1,True
EUW1_7580508382,15.21.721.8442,420,1373,CLASSIC,0,91,238,92,-1,-1,1,-1,122,107,91,246,799,131,268,202,40,78,104,7,67,526,0,True
EUW1_7580521811,15.21.721.8442,420,1611,CLASSIC,1,76,432,246,126,-1,0,117,246,107,91,555,92,254,69,145,518,86,35,13,50,16,1,True
EUW1_7580543212,15.21.721.8442,420,1306,CLASSIC,0,13,517,238,166,107,1,119,526,36,67,246,110,131,55,804,235,19,121,61,236,201,0,True
EUW1_7580544583,15.21.721.8442,420,1727,CLASSIC,0,126,3,4,950,145,1,91,950,432,126,27,68,200,134,804,117,92,76,61,523,412,0,True
EUW1_7580555376,15.21.721.8442,420,1400,CLASSIC,0,432,555,-1,114,35,1,238,246,91,117,134,14,421,893,161,235,31,64,45,110,40,0,True
EUW1_7580570097,15.21.721.8442,420,2117,CLASSIC,1,28,91,25,134,119,0,122,246,35,7,555,17,421,61,804,526,98,517,157,910,40,1,True
EUW1_7580571122,15.21.721.8442,420,1733,CLASSIC,0,432,92,91,804,134,1,13,799,555,107,238,98,59,61,523,117,2,121,90,51,16,0,True
EUW1_7580588563,15.21.721.8442,420,1726,CLASSIC,0,91,950,40,126,27,1,804,91,40,27,107,114,238,13,145,79,150,104,112,157,12,0,True
EUW1_7580601725,15.21.721.8442,420,1622,CLASSIC,0,246,91,122,35,234,1,246,555,91,134,78,24,254,893,804,40,92,64,45,222,235,0,True
EUW1_7580635058,15.21.721.8442,420,1758,CLASSIC,0,-1,432,78,36,27,1,35,78,134,555,126,897,154,61,110,518,114,517,142,157,16,0,True
EUW1_7580668529,15.21.721.8442,420,2183,CLASSIC,0,432,804,950,-1,35,1,115,497,111,25,126,897,102,777,222,60,92,246,163,142,80,0,True
EUW1_7580687736,15.21.721.8442,420,2037,CLASSIC,1,27,42,246,54,91,0,246,24,27,142,67,164,517,84,202,40,799,238,61,81,432,1,True
EUW1_7580712249,15.21.721.8442,420,1639,CLASSIC,1,91,555,799,61,804,0,-1,91,133,555,126,50,35,55,81,43,114,5,893,147,432,1,True
EUW1_7580749836,15.21.721.8442,420,2047,CLASSIC,0,-1,238,234,54,117,1,39,432,27,7,246,67,104,69,202,43,13,76,91,222,111,0,True
EUW1_7580769632,15.21.721.8442,420,1393,CLASSIC,1,555,432,238,134,126,0,7,82,555,91,799,68,77,38,804,526,6,121,910,161,12,1,True
EUW1_7580795260,15.21.721.8442,420,1778,CLASSIC,1,518,238,804,126,950,0,799,246,-1,25,888,27,62,134,51,412,14,234,142,145,53,1,True
EUW1_7580820113,15.21.721.8442,420,1660,CLASSIC,1,799,163,555,39,897,0,126,497,432,163,246,43,950,2,161,111,266,102,238,115,235,1,True
EUW1_7580842938,15.21.721.8442,420,1444,CLASSIC,1,40,126,432,39,27,0,246,27,7,91,238,68,104,84,119,12,799,76,3,804,201,1,True
EUW1_7580856423,15.21.721.8442,420,1655,CLASSIC,1,526,888,91,-1,61,0,432,517,35,-1,104,234,5,893,81,117,126,245,134,145,12,1,True
EUW1_7580878241,15.21.721.8442,420,1963,CLASSIC,0,238,555,27,246,432,1,7,804,555,27,64,887,62,893,901,235,266,59,163,42,111,0,True
EUW1_7580883621,15.21.721.8442,420,1508,CLASSIC,1,24,7,78,117,555,0,119,36,246,61,114,14,154,134,67,40,86,64,103,804,43,1,True
EUW1_7580913579,15.21.721.8442,420,1951,CLASSIC,1,91,133,238,246,799,0,8,517,145,59,238,86,35,800,804,888,58,245,61,236,267,1,True
EUW1_7580932255,15.21.721.8442,420,1616,CLASSIC,0,61,555,92,246,432,1,78,111,950,27,7,68,104,8,15,412,897,154,238,115,40,0,True
EUW1_7580952131,15.21.721.8442,420,1928,CLASSIC,1,246,24,27,91,107,0,-1,60,40,133,107,58,517,61,15,12,68,113,39,115,89,1,True
EUW1_7580986302,15.21.721.8442,420,1755,CLASSIC,0,56,59,35,17,432,1,133,68,163,238,7,24,246,8,42,235,54,131,157,221,89,0,True
EUW1_7581036408,15.21.721.8442,420,1467,CLASSIC,1,432,555,78,238,893,0,238,61,246,126,555,114,104,13,202,44,27,62,4,222,235,1,True
EUW1_7581060659,15.21.721.8442,420,1942,CLASSIC,1,893,91,157,37,107,0,35,-1,897,13,950,24,121,31,18,432,58,104,103,804,111,1,True
EUW1_7581112425,15.21.721.8442,420,1611,CLASSIC,1,91,246,133,238,555,0,-1,432,238,60,35,24,121,13,804,517,421,104,7,901,526,1,True
EUW1_7581145231,15.21.721.8442,420,1984,CLASSIC,1,91,246,432,950,14,0,13,799,91,83,119,92,76,3,18,526,7,427,55,901,78,1,True
EUW1_7581197709,15.21.721.8442,420,1899,CLASSIC,1,78,799,517,92,246,0,35,163,6,555,27,141,245,893,22,111,54,60,126,145,99,1,True
EUW1_7581255196,15.21.721.8442,420,1345,CLASSIC,1,115,246,-1,40,83,0,-1,126,38,35,246,8,59,163,145,32,27,238,142,202,555,1,True
EUW1_7581308826,15.21.721.8442,420,1646,CLASSIC,1,555,-1,92,35,134,0,799,517,555,-1,238,14,64,4,161,111,240,245,38,202,163,1,True
EUW1_7581346096,15.21.721.8442,420,1849,CLASSIC,0,246,27,35,7,91,1,91,27,-1,40,76,82,64,517,145,555,8,60,39,110,111,0,True
EUW1_7581435434,15.21.721.8442,420,1573,CLASSIC,0,133,238,61,27,246,1,91,119,246,92,134,14,60,80,18,518,897,121,800,15,12,0,True
EUW1_7581589346,15.21.721.8442,420,1540,CLASSIC,1,555,62,64,117,126,0,517,200,238,246,114,27,104,84,18,902,86,59,134,202,26,1,True
EUW1_7581593333,15.21.721.8442,420,1614,CLASSIC,1,555,10,246,40,107,0,76,107,246,24,119,164,64,131,145,12,58,91,268,51,43,1,True
EUW1_7581598381,15.21.721.8442,420,1075,CLASSIC,1,126,555,91,163,84,0,-1,6,131,27,114,113,107,427,901,89,122,48,13,145,43,1,True
EUW1_7581615451,15.21.721.8442,420,2038,CLASSIC,0,-1,91,-1,238,119,1,62,432,246,-1,27,799,143,115,42,526,154,234,84,901,78,0,True
EUW1_7581692224,15.21.721.8442,420,1646,CLASSIC,0,246,78,115,61,83,1,91,517,35,555,43,85,950,105,236,89,266,234,134,145,201,0,True
EUW1_7581731872,15.21.721.8442,420,1538,CLASSIC,1,-1,517,246,91,804,0,238,103,234,555,114,799,5,61,30,89,39,254,893,901,497,1,True
EUW1_7581782623,15.21.721.8442,420,2782,CLASSIC,0,246,103,91,43,432,1,107,36,126,246,555,79,78,112,81,518,92,154,777,115,267,0,True
EUW1_7581791955,15.21.721.8442,420,1652,CLASSIC,1,78,246,24,555,91,0,893,92,35,555,-1,84,200,134,157,497,68,121,142,18,12,1,True
EUW1_7581808622,15.21.721.8442,420,926,CLASSIC,1,-1,238,950,91,50,0,61,246,555,91,-1,24,104,134,202,432,68,76,75,22,40,1,True
EUW1_7581834505,15.21.721.8442,420,1138,CLASSIC,0,67,799,40,119,555,1,69,897,8,92,107,126,246,13,51,432,14,104,45,901,80,0,True
EUW1_7581872168,15.21.721.8442,420,1615,CLASSIC,0,64,432,91,40,-1,1,246,-1,114,238,27,58,517,4,157,12,92,104,134,202,79,0,True
EUW1_7581878578,15.21.721.8442,420,1421,CLASSIC,1,432,246,107,59,804,0,-1,55,91,804,799,126,238,134,145,526,39,104,13,18,111,1,True
EUW1_7581914346,15.21.721.8442,420,1832,CLASSIC,0,8,27,107,98,238,1,25,42,-1,234,91,79,104,134,51,99,126,517,142,145,497,0,True
EUW1_7581941133,15.21.721.8442,420,1513,CLASSIC,0,-1,799,27,246,114,1,804,266,238,901,64,777,120,112,236,267,14,91,134,81,517,0,True
EUW1_7581968662,15.21.721.8442,420,1104,CLASSIC,0,119,-1,32,497,92,1,35,91,39,555,238,799,517,800,236,235,110,887,61,804,117,0,True
EUW1_7581979887,15.21.721.8442,420,1515,CLASSIC,0,142,432,234,98,91,1,119,35,-1,107,104,68,36,246,21,555,893,950,518,145,201,0,True
EUW1_7581987296,15.21.721.8442,420,1627,CLASSIC,1,555,35,432,799,91,0,111,24,246,13,114,126,517,112,22,518,14,5,8,51,40,1,True
EUW1_7582005806,15.21.721.8442,420,1235,CLASSIC,1,-1,91,804,126,555,0,246,432,555,64,126,98,120,134,81,16,92,238,7,22,111,1,True
EUW1_7582040067,15.21.721.8442,420,1801,CLASSIC,1,234,91,246,28,40,0,238,107,61,234,-1,14,121,96,22,432,887,104,518,21,555,1,True
EUW1_7582076861,15.21.721.8442,420,1374,CLASSIC,1,35,555,92,432,804,0,91,555,432,126,62,69,246,84,42,516,114,104,134,161,40,1,True
EUW1_7582093020,15.21.721.8442,420,2468,CLASSIC,1,64,234,246,893,14,0,27,60,497,91,35,98,238,61,145,518,799,102,126,115,555,1,True
EUW1_7582142625,15.21.721.8442,420,2400,CLASSIC,0,246,61,83,91,432,1,92,238,246,432,950,6,234,13,804,201,266,77,69,523,412,0,True
EUW1_7582159286,15.21.721.8442,420,1856,CLASSIC,1,-1,233,92,800,246,0,13,246,107,555,67,41,120,112,84,267,14,104,7,523,432,1,True
EUW1_7582212184,15.21.721.8442,420,1665,CLASSIC,0,-1,-1,246,799,107,1,555,234,950,412,92,897,104,893,222,43,887,2,134,202,432,0,True
EUW1_7582231156,15.21.721.8442,420,1299,CLASSIC,1,40,91,804,27,555,0,61,27,91,238,126,68,517,39,81,201,13,59,69,15,78,1,True
EUW1_7582283768,15.21.721.8442,420,1541,CLASSIC,0,-1,91,133,432,58,1,-1,555,64,40,804,799,517,61,15,526,43,234,39,81,16,0,True
EUW1_7582298203,15.21.721.8442,420,1680,CLASSIC,0,13,246,804,893,517,1,246,35,119,107,126,24,245,4,901,12,92,427,61,498,53,0,True
EUW1_7582339036,15.21.721.8442,420,1862,CLASSIC,1,432,163,-1,67,81,0,91,54,55,27,234,799,121,112,22,43,42,2,3,804,518,1,True
EUW1_7582360774,15.21.721.8442,420,1447,CLASSIC,1,432,246,35,126,555,0,246,60,166,115,92,68,238,799,161,526,83,64,163,145,12,1,True
EUW1_7582392940,15.21.721.8442,420,1621,CLASSIC,1,-1,-1,35,432,246,0,517,60,134,166,7,76,102,13,145,555,69,121,163,67,412,1,True
EUW1_7582424250,15.21.721.8442,420,1186,CLASSIC,1,78,555,111,134,35,0,166,91,161,14,432,85,254,10,67,43,126,5,910,115,526,1,True
EUW1_7582448418,15.21.721.8442,420,1144,CLASSIC,0,43,517,13,-1,58,1,-1,24,18,35,69,92,245,17,901,432,68,246,39,51,7,0,True
EUW1_7582453619,15.21.721.8442,420,1369,CLASSIC,1,-1,83,163,246,27,0,36,91,246,35,555,126,120,25,429,111,421,5,517,804,16,1,True
EUW1_7582478911,15.21.721.8442,420,1476,CLASSIC,1,163,54,-1,13,133,0,91,555,40,163,126,67,107,55,145,89,92,60,39,161,111,1,True
EUW1_7582496638,15.21.721.8442,420,1723,CLASSIC,1,104,432,91,35,-1,0,78,804,145,-1,68,893,238,84,202,12,166,254,112,42,526,1,True
EUW1_7582515519,15.21.721.8442,420,1054,CLASSIC,0,246,13,432,27,92,1,-1,555,238,91,246,799,121,517,804,497,58,120,893,18,16,0,True
EUW1_7582586399,15.21.721.8442,420,1673,CLASSIC,1,799,67,91,55,893,0,238,17,104,201,246,114,2,221,30,526,58,20,13,804,12,1,True
EUW1_7582661122,15.21.721.8442,420,1533,CLASSIC,1,555,91,133,58,246,0,518,201,246,-1,14,799,238,61,22,16,164,234,517,51,53,1,True
EUW1_7582671235,15.21.721.8442,420,2235,CLASSIC,0,84,64,59,91,42,1,166,777,91,104,40,157,121,29,81,201,24,246,893,804,111,0,True
EUW1_7582736017,15.21.721.8442,420,1849,CLASSIC,1,41,91,799,804,145,0,91,67,53,-1,35,14,238,13,110,432,266,246,893,96,117,1,True
EUW1_7582760312,15.21.721.8442,420,1400,CLASSIC,1,432,60,68,120,246,0,120,246,517,893,800,98,91,268,804,555,150,59,79,22,526,1,True
EUW1_7582774693,15.21.721.8442,420,1161,CLASSIC,1,555,-1,238,91,246,0,517,800,60,64,555,799,59,134,804,432,126,121,268,145,111,1,True
EUW1_7582979261,15.21.721.8442,420,1567,CLASSIC,0,111,91,555,114,59,1,76,134,51,555,39,92,104,1,42,12,86,246,61,15,902,0,True
EUW1_7582994970,15.21.721.8442,420,2097,CLASSIC,0,432,24,-1,238,517,1,893,246,67,24,114,777,421,134,81,518,58,2,84,21,526,0,True
EUW1_7583002144,15.21.721.8442,420,1651,CLASSIC,0,799,145,133,107,98,1,-1,30,134,27,246,126,104,61,115,432,14,5,45,81,555,0,True
EUW1_7583004549,15.21.721.8442,420,1281,CLASSIC,0,122,555,7,3,246,1,166,110,427,53,799,98,5,131,99,26,82,203,61,51,161,0,True
EUW1_7583012987,15.21.721.8442,420,1660,CLASSIC,0,78,238,8,-1,114,1,119,893,115,126,555,31,200,901,147,111,518,2,517,804,201,0,True
EUW1_7583016011,15.21.721.8442,420,1630,CLASSIC,1,54,43,61,555,91,0,2,238,-1,14,246,67,517,112,18,44,13,64,134,42,432,1,True
EUW1_7583026462,15.21.721.8442,420,1153,CLASSIC,0,555,98,42,107,81,1,246,28,61,555,517,799,91,103,45,111,164,238,69,51,432,0,True
EUW1_7583034220,15.21.721.8442,420,1534,CLASSIC,1,246,81,27,98,64,0,246,91,233,112,-1,78,121,127,42,45,266,950,84,804,497,1,True
EUW1_7583037467,15.21.721.8442,420,911,CLASSIC,1,246,200,950,893,114,0,111,246,119,-1,24,897,2,61,202,518,799,876,3,222,40,1,True
EUW1_7583046424,15.21.721.8442,420,911,CLASSIC,0,-1,91,34,950,238,1,238,799,555,126,61,266,121,268,145,111,27,246,13,804,526,0,True
EUW1_7583052465,15.21.721.8442,420,1156,CLASSIC,1,893,91,35,238,58,0,145,24,34,432,421,799,246,38,115,80,897,517,777,42,267,1,True
EUW1_7583053050,15.21.721.8442,420,1831,CLASSIC,0,201,238,107,67,42,1,-1,78,34,555,91,14,48,134,119,432,164,950,69,51,518,0,True
EUW1_7583064727,15.21.721.8442,420,1713,CLASSIC,0,91,122,27,432,121,1,27,107,67,-1,91,68,246,112,221,117,266,238,13,42,555,0,True
EUW1_7583067364,15.21.721.8442,420,1453,CLASSIC,1,92,432,107,43,238,0,555,134,203,517,2,41,246,38,145,44,126,245,26,81,40,1,True
EUW1_7583089218,15.21.721.8442,420,1931,CLASSIC,1,81,91,893,25,432,0,59,804,-1,246,28,98,238,142,202,45,887,20,134,15,497,1,True
EUW1_7583092312,15.21.721.8442,420,1856,CLASSIC,1,92,91,432,55,555,0,58,145,432,246,-1,799,421,13,42,267,39,78,163,18,89,1,True
EUW1_7583097685,15.21.721.8442,420,2914,CLASSIC,0,246,35,134,92,51,1,497,203,39,517,134,897,30,166,81,80,4,107,26,145,555,0,True
EUW1_7583156248,15.21.721.8442,420,1717,CLASSIC,0,238,126,432,40,26,1,432,45,555,-1,91,27,121,61,202,12,67,246,84,22,526,0,True
EUW1_7583178563,15.21.721.8442,420,1597,CLASSIC,1,91,246,121,432,107,0,804,134,246,555,126,799,104,13,16,526,68,238,133,800,111,1,True
EUW1_7583183481,15.21.721.8442,420,1794,CLASSIC,1,246,91,58,13,-1,0,555,166,799,246,39,8,30,777,804,111,266,59,103,901,432,1,True
EUW1_7583189841,15.21.721.8442,420,1838,CLASSIC,1,24,246,950,238,91,0,37,893,91,238,246,164,64,7,804,60,106,56,134,51,432,1,True
EUW1_7583191835,15.21.721.8442,420,910,CLASSIC,1,64,92,40,-1,119,0,91,27,432,246,799,14,121,163,804,201,901,59,910,523,412,1,True
EUW1_7583206606,15.21.721.8442,420,1959,CLASSIC,1,-1,122,133,555,246,0,91,804,27,897,7,150,104,893,42,518,901,76,163,81,526,1,True
EUW1_7583232458,15.21.721.8442,420,1565,CLASSIC,0,246,64,555,54,78,1,246,107,-1,126,91,887,121,893,51,432,114,238,112,202,12,0,True
EUW1_7583238293,15.21.721.8442,420,1375,CLASSIC,0,91,37,238,35,117,1,432,119,235,104,91,126,107,13,18,57,39,36,69,804,40,0,True
EUW1_7583255119,15.21.721.8442,420,1814,CLASSIC,1,54,246,27,-1,145,0,555,27,14,-1,30,67,5,134,15,526,799,60,84,202,78,1,True
EUW1_7583270994,15.21.721.8442,420,1323,CLASSIC,1,91,107,246,59,432,0,246,119,799,91,61,68,238,34,804,412,893,950,777,145,526,1,True
EUW1_7583279151,15.21.721.8442,420,1594,CLASSIC,1,238,13,804,126,119,0,238,246,432,51,91,68,5,8,145,497,799,30,42,21,111,1,True
EUW1_7583297209,15.21.721.8442,420,1435,CLASSIC,1,246,67,555,27,61,0,27,60,91,799,90,34,59,893,804,432,69,5,910,222,526,1,True
EUW1_7583332609,15.21.721.8442,420,2277,CLASSIC,0,76,126,107,91,37,1,67,27,804,15,246,897,64,112,145,432,421,19,13,81,555,0,True
EUW1_7583335987,15.21.721.8442,420,1625,CLASSIC,0,246,27,59,91,555,1,27,91,64,799,62,154,36,134,145,432,67,60,804,45,12,0,True
EUW1_7583370083,15.21.721.8442,420,1868,CLASSIC,0,-1,55,950,119,91,1,27,134,517,126,246,777,2,38,804,117,92,876,26,145,12,0,True
EUW1_7583385771,15.21.721.8442,420,1597,CLASSIC,0,246,119,91,126,432,1,37,799,91,67,121,897,36,13,222,412,19,59,69,804,57,0,True
EUW1_7583392329,15.21.721.8442,420,1778,CLASSIC,1,27,238,246,200,28,0,39,54,107,246,-1,799,245,901,119,43,67,121,13,804,201,1,True
EUW1_7583405303,15.21.721.8442,420,2127,CLASSIC,1,35,91,555,246,893,0,24,77,51,950,13,68,120,3,804,412,64,234,84,21,432,1,True
EUW1_7583436875,15.21.721.8442,420,1534,CLASSIC,1,107,555,246,804,14,0,432,119,200,7,91,266,427,18,45,43,126,234,268,110,518,1,True
EUW1_7583439656,15.21.721.8442,420,1500,CLASSIC,1,104,91,804,233,526,0,799,67,427,40,122,893,59,13,81,350,68,19,39,145,412,1,True
EUW1_7583440198,15.21.721.8442,420,1655,CLASSIC,1,555,7,201,67,-1,0,555,-1,126,111,60,799,517,246,119,432,68,64,134,523,161,1,True
EUW1_7583458533,15.21.721.8442,420,1774,CLASSIC,1,517,893,84,107,246,0,238,59,126,40,-1,114,104,245,498,555,98,254,134,110,497,1,True
EUW1_7583480156,15.21.721.8442,420,1732,CLASSIC,1,107,92,238,59,19,0,27,555,238,7,950,41,91,31,804,526,68,246,157,222,43,1,True
EUW1_7583498509,15.21.721.8442,420,1661,CLASSIC,1,799,555,35,40,58,0,7,27,432,804,60,68,246,39,81,161,893,91,910,110,43,1,True
EUW1_7583503886,15.21.721.8442,420,1471,CLASSIC,1,13,111,119,8,91,0,432,238,555,17,246,799,517,55,18,43,58,141,1,804,89,1,True
EUW1_7583538124,15.21.721.8442,420,918,CLASSIC,1,133,119,24,245,7,0,91,893,-1,126,107,887,246,157,145,888,92,80,84,202,555,1,True
EUW1_7583547234,15.21.721.8442,420,1666,CLASSIC,0,133,-1,40,-1,91,1,27,246,91,61,238,104,121,7,161,432,126,131,45,145,555,0,True
EUW1_7583555444,15.21.721.8442,420,1155,CLASSIC,1,78,107,-1,13,163,0,804,24,246,107,555,39,517,133,800,235,119,80,69,81,26,1,True
EUW1_7583560279,15.21.721.8442,420,913,CLASSIC,1,126,32,60,238,91,0,246,27,59,39,7,6,5,517,222,117,110,54,893,804,40,1,True
EUW1_7583606869,15.21.721.8442,420,1199,CLASSIC,0,157,26,-1,497,246,1,91,-1,804,107,-1,43,76,238,161,555,39,104,101,81,60,0,True
EUW1_7583626605,15.21.721.8442,420,924,CLASSIC,0,432,45,-1,-1,-1,1,804,246,115,145,78,54,517,777,222,412,126,238,163,42,25,0,True
EUW1_7583636542,15.21.721.8442,420,945,CLASSIC,1,91,-1,246,20,54,0,246,238,134,42,68,67,131,268,51,43,799,5,26,222,111,1,True
EUW1_7583652441,15.21.721.8442,420,1717,CLASSIC,1,81,-1,91,246,555,0,111,107,59,64,804,516,234,4,222,43,887,121,61,51,76,1,True
EUW1_7583668120,15.21.721.8442,420,1900,CLASSIC,0,517,115,68,161,246,1,126,893,555,91,238,13,24,163,222,111,897,234,61,800,432,0,True
EUW1_7583708898,15.21.721.8442,420,1785,CLASSIC,0,34,432,238,27,13,1,126,89,950,432,134,799,60,133,51,526,92,427,26,157,111,0,True
EUW1_7583723481,15.21.721.8442,420,1109,CLASSIC,0,555,35,114,121,432,1,117,91,-1,24,246,78,76,777,800,412,157,48,7,498,497,0,True
EUW1_7583767931,15.21.721.8442,420,1717,CLASSIC,0,432,13,27,-1,238,1,-1,136,122,111,8,31,517,901,222,60,777,246,163,804,76,0,True
EUW1_7583940486,15.21.721.8442,420,1383,CLASSIC,1,163,91,92,526,804,0,91,246,92,27,145,68,104,7,51,43,3,234,910,498,555,1,True
EUW1_7583963849,15.21.721.8442,420,1783,CLASSIC,1,133,246,517,92,-1,0,246,81,161,-1,83,68,64,910,804,111,3,91,103,45,53,1,True
EUW1_7583971284,15.21.721.8442,420,1894,CLASSIC,0,91,78,950,-1,-1,1,119,35,91,13,78,36,131,134,498,497,92,76,133,110,79,0,True
EUW1_7584025994,15.21.721.8442,420,1618,CLASSIC,0,246,950,238,64,126,1,432,91,7,246,42,266,59,61,22,12,887,104,517,429,888,0,True
EUW1_7584121107,15.21.721.8442,420,913,CLASSIC,0,119,59,18,555,234,1,120,555,134,126,7,38,91,122,498,43,84,75,39,145,111,0,True
EUW1_7584135078,15.21.721.8442,420,1779,CLASSIC,0,-1,12,92,238,38,1,200,246,950,55,14,41,234,61,800,53,150,91,134,63,267,0,True
EUW1_7584155356,15.21.721.8442,420,1937,CLASSIC,1,804,119,-1,950,92,0,432,121,7,246,122,82,76,777,236,89,897,80,163,81,142,1,True
EUW1_7584157437,15.21.721.8442,420,2021,CLASSIC,1,91,10,55,238,246,0,54,98,246,84,555,164,76,901,222,412,67,104,134,145,432,1,True
EUW1_7584169637,15.21.721.8442,420,1974,CLASSIC,0,145,78,233,22,98,1,234,432,78,24,246,799,154,13,804,555,122,62,893,42,111,0,True
EUW1_7584175931,15.21.721.8442,420,1126,CLASSIC,1,107,203,238,246,104,0,246,7,39,84,804,68,91,14,51,432,8,59,142,202,40,1,True
EUW1_7584179512,15.21.721.8442,420,1214,CLASSIC,1,24,804,27,432,91,0,-1,27,893,78,42,157,48,13,63,267,114,2,84,145,555,1,True
EUW1_7584191134,15.21.721.8442,420,1627,CLASSIC,1,119,800,35,83,246,0,92,91,62,246,799,26,203,3,804,526,24,517,18,429,111,1,True
EUW1_7584191534,15.21.721.8442,420,911,CLASSIC,1,246,62,432,92,55,0,517,98,-1,804,91,126,76,163,498,497,79,200,800,145,12,1,True
EUW1_7584193133,15.21.721.8442,420,1580,CLASSIC,0,804,432,107,105,85,1,91,555,246,804,2,122,238,13,145,526,126,19,112,22,12,0,True
EUW1_7584195333,15.21.721.8442,420,1979,CLASSIC,1,200,517,64,238,432,0,91,78,24,246,27,893,121,157,145,53,799,30,39,81,888,1,True
EUW1_7584202897,15.21.721.8442,420,1685,CLASSIC,1,91,78,67,-1,27,0,245,-1,799,804,28,19,107,104,134,12,126,246,893,145,111,1,True
EUW1_7584215886,15.21.721.8442,420,1116,CLASSIC,0,555,107,85,91,59,1,91,68,9,246,42,122,950,61,145,518,83,421,134,498,497,0,True
EUW1_7584225080,15.21.721.8442,420,2134,CLASSIC,1,117,166,92,91,246,0,20,134,67,517,246,150,98,800,804,888,19,238,26,42,526,1,True
EUW1_7584238905,15.21.721.8442,420,1566,CLASSIC,1,7,55,555,78,897,0,61,246,91,119,114,85,141,910,157,432,14,421,127,51,60,1,True
EUW1_7584254167,15.21.721.8442,420,1551,CLASSIC,1,60,56,246,-1,61,0,134,54,804,517,80,133,254,8,222,53,67,950,26,63,267,1,True
EUW1_7584254598,15.21.721.8442,420,1322,CLASSIC,0,114,91,27,40,246,1,895,13,37,246,27,266,56,61,145,111,799,78,84,110,432,0,True
EUW1_7584258449,15.21.721.8442,420,1683,CLASSIC,1,91,35,555,24,134,0,61,238,555,53,39,14,234,910,222,117,266,77,13,81,26,1,True
EUW1_7584262287,15.21.721.8442,420,1314,CLASSIC,0,246,68,91,555,910,1,238,126,91,-1,246,887,30,104,901,111,92,36,134,51,43,0,True
EUW1_7584274759,15.21.721.8442,420,2698,CLASSIC,1,432,799,246,27,-1,0,119,104,62,-1,432,113,64,142,81,201,897,91,103,145,78,1,True
EUW1_7584284471,15.21.721.8442,420,1117,CLASSIC,1,61,37,111,8,91,0,40,27,246,91,107,897,78,69,51,432,114,64,13,81,555,1,True
EUW1_7584288468,15.21.721.8442,420,2347,CLASSIC,1,84,799,134,517,92,0,26,122,67,103,804,14,238,910,147,235,421,64,79,63,16,1,True
EUW1_7584295542,15.21.721.8442,420,1681,CLASSIC,0,91,-1,166,25,555,1,201,-1,91,555,27,897,104,142,800,526,150,246,112,804,111,0,True
EUW1_7584299648,15.21.721.8442,420,1638,CLASSIC,0,555,78,246,-1,2,1,24,91,238,92,517,14,234,84,523,432,157,59,3,115,235,0,True
EUW1_7584335084,15.21.721.8442,420,1414,CLASSIC,0,555,-1,117,91,39,1,246,432,134,17,91,24,121,13,18,12,83,104,26,145,78,0,True
EUW1_7584338841,15.21.721.8442,420,1441,CLASSIC,0,432,12,91,804,25,1,92,517,27,-1,91,893,246,142,81,78,887,64,910,202,111,0,True
EUW1_7584354173,15.21.721.8442,420,1574,CLASSIC,1,432,246,804,134,126,0,24,91,555,61,246,27,64,910,145,518,106,104,69,498,89,1,True
EUW1_7584373103,15.21.721.8442,420,1997,CLASSIC,0,555,799,91,432,55,1,107,950,238,246,234,114,80,34,15,518,68,64,13,145,12,0,True
EUW1_7584386218,15.21.721.8442,420,1948,CLASSIC,1,799,91,432,246,126,0,27,555,61,266,246,82,64,910,804,43,114,14,8,51,518,1,True
EUW1_7584395625,15.21.721.8442,420,1344,CLASSIC,0,246,59,37,893,27,1,517,64,-1,81,60,14,80,34,119,432,777,91,61,45,12,0,True
EUW1_7584403013,15.21.721.8442,420,1723,CLASSIC,1,-1,432,122,526,804,0,432,91,246,24,238,799,120,84,115,40,5,427,517,81,555,1,True
EUW1_7584427579,15.21.721.8442,420,2050,CLASSIC,1,246,238,13,91,78,0,27,122,91,246,517,799,234,84,804,201,421,5,31,18,12,1,True
EUW1_7584429834,15.21.721.8442,420,1212,CLASSIC,1,246,61,-1,238,91,0,246,432,115,555,91,36,59,45,804,201,104,950,163,119,526,1,True
EUW1_7584442007,15.21.721.8442,420,1734,CLASSIC,0,-1,91,24,121,-1,1,804,37,91,893,246,5,120,61,15,60,98,27,126,81,432,0,True
EUW1_7584446013,15.21.721.8442,420,940,CLASSIC,0,517,555,92,799,134,1,114,91,950,-1,246,31,234,26,804,526,266,427,268,145,111,0,True
EUW1_7584468746,15.21.721.8442,420,1401,CLASSIC,0,54,8,45,432,119,1,246,83,115,91,804,126,59,163,202,518,62,238,7,67,60,0,True
EUW1_7584469962,15.21.721.8442,420,1504,CLASSIC,0,114,893,427,60,555,1,238,78,133,64,45,887,62,517,110,201,19,91,163,157,12,0,True
EUW1_7584472935,15.21.721.8442,420,943,CLASSIC,1,517,55,804,92,134,0,799,246,7,800,555,14,91,26,235,57,85,60,950,202,432,1,True
EUW1_7584479103,15.21.721.8442,420,1885,CLASSIC,1,555,122,246,91,432,0,98,107,119,-1,517,897,64,7,222,89,79,59,126,910,111,1,True
EUW1_7584506562,15.21.721.8442,420,1686,CLASSIC,1,107,134,517,246,432,0,58,91,246,13,238,14,24,26,145,412,92,5,84,804,555,1,True
EUW1_7584543765,15.21.721.8442,420,1022,CLASSIC,1,246,64,432,555,-1,0,30,804,238,7,58,14,121,1,910,43,92,60,163,21,518,1,True
EUW1_7584547542,15.21.721.8442,420,1892,CLASSIC,1,517,238,91,804,134,0,91,98,246,-1,81,69,234,110,51,800,126,104,101,15,60,1,True
EUW1_7584574226,15.21.721.8442,420,1540,CLASSIC,0,517,246,98,432,91,1,432,91,121,7,804,78,238,245,18,117,69,62,13,145,497,0,True
EUW1_7584595142,15.21.721.8442,420,1699,CLASSIC,1,804,115,-1,-1,83,0,804,13,107,64,122,68,62,103,81,497,85,91,133,145,526,1,True
EUW1_7584601231,15.21.721.8442,420,1450,CLASSIC,1,893,107,91,246,432,0,-1,893,555,14,799,98,59,45,804,89,58,120,517,145,78,1,True
EUW1_7584618043,15.21.721.8442,420,1435,CLASSIC,1,555,78,-1,91,98,0,163,91,126,59,432,150,104,268,804,161,27,421,134,22,111,1,True
EUW1_7584630732,15.21.721.8442,420,917,CLASSIC,1,246,804,145,432,526,0,246,40,78,98,91,58,64,163,42,235,36,62,39,523,111,1,True
EUW1_7584639090,15.21.721.8442,420,1699,CLASSIC,1,81,893,91,432,-1,0,555,54,81,7,950,114,104,61,145,526,67,427,910,45,80,1,True
EUW1_7584653590,15.21.721.8442,420,1877,CLASSIC,0,91,555,13,64,804,1,60,246,166,64,-1,897,131,133,81,37,799,104,517,145,32,0,True
EUW1_7584656347,15.21.721.8442,420,913,CLASSIC,0,-1,111,145,893,246,1,804,27,78,40,432,98,64,3,81,350,68,62,61,157,555,0,True
EUW1_7584678522,15.21.721.8442,420,1239,CLASSIC,0,246,91,432,107,60,1,68,24,246,91,27,11,234,134,498,78,266,5,61,202,12,0,True
EUW1_7584683402,15.21.721.8442,420,912,CLASSIC,1,555,-1,246,67,526,0,238,245,35,119,517,897,36,55,161,40,14,30,799,81,43,1,True
EUW1_7584702006,15.21.721.8442,420,920,CLASSIC,1,91,133,201,-1,7,0,78,91,804,13,555,887,59,134,145,32,24,104,910,81,37,1,True
EUW1_7584711917,15.21.721.8442,420,1547,CLASSIC,0,39,91,35,63,950,1,91,555,-1,92,246,7,104,110,901,98,887,59,127,15,432,0,True
EUW1_7584723159,15.21.721.8442,420,1284,CLASSIC,1,238,432,804,35,-1,0,91,68,526,555,104,122,64,163,22,60,799,234,127,800,40,1,True
EUW1_7584736162,15.21.721.8442,420,2027,CLASSIC,1,555,126,13,89,245,0,91,161,154,246,-1,58,60,133,800,53,799,163,103,145,518,1,True
EUW1_7584752622,15.21.721.8442,420,1523,CLASSIC,0,555,804,107,133,126,1,133,246,7,799,107,98,121,517,81,37,266,104,103,18,111,0,True
EUW1_7584793413,15.21.721.8442,420,2080,CLASSIC,1,142,120,91,92,246,0,-1,142,240,246,-1,24,143,18,804,117,897,517,134,222,147,1,True
EUW1_7584826156,15.21.721.8442,420,913,CLASSIC,1,133,92,555,134,163,0,45,91,555,92,115,516,59,69,161,432,68,246,7,901,89,1,True
EUW1_7584852199,15.21.721.8442,420,1960,CLASSIC,1,91,40,13,432,238,0,27,517,12,119,893,799,246,55,110,888,98,131,126,145,526,1,True
EUW1_7584855435,15.21.721.8442,420,2196,CLASSIC,1,555,799,27,55,950,0,555,238,517,91,107,516,246,163,15,43,150,143,18,804,24,1,True
EUW1_7584877796,15.21.721.8442,420,1255,CLASSIC,0,-1,51,-1,804,122,1,-1,-1,246,120,78,897,59,910,15,80,92,427,81,115,12,0,True
EUW1_7584885385,15.21.721.8442,420,2513,CLASSIC,1,14,163,81,238,64,0,-1,893,555,111,266,142,91,45,804,432,41,246,31,901,161,1,True
EUW1_7584950203,15.21.721.8442,420,1614,CLASSIC,0,-1,163,804,40,800,1,126,804,800,-1,91,36,59,134,498,497,92,104,7,910,111,0,True
EUW1_7584956620,15.21.721.8442,420,1824,CLASSIC,1,799,14,950,238,246,0,7,91,246,60,35,266,131,18,115,432,126,64,161,804,117,1,True
EUW1_7585005110,15.21.721.8442,420,2422,CLASSIC,0,60,804,91,254,246,1,91,40,27,887,246,58,9,893,145,526,79,104,61,157,235,0,True
EUW1_7585021831,15.21.721.8442,420,1584,CLASSIC,1,64,163,432,133,804,0,799,13,-1,91,24,266,59,893,15,888,122,517,18,115,555,1,True
EUW1_7585067593,15.21.721.8442,420,1354,CLASSIC,0,64,238,40,133,-1,1,266,122,104,13,804,799,59,517,145,518,58,234,7,115,497,0,True
EUW1_7585231808,15.21.721.8442,420,2197,CLASSIC,0,62,119,526,54,107,1,238,7,27,15,80,39,246,134,804,40,58,517,126,910,555,0,True
EUW1_7585232129,15.21.721.8442,420,1720,CLASSIC,0,74,7,84,24,54,1,201,105,67,29,24,777,234,61,145,526,39,238,3,119,111,0,True
EUW1_7585244900,15.21.721.8442,420,2220,CLASSIC,1,84,432,555,98,526,0,76,27,246,80,107,799,238,105,800,40,421,104,112,804,43,1,True
EUW1_7585259300,15.21.721.8442,420,2031,CLASSIC,0,35,67,432,33,92,1,27,804,246,98,517,887,238,893,51,43,14,76,112,235,111,0,True
EUW1_7585273951,15.21.721.8442,420,1715,CLASSIC,0,-1,92,111,27,526,1,518,24,555,238,7,266,104,268,115,497,157,246,84,51,432,0,True
EUW1_7585284077,15.21.721.8442,420,2174,CLASSIC,0,517,91,67,29,98,1,107,238,67,60,432,126,63,39,115,555,58,887,142,51,518,0,True
EUW1_7585289254,15.21.721.8442,420,2323,CLASSIC,1,134,517,62,526,54,0,238,246,-1,432,24,67,91,26,901,43,39,154,13,804,117,1,True
EUW1_7585308303,15.21.721.8442,420,1870,CLASSIC,1,104,107,517,91,238,0,142,37,166,91,-1,58,254,134,51,60,36,246,157,800,432,1,True
EUW1_7585312203,15.21.721.8442,420,1243,CLASSIC,1,804,2,246,32,799,0,526,122,246,111,238,887,24,777,523,432,897,59,893,222,223,1,True
EUW1_7585325944,15.21.721.8442,420,1581,CLASSIC,1,555,92,246,799,61,0,40,950,238,91,246,114,154,163,22,432,83,517,14,81,43,1,True
EUW1_7585343266,15.21.721.8442,420,1951,CLASSIC,0,-1,799,238,246,91,1,166,246,15,98,37,897,104,7,42,555,150,62,711,910,432,0,True
EUW1_7585357350,15.21.721.8442,420,1977,CLASSIC,1,555,432,111,799,81,0,246,126,40,91,145,84,107,103,804,43,27,104,39,901,53,1,True
EUW1_7585381569,15.21.721.8442,420,1801,CLASSIC,0,238,14,246,37,67,1,91,432,68,201,804,113,131,157,15,57,266,104,893,81,12,0,True
EUW1_7585405110,15.21.721.8442,420,1614,CLASSIC,0,107,238,246,119,804,1,-1,39,526,91,92,68,121,13,67,555,799,77,268,81,40,0,True
EUW1_7585412972,15.21.721.8442,420,1098,CLASSIC,1,32,91,78,122,893,0,161,154,8,7,39,24,64,61,81,12,126,59,157,145,497,1,True
EUW1_7585414681,15.21.721.8442,420,1659,CLASSIC,1,91,37,246,14,-1,0,893,60,246,432,78,266,104,163,804,57,114,950,134,18,526,1,True
EUW1_7585416344,15.21.721.8442,420,2055,CLASSIC,0,91,432,59,27,80,1,799,804,35,555,800,68,104,910,15,142,516,246,134,81,161,0,True
EUW1_7585422995,15.21.721.8442,420,1949,CLASSIC,1,555,51,246,54,517,0,64,59,-1,246,-1,67,24,887,804,12,14,5,711,145,78,1,True
EUW1_7585447557,15.21.721.8442,420,1318,CLASSIC,1,91,901,126,13,893,0,432,804,92,799,91,27,59,84,15,497,114,64,517,81,518,1,True
EUW1_7585453466,15.21.721.8442,420,1363,CLASSIC,0,555,12,84,432,91,1,246,517,238,799,39,516,104,163,804,53,110,5,103,145,111,0,True
EUW1_7585473527,15.21.721.8442,420,1681,CLASSIC,1,-1,51,-1,91,246,0,145,62,91,246,518,84,120,126,523,44,39,517,777,222,412,1,True
EUW1_7585478781,15.21.721.8442,420,1733,CLASSIC,0,13,238,555,804,799,1,238,246,114,84,432,14,154,91,161,12,266,5,103,145,526,0,True
EUW1_7585495872,15.21.721.8442,420,1420,CLASSIC,1,78,107,91,-1,7,0,7,119,91,122,35,79,64,157,51,12,897,246,42,96,89,1,True
EUW1_7585519146,15.21.721.8442,420,1316,CLASSIC,0,246,119,107,39,104,1,421,131,119,-1,246,110,234,134,145,518,83,91,887,42,40,0,True
EUW1_7585540101,15.21.721.8442,420,1377,CLASSIC,0,246,518,238,24,40,1,-1,432,91,43,555,131,20,39,51,111,26,59,777,202,60,0,True
EUW1_7585548579,15.21.721.8442,420,1817,CLASSIC,0,238,91,246,98,-1,1,91,104,-1,432,126,84,64,61,81,12,92,76,777,910,526,0,True
EUW1_7585566609,15.21.721.8442,420,1263,CLASSIC,1,804,91,246,27,61,0,950,64,69,893,246,799,238,13,523,432,68,121,777,81,43,1,True
EUW1_7585596745,15.21.721.8442,420,910,CLASSIC,1,119,61,432,91,799,0,432,134,950,555,39,114,64,69,145,161,110,246,112,523,43,1,True
EUW1_7585661455,15.21.721.8442,420,2041,CLASSIC,0,27,517,91,432,121,1,67,432,91,104,246,85,64,14,800,111,112,78,19,81,89,0,True
EUW1_7585685805,15.21.721.8442,420,1529,CLASSIC,0,427,40,804,910,238,1,91,126,107,432,893,150,64,45,145,518,27,246,134,498,526,0,True
EUW1_7585699472,15.21.721.8442,420,1840,CLASSIC,0,555,245,8,7,27,1,804,91,27,233,40,266,163,101,145,12,799,427,61,15,111,0,True
EUW1_7585801439,15.21.721.8442,420,1379,CLASSIC,1,7,107,91,78,126,0,233,-1,76,68,246,114,950,84,42,154,887,24,3,145,72,1,True
EUW1_7585854280,15.21.721.8442,420,2006,CLASSIC,1,76,-1,246,126,40,0,-1,246,27,13,432,113,24,163,145,60,68,104,133,804,902,1,True
EUW1_7585905282,15.21.721.8442,420,1194,CLASSIC,1,-1,233,154,163,91,0,154,432,266,-1,91,58,246,268,498,497,41,36,910,221,40,1,True
EUW1_7585939607,15.21.721.8442,420,931,CLASSIC,1,27,246,13,91,58,0,246,45,799,91,25,92,35,133,115,432,114,5,893,51,142,1,True
EUW1_7585955127,15.21.721.8442,420,1658,CLASSIC,1,78,246,555,432,91,0,13,154,800,893,92,24,104,127,804,201,36,64,55,119,111,1,True
EUW1_7585973558,15.21.721.8442,420,1768,CLASSIC,1,238,122,893,-1,53,0,13,517,238,35,81,887,234,41,51,888,126,104,8,245,111,1,True
EUW1_7586039584,15.21.721.8442,420,2191,CLASSIC,1,92,804,126,893,145,0,91,238,114,126,76,897,104,41,901,518,74,59,27,115,555,1,True
EUW1_7586095074,15.21.721.8442,420,1629,CLASSIC,1,91,64,58,107,78,0,91,40,145,-1,234,92,517,13,67,526,799,246,103,18,12,1,True
EUW1_7586294607,15.21.721.8442,420,2348,CLASSIC,1,895,246,55,27,555,0,30,114,27,804,53,105,234,142,145,267,240,238,893,99,43,1,True
EUW1_7586317604,15.21.721.8442,420,1503,CLASSIC,0,126,119,238,246,268,1,83,246,555,238,35,27,104,14,51,497,6,517,901,81,432,0,True
EUW1_7586320741,15.21.721.8442,420,1563,CLASSIC,1,13,91,67,131,24,0,35,238,8,119,98,106,246,61,145,43,150,5,910,81,60,1,True
EUW1_7586326988,15.21.721.8442,420,1152,CLASSIC,1,555,432,27,799,517,0,432,235,42,76,804,68,421,134,81,111,516,246,99,901,497,1,True
EUW1_7586333201,15.21.721.8442,420,1429,CLASSIC,0,114,67,246,112,432,1,84,246,98,238,804,83,91,61,498,412,126,131,3,145,518,0,True
EUW1_7586336271,15.21.721.8442,420,1493,CLASSIC,0,40,421,517,895,84,1,432,246,35,126,526,240,56,90,115,555,50,5,61,42,235,0,True
EUW1_7586345841,15.21.721.8442,420,1831,CLASSIC,0,526,-1,238,-1,13,1,107,517,799,238,91,266,104,887,15,111,114,246,134,804,117,0,True
EUW1_7586348394,15.21.721.8442,420,1276,CLASSIC,1,54,119,91,107,-1,0,98,111,517,555,78,266,246,3,145,497,887,238,103,42,12,1,True
EUW1_7586356775,15.21.721.8442,420,917,CLASSIC,0,39,107,67,7,114,1,107,432,238,421,48,240,246,13,523,117,799,2,893,804,43,0,True
EUW1_7586358755,15.21.721.8442,420,1342,CLASSIC,1,799,555,78,42,134,0,61,107,117,804,27,517,246,26,145,526,114,91,112,50,111,1,True
EUW1_7586369926,15.21.721.8442,420,2147,CLASSIC,0,-1,26,91,117,39,1,107,2,238,432,121,777,950,84,18,27,150,427,134,804,201,0,True
EUW1_7586372172,15.21.721.8442,420,1597,CLASSIC,1,78,119,42,91,27,0,104,233,238,432,246,58,30,126,22,526,799,76,103,202,40,1,True
EUW1_7586382484,15.21.721.8442,420,1283,CLASSIC,0,517,92,804,14,76,1,526,119,91,266,432,799,238,134,221,111,50,104,39,15,40,0,True
EUW1_7586406412,15.21.721.8442,420,1140,CLASSIC,0,91,107,432,98,78,1,497,246,238,25,24,799,517,103,51,526,157,62,142,804,201,0,True
EUW1_7586413225,15.21.721.8442,420,1392,CLASSIC,0,54,91,246,555,84,1,67,246,62,893,104,8,59,3,42,235,98,107,18,21,60,0,True
EUW1_7586421900,15.21.721.8442,420,1629,CLASSIC,1,58,555,238,119,427,0,107,91,-1,43,950,799,104,134,222,80,14,234,142,42,517,1,True
EUW1_7586444056,15.21.721.8442,420,1576,CLASSIC,1,432,58,555,64,238,0,427,91,555,13,107,266,80,163,29,12,126,246,517,145,497,1,True
EUW1_7586447148,15.21.721.8442,420,1109,CLASSIC,1,59,-1,91,799,800,0,-1,950,126,246,142,106,76,134,804,412,104,427,61,222,111,1,True
EUW1_7586476491,15.21.721.8442,420,1646,CLASSIC,1,91,246,238,14,555,0,427,58,91,432,555,64,20,134,804,117,114,104,268,29,412,1,True
EUW1_7586507462,15.21.721.8442,420,1465,CLASSIC,1,246,266,91,61,555,0,432,-1,54,555,91,50,950,84,804,201,67,104,134,21,89,1,True
EUW1_7586529917,15.21.721.8442,420,2154,CLASSIC,1,555,91,266,246,84,0,54,59,799,432,84,50,104,112,804,201,67,950,134,21,526,1,True
EUW1_7586571984,15.21.721.8442,420,2004,CLASSIC,1,804,266,91,555,84,0,145,107,238,54,39,50,5,134,81,497,67,246,112,236,63,1,True
EUW1_7586582256,15.21.721.8442,420,1698,CLASSIC,0,91,42,887,13,27,1,126,61,91,131,804,266,246,134,202,43,68,950,69,81,432,0,True
EUW1_7586612790,15.21.721.8442,420,1652,CLASSIC,1,107,800,201,27,13,0,81,7,40,78,126,85,64,133,84,235,157,246,54,96,432,1,True
EUW1_7586619136,15.21.721.8442,420,1761,CLASSIC,1,555,432,126,61,78,0,432,27,91,84,950,68,246,7,69,235,266,64,134,145,89,1,True
EUW1_7586638015,15.21.721.8442,420,1715,CLASSIC,1,246,119,40,804,-1,0,68,517,233,104,27,897,238,61,145,518,887,78,268,42,80,1,True
EUW1_7586691915,15.21.721.8442,420,1662,CLASSIC,1,133,-1,107,91,89,0,91,13,126,27,246,893,104,81,800,497,799,68,115,804,111,1,True
EUW1_7586740835,15.21.721.8442,420,1454,CLASSIC,1,126,222,8,91,246,0,518,61,13,107,246,14,68,54,804,43,887,60,133,51,111,1,True
EUW1_7586766201,15.21.721.8442,420,1710,CLASSIC,0,-1,246,13,15,432,1,115,126,5,555,7,36,200,84,910,53,27,163,238,21,89,0,True
EUW1_7586786785,15.21.721.8442,420,1998,CLASSIC,0,84,91,893,133,55,1,8,133,19,81,126,150,104,134,498,497,92,246,3,145,114,0,True
EUW1_7586794715,15.21.721.8442,420,1377,CLASSIC,0,804,-1,246,-1,61,1,136,246,893,-1,555,126,104,134,81,154,98,238,112,145,43,0,True
EUW1_7586816956,15.21.721.8442,420,1652,CLASSIC,1,555,115,107,950,13,0,55,432,799,131,35,150,163,133,161,526,114,59,103,804,40,1,True
EUW1_7586833207,15.21.721.8442,420,2381,CLASSIC,0,126,91,804,432,246,1,17,-1,98,201,804,27,238,61,202,43,83,517,166,81,53,0,True
EUW1_7586847910,15.21.721.8442,420,922,CLASSIC,1,-1,134,126,246,145,0,246,897,91,950,432,799,68,4,51,60,893,5,901,202,80,1,True
EUW1_7586853659,15.21.721.8442,420,1510,CLASSIC,0,91,555,58,246,-1,1,78,893,62,246,-1,92,59,163,115,43,85,950,98,157,526,0,True
EUW1_7586877456,15.21.721.8442,420,1005,CLASSIC,1,246,126,804,78,42,0,35,-1,91,950,7,74,64,61,145,12,36,76,910,15,201,1,True
EUW1_7586918610,15.21.721.8442,420,1747,CLASSIC,0,13,12,27,64,35,1,126,804,27,7,-1,14,91,17,67,53,74,246,268,81,526,0,True
EUW1_7586932076,15.21.721.8442,420,1452,CLASSIC,1,107,238,145,133,126,0,91,51,119,133,246,92,517,777,115,432,897,104,61,18,78,1,True
EUW1_7586970152,15.21.721.8442,420,2220,CLASSIC,1,432,799,555,111,13,0,161,35,893,91,517,17,238,3,202,99,114,245,61,119,412,1,True
EUW1_7587032447,15.21.721.8442,420,1617,CLASSIC,1,518,246,107,92,13,0,7,13,799,43,133,887,91,55,51,432,516,104,245,202,497,1,True
EUW1_7587052570,15.21.721.8442,420,1376,CLASSIC,0,804,17,-1,119,58,1,432,13,91,5,161,92,246,910,18,518,133,517,61,42,111,0,True
EUW1_7587062208,15.21.721.8442,420,1243,CLASSIC,1,-1,107,432,246,111,0,145,91,555,246,58,126,24,103,15,43,897,5,163,523,12,1,True
EUW1_7587071716,15.21.721.8442,420,1231,CLASSIC,0,126,133,92,432,246,1,91,526,804,-1,-1,27,36,134,145,12,10,104,84,81,89,0,True
EUW1_7587113316,15.21.721.8442,420,1844,CLASSIC,0,246,91,104,121,893,1,246,432,555,91,27,114,238,84,81,43,126,64,61,136,497,0,True
EUW1_7587171134,15.21.721.8442,420,914,CLASSIC,0,555,91,27,92,68,1,238,24,133,432,92,897,11,800,136,53,887,246,777,115,111,0,True
EUW1_7587184956,15.21.721.8442,420,1508,CLASSIC,1,517,432,246,799,78,0,111,-1,238,104,7,240,64,245,523,43,126,30,38,221,902,1,True
EUW1_7587205522,15.21.721.8442,420,1481,CLASSIC,1,517,16,119,893,107,0,432,91,133,122,245,24,64,101,18,12,897,104,268,236,267,1,True
EUW1_7587212775,15.21.721.8442,420,1585,CLASSIC,0,432,517,92,91,246,1,64,555,104,133,238,266,80,134,222,497,799,121,157,136,12,0,True
EUW1_7587341917,15.21.721.8442,420,1953,CLASSIC,1,119,107,-1,201,-1,0,432,27,799,7,804,68,238,4,18,111,897,91,893,143,26,1,True
EUW1_7587360118,15.21.721.8442,420,1824,CLASSIC,1,555,246,105,910,27,0,67,245,238,7,68,799,121,61,42,12,58,106,13,145,526,1,True
EUW1_7587381022,15.21.721.8442,420,1710,CLASSIC,1,91,238,92,78,804,0,166,432,-1,39,91,421,246,134,119,53,266,35,142,222,201,1,True
EUW1_7587386889,15.21.721.8442,420,1705,CLASSIC,0,111,203,98,432,119,1,28,555,126,64,246,150,122,893,145,60,27,238,13,81,12,0,True
EUW1_7587399981,15.21.721.8442,420,1699,CLASSIC,0,114,432,27,48,238,1,62,126,555,91,432,79,2,61,145,111,6,246,910,901,497,0,True
EUW1_7587418271,15.21.721.8442,420,1588,CLASSIC,0,134,2,92,91,27,1,8,27,517,91,107,58,238,61,15,78,799,30,3,901,12,0,True
EUW1_7587447936,15.21.721.8442,420,1339,CLASSIC,0,11,804,27,30,200,1,950,27,238,51,107,78,203,61,42,497,79,76,910,15,12,0,True
EUW1_7587492751,15.21.721.8442,420,1024,CLASSIC,0,8,7,91,555,-1,1,84,126,54,59,517,875,246,893,147,526,67,20,134,236,111,0,True
EUW1_7587500096,15.21.721.8442,420,1668,CLASSIC,0,-1,117,-1,134,-1,1,91,432,27,43,21,266,950,142,42,555,114,77,893,51,518,0,True
EUW1_7587527993,15.21.721.8442,420,1738,CLASSIC,1,27,517,432,64,555,0,238,246,555,91,804,54,234,81,136,12,31,59,99,42,497,1,True
EUW1_7587535971,15.21.721.8442,420,1616,CLASSIC,1,266,107,555,246,432,0,-1,555,799,117,7,14,427,238,15,89,31,203,800,222,12,1,True
EUW1_7587592946,15.21.721.8442,420,1601,CLASSIC,0,-1,497,804,119,91,1,126,134,61,432,804,150,104,115,901,555,27,64,69,22,53,0,True
EUW1_7587604831,15.21.721.8442,420,1693,CLASSIC,1,107,897,13,246,39,0,246,111,91,7,24,266,238,893,523,526,777,77,799,804,76,1,True
EUW1_7587622169,15.21.721.8442,420,1901,CLASSIC,0,804,238,246,517,68,1,104,91,233,432,246,98,245,61,110,111,82,76,777,22,555,0,True
EUW1_7587638745,15.21.721.8442,420,1627,CLASSIC,1,799,526,133,91,246,0,15,122,246,238,-1,897,143,950,804,40,58,104,45,910,43,1,True
EUW1_7587650366,15.21.721.8442,420,1719,CLASSIC,0,-1,39,800,91,246,1,107,91,111,-1,266,163,234,268,145,89,14,80,4,81,43,0,True
EUW1_7587695326,15.21.721.8442,420,1162,CLASSIC,0,432,91,13,84,246,1,91,107,115,950,67,79,5,134,22,555,19,64,163,145,518,0,True
EUW1_7587719077,15.21.721.8442,420,1728,CLASSIC,1,27,84,161,91,246,0,55,432,799,555,161,897,163,105,804,201,887,104,3,22,111,1,True
EUW1_7587723379,15.21.721.8442,420,1554,CLASSIC,0,950,238,91,-1,55,1,13,45,92,555,27,897,104,268,498,53,887,113,39,22,235,0,True
EUW1_7587737523,15.21.721.8442,420,1591,CLASSIC,1,-1,804,115,98,145,0,799,246,91,80,555,24,238,163,18,432,114,64,777,136,43,1,True
EUW1_7587747063,15.21.721.8442,420,1582,CLASSIC,0,81,35,91,432,77,1,13,107,64,497,246,31,104,45,804,526,887,80,14,51,555,0,True
EUW1_7587756204,15.21.721.8442,420,1111,CLASSIC,0,91,432,246,25,119,1,114,55,799,804,-1,893,35,142,221,201,39,36,61,22,60,0,True
EUW1_7587795624,15.21.721.8442,420,1523,CLASSIC,1,67,27,84,246,42,0,246,91,432,266,-1,777,48,134,22,555,8,238,99,804,111,1,True
EUW1_7587827588,15.21.721.8442,420,1682,CLASSIC,0,115,114,555,119,246,1,119,133,246,13,91,98,238,163,136,235,17,64,61,145,518,0,True
EUW1_7587854509,15.21.721.8442,420,1762,CLASSIC,0,555,804,27,91,233,1,27,201,517,13,804,799,64,3,145,89,58,245,246,81,53,0,True
EUW1_7587857365,15.21.721.8442,420,1403,CLASSIC,0,17,163,799,555,432,1,78,246,13,40,107,14,950,61,136,43,150,131,133,145,497,0,True
EUW1_7587957225,15.21.721.8442,420,1701,CLASSIC,1,91,246,555,804,126,0,804,78,799,-1,64,13,62,92,910,111,106,121,105,157,526,1,True
EUW1_7588007813,15.21.721.8442,420,2402,CLASSIC,0,78,246,799,432,92,1,91,13,121,799,555,54,68,81,157,497,114,238,133,136,53,0,True
EUW1_7588237058,15.21.721.8442,420,1265,CLASSIC,0,24,421,91,800,555,1,804,-1,950,25,245,799,427,134,222,12,58,246,893,96,79,0,True
EUW1_7588249056,15.21.721.8442,420,1428,CLASSIC,1,9,555,84,39,887,0,35,246,91,897,136,104,59,105,81,235,79,234,134,110,111,1,True
EUW1_7588279651,15.21.721.8442,420,1546,CLASSIC,0,126,555,107,80,799,1,24,235,799,119,84,58,62,4,804,43,42,246,910,81,497,0,True
EUW1_7588377579,15.21.721.8442,420,912,CLASSIC,0,67,104,40,38,887,1,91,246,126,27,13,897,19,134,145,164,122,76,799,222,12,0,True
EUW1_7588451403,15.21.721.8442,420,1956,CLASSIC,0,238,122,555,39,53,1,91,7,126,804,134,799,57,777,136,43,266,63,246,202,497,0,True
EUW1_7588466476,15.21.721.8442,420,2037,CLASSIC,0,804,131,-1,8,246,1,27,166,58,238,246,887,950,777,147,78,92,517,13,901,526,0,True
EUW1_7588538909,15.21.721.8442,420,1381,CLASSIC,0,-1,555,91,13,804,1,119,91,84,76,497,14,163,133,81,89,777,59,134,236,80,0,True
EUW1_7588546688,15.21.721.8442,420,1639,CLASSIC,0,91,54,804,-1,25,1,246,432,234,91,799,43,77,142,29,526,14,35,84,901,555,0,True
EUW1_7588549718,15.21.721.8442,420,1465,CLASSIC,1,58,35,136,134,48,0,517,91,246,432,133,799,2,43,222,60,897,131,39,115,555,1,True
EUW1_7588561160,15.21.721.8442,420,1500,CLASSIC,1,-1,893,39,119,-1,0,246,804,91,126,555,114,104,6,115,89,897,245,777,22,147,1,True
EUW1_7588571556,15.21.721.8442,420,1604,CLASSIC,0,799,104,84,91,555,1,238,7,497,13,54,14,120,134,804,43,887,36,133,115,80,0,True
EUW1_7588575760,15.21.721.8442,420,2179,CLASSIC,0,8,246,555,107,114,1,555,91,104,238,246,64,517,69,804,3,2,200,13,161,32,0,True
EUW1_7588582782,15.21.721.8442,420,2220,CLASSIC,1,19,91,27,25,55,0,60,24,30,246,804,799,77,142,81,43,421,238,7,901,111,1,True
EUW1_7588602000,15.21.721.8442,420,1165,CLASSIC,1,804,-1,91,27,13,0,27,555,126,119,35,799,104,9,22,432,421,36,84,498,497,1,True
EUW1_7588618982,15.21.721.8442,420,1727,CLASSIC,0,238,13,78,142,107,1,117,67,238,91,555,68,246,517,804,12,19,64,268,50,111,0,True
EUW1_7588632752,15.21.721.8442,420,1732,CLASSIC,1,91,804,133,40,126,0,-1,27,119,799,238,8,121,84,15,432,246,104,3,145,555,1,True
EUW1_7588671061,15.21.721.8442,420,1453,CLASSIC,1,238,91,104,432,98,0,164,804,555,40,121,78,60,136,202,111,8,203,39,22,518,1,True
EUW1_7588724738,15.21.721.8442,420,1061,CLASSIC,0,497,246,134,27,238,1,268,121,6,91,27,777,62,69,145,80,266,131,38,804,117,0,True
EUW1_7588761826,15.21.721.8442,420,1438,CLASSIC,1,35,126,246,122,804,0,246,-1,91,555,134,897,59,141,145,518,164,77,90,22,29,1,True
EUW1_7588802644,15.21.721.8442,420,1507,CLASSIC,1,91,799,69,141,136,0,246,-1,27,121,91,421,56,61,145,432,58,60,14,498,555,1,True
EUW1_7588821987,15.21.721.8442,420,1533,CLASSIC,0,-1,432,51,161,2,1,517,246,111,91,555,64,67,13,145,497,54,245,39,81,89,0,True
EUW1_7588855656,15.21.721.8442,420,2171,CLASSIC,1,432,27,238,91,136,0,238,799,13,121,91,68,246,61,222,897,150,517,133,800,89,1,True
EUW1_7588876616,15.21.721.8442,420,1435,CLASSIC,1,517,233,92,91,107,0,246,-1,555,238,245,799,141,84,15,53,126,234,14,161,432,1,True
EUW1_7588881038,15.21.721.8442,420,1602,CLASSIC,1,804,122,497,145,15,0,134,517,246,98,91,14,518,45,235,80,421,77,10,910,555,1,True
EUW1_7588882828,15.21.721.8442,420,1134,CLASSIC,1,58,119,166,804,-1,0,238,92,246,517,107,799,104,13,18,89,24,234,800,145,245,1,True
EUW1_7588904249,15.21.721.8442,420,2209,CLASSIC,0,91,83,-1,-1,804,1,64,777,13,246,238,897,254,268,236,432,887,121,133,145,111,0,True
EUW1_7588911970,15.21.721.8442,420,2430,CLASSIC,0,91,34,68,246,517,1,246,119,98,6,517,82,104,61,804,111,24,120,245,51,432,0,True
EUW1_7588946238,15.21.721.8442,420,1659,CLASSIC,1,897,91,246,432,161,0,7,518,91,555,27,799,517,84,145,526,78,48,61,800,497,1,True
EUW1_7588951453,15.21.721.8442,420,1104,CLASSIC,1,497,517,13,53,799,0,234,245,517,246,897,126,421,55,136,555,79,64,69,222,32,1,True
EUW1_7588968132,15.21.721.8442,420,1588,CLASSIC,1,555,517,39,-1,246,0,238,804,246,119,-1,150,245,4,145,57,126,91,61,22,432,1,True
EUW1_7588985668,15.21.721.8442,420,1743,CLASSIC,1,246,78,107,64,897,0,517,432,246,555,161,98,91,7,804,526,245,238,893,523,412,1,True
EUW1_7589003664,15.21.721.8442,420,1557,CLASSIC,1,555,91,78,432,27,0,246,518,89,122,55,799,517,163,51,25,897,98,61,115,111,1,True
EUW1_7589013548,15.21.721.8442,420,1376,CLASSIC,1,7,246,27,432,59,0,107,39,517,432,233,266,79,157,21,111,13,234,84,145,53,1,True
EUW1_7589018661,15.21.721.8442,420,1606,CLASSIC,1,-1,91,134,555,92,0,68,799,91,246,432,24,238,61,222,518,150,950,245,145,526,1,True
EUW1_7589062971,15.21.721.8442,420,1784,CLASSIC,0,84,7,555,92,432,1,122,91,-1,246,432,799,59,268,136,43,893,517,157,804,111,0,True
EUW1_7589081696,15.21.721.8442,420,1714,CLASSIC,0,133,246,421,64,145,1,91,-1,68,238,432,897,517,39,110,901,67,59,115,15,45,0,True
EUW1_7589089023,15.21.721.8442,420,1636,CLASSIC,1,91,107,246,555,800,0,432,161,246,91,141,799,163,777,136,12,14,56,61,804,888,1,True
EUW1_7589102759,15.21.721.8442,420,1467,CLASSIC,0,91,58,84,61,246,1,555,246,887,7,893,799,120,25,804,43,266,9,142,81,432,0,True
EUW1_7589118656,15.21.721.8442,420,1268,CLASSIC,0,67,555,166,40,517,1,517,246,555,-1,91,68,245,7,145,235,897,64,3,81,142,0,True
EUW1_7589150858,15.21.721.8442,420,1666,CLASSIC,0,246,9,895,238,58,1,800,887,901,91,121,799,5,101,51,432,421,163,950,119,555,0,True
EUW1_7589206708,15.21.721.8442,420,941,CLASSIC,0,238,7,83,246,91,1,-1,246,800,91,-1,58,68,157,42,12,777,163,84,145,78,0,True
EUW1_7589240052,15.21.721.8442,420,2067,CLASSIC,0,163,126,-1,246,432,1,246,136,800,234,145,114,517,3,236,12,68,98,7,222,526,0,True
EUW1_7589384163,15.21.721.8442,420,1950,CLASSIC,0,134,246,432,64,893,1,246,25,2,887,800,266,91,61,115,16,58,59,163,119,555,0,True
EUW1_7589426304,15.21.721.8442,420,2228,CLASSIC,0,91,432,887,107,14,1,15,134,121,432,91,799,246,3,804,518,58,104,157,74,40,0,True
EUW1_7589462678,15.21.721.8442,420,1591,CLASSIC,0,555,238,246,517,64,1,799,119,78,246,-1,24,91,133,136,111,69,104,142,804,432,0,True
EUW1_7589473395,15.21.721.8442,420,1110,CLASSIC,1,114,-1,887,112,555,0,555,517,91,246,114,897,104,90,119,40,150,245,45,51,63,1,True
EUW1_7589486410,15.21.721.8442,420,1734,CLASSIC,0,62,120,91,432,246,1,9,246,35,68,64,51,107,84,57,111,266,121,134,115,80,0,True
EUW1_7589554214,15.21.721.8442,420,1365,CLASSIC,1,56,64,114,24,13,0,119,246,555,84,42,80,91,163,51,432,245,234,800,804,44,1,True
EUW1_7589587919,15.21.721.8442,420,1776,CLASSIC,0,67,58,134,107,432,1,91,222,107,114,78,799,64,103,145,526,80,246,800,498,497,0,True
EUW1_7589600936,15.21.721.8442,420,913,CLASSIC,1,246,-1,-1,42,30,0,115,42,804,84,246,79,104,893,895,235,516,200,29,81,497,1,True
EUW1_7589609121,15.21.721.8442,420,1449,CLASSIC,0,246,91,37,53,200,1,42,91,-1,200,81,98,14,61,145,43,421,104,38,901,526,0,True
EUW1_7589618028,15.21.721.8442,420,1452,CLASSIC,1,27,114,75,246,799,0,53,64,134,54,246,31,427,61,804,111,67,91,910,901,37,1,True
EUW1_7589627943,15.21.721.8442,420,1393,CLASSIC,0,104,7,14,950,555,1,104,98,238,91,200,246,131,8,777,89,39,113,3,42,37,0,True
EUW1_7589638545,15.21.721.8442,420,1002,CLASSIC,1,234,246,-1,555,268,0,7,804,238,42,114,893,104,36,145,44,897,876,142,81,60,1,True
EUW1_7589639387,15.21.721.8442,420,1475,CLASSIC,1,67,555,-1,114,91,0,-1,91,163,233,131,31,246,39,42,518,897,950,3,804,12,1,True
EUW1_7589645287,15.21.721.8442,420,2116,CLASSIC,1,238,98,246,-1,84,0,497,54,24,136,246,799,234,134,804,60,67,64,7,222,555,1,True
EUW1_7589649268,15.21.721.8442,420,1100,CLASSIC,0,98,-1,246,517,238,1,42,39,555,432,518,68,91,36,804,235,897,234,134,81,44,0,True
EUW1_7589663552,15.21.721.8442,420,2357,CLASSIC,0,200,246,895,804,432,1,517,119,61,950,27,266,59,893,235,12,114,131,157,202,32,0,True
EUW1_7589677526,15.21.721.8442,420,1503,CLASSIC,1,134,517,897,122,78,0,-1,246,238,134,104,157,950,910,81,12,777,91,127,804,25,1,True
EUW1_7589678887,15.21.721.8442,420,1393,CLASSIC,0,-1,122,13,-1,107,1,246,238,-1,233,432,799,234,4,18,526,24,91,61,42,117,0,True
EUW1_7589680630,15.21.721.8442,420,1450,CLASSIC,1,432,39,235,246,238,0,107,555,119,432,91,799,950,134,81,43,68,234,777,202,518,1,True
EUW1_7589720548,15.21.721.8442,420,961,CLASSIC,0,91,107,804,-1,104,1,233,107,246,238,-1,14,200,7,29,526,31,30,777,51,60,0,True
EUW1_7589730841,15.21.721.8442,420,1121,CLASSIC,1,517,91,119,246,39,0,7,40,64,-1,246,34,421,777,804,201,266,121,13,145,518,1,True
EUW1_7589734910,15.21.721.8442,420,1751,CLASSIC,1,246,7,119,84,804,0,432,246,804,84,555,79,64,157,901,111,126,78,134,236,526,1,True
EUW1_7589738844,15.21.721.8442,420,1955,CLASSIC,1,432,246,13,42,91,0,107,246,60,30,-1,799,64,84,800,497,58,238,3,804,555,1,True
EUW1_7589776663,15.21.721.8442,420,1652,CLASSIC,1,84,91,246,432,10,0,84,950,91,246,78,8,421,56,110,497,150,131,134,157,12,1,True
EUW1_7589785464,15.21.721.8442,420,1662,CLASSIC,0,64,266,107,7,902,1,517,119,555,27,84,41,91,711,804,888,76,246,29,145,80,0,True
EUW1_7589785696,15.21.721.8442,420,1497,CLASSIC,1,91,555,54,246,804,0,91,360,58,-1,13,14,517,67,136,12,799,950,84,51,60,1,True
EUW1_7589819389,15.21.721.8442,420,1744,CLASSIC,0,67,238,91,7,121,1,54,84,-1,103,91,83,517,799,42,60,39,246,29,51,43,0,True
EUW1_7589826349,15.21.721.8442,420,1444,CLASSIC,1,246,61,526,84,27,0,98,107,555,119,13,14,91,134,115,43,777,121,4,21,432,1,True
EUW1_7589849496,15.21.721.8442,420,1230,CLASSIC,1,91,27,84,53,43,0,-1,246,432,555,122,799,950,134,96,60,83,35,61,81,161,1,True
EUW1_7589877877,15.21.721.8442,420,1581,CLASSIC,0,145,64,91,39,246,1,91,246,76,555,27,777,238,134,15,432,24,59,61,42,43,0,True
EUW1_7589890527,15.21.721.8442,420,1598,CLASSIC,0,42,91,238,13,121,1,60,246,84,64,555,14,59,245,429,78,799,517,893,804,12,0,True
EUW1_7589951122,15.21.721.8442,420,1223,CLASSIC,1,555,246,14,91,111,0,555,35,84,245,799,6,120,61,115,235,24,950,800,202,432,1,True
EUW1_7589955712,15.21.721.8442,420,1867,CLASSIC,0,91,92,238,799,-1,1,555,91,92,84,134,79,62,7,22,12,83,64,90,157,497,0,True
EUW1_7590006195,15.21.721.8442,420,1604,CLASSIC,1,13,59,91,246,92,0,555,119,60,799,92,98,950,134,498,201,82,245,61,15,235,1,True
EUW1_7590022592,15.21.721.8442,420,2041,CLASSIC,0,799,55,68,104,119,1,92,432,134,78,555,69,950,777,15,497,517,59,1,51,43,0,True
EUW1_7590047522,15.21.721.8442,420,1648,CLASSIC,1,91,555,800,92,107,0,27,64,59,238,84,799,246,163,29,111,122,121,245,51,432,1,True
EUW1_7590074957,15.21.721.8442,420,2240,CLASSIC,1,888,555,53,7,92,0,91,145,517,246,2,799,234,893,136,78,64,104,245,39,518,1,True
EUW1_7590124153,15.21.721.8442,420,2844,CLASSIC,1,142,107,238,234,91,0,126,432,8,142,84,887,64,134,804,518,68,121,3,51,32,1,True
EUW1_7590143323,15.21.721.8442,420,1623,CLASSIC,1,32,126,800,13,133,0,119,246,-1,238,799,74,36,55,81,555,39,141,84,96,432,1,True
EUW1_7590207708,15.21.721.8442,420,1601,CLASSIC,1,64,432,555,246,126,0,107,246,145,799,84,74,91,39,136,497,114,24,134,81,78,1,True
EUW1_7590225105,15.21.721.8442,420,914,CLASSIC,1,163,119,246,27,-1,0,-1,98,7,84,91,266,59,61,804,147,68,62,64,69,164,1,True
EUW1_7590258886,15.21.721.8442,420,1756,CLASSIC,1,134,163,107,517,91,0,76,950,238,67,246,897,245,58,22,147,68,121,157,145,432,1,True
EUW1_7590296012,15.21.721.8442,420,1622,CLASSIC,0,161,40,799,412,91,1,8,91,122,13,432,57,60,39,22,902,897,517,133,81,526,0,True
EUW1_7590322949,15.21.721.8442,420,1153,CLASSIC,0,799,163,555,145,800,1,897,39,91,51,246,150,121,7,136,412,84,234,950,147,111,0,True
EUW1_7590355106,15.21.721.8442,420,911,CLASSIC,0,126,432,84,246,-1,1,64,119,-1,432,133,74,59,67,163,412,800,91,39,22,43,0,True
EUW1_7590494530,15.21.721.8442,420,1993,CLASSIC,0,91,40,950,27,133,1,92,84,555,133,91,897,427,777,157,432,887,59,56,136,235,0,True
EUW1_7590535370,15.21.721.8442,420,1848,CLASSIC,1,91,-1,134,-1,897,0,238,432,13,12,98,79,59,69,202,497,266,517,246,51,60,1,True
EUW1_7590537728,15.21.721.8442,420,1838,CLASSIC,0,8,234,893,518,64,1,-1,91,78,238,145,80,131,31,51,76,266,950,517,81,43,0,True
EUW1_7590552652,15.21.721.8442,420,1630,CLASSIC,0,432,28,27,950,246,1,92,136,432,246,238,266,200,61,81,518,799,59,30,22,43,0,True
EUW1_7590569194,15.21.721.8442,420,911,CLASSIC,0,91,81,136,76,246,1,246,40,555,432,9,51,78,13,14,497,799,59,84,134,161,0,True
EUW1_7590626806,15.21.721.8442,420,1900,CLASSIC,0,64,32,42,134,897,1,114,91,432,145,27,799,121,90,2,43,887,950,112,498,555,0,True
EUW1_7590675529,15.21.721.8442,420,1760,CLASSIC,1,121,427,104,-1,91,0,27,64,-1,42,145,893,59,268,15,12,799,234,84,901,32,1,True
EUW1_7590702076,15.21.721.8442,420,951,CLASSIC,0,64,98,-1,61,145,1,246,121,42,104,91,897,59,8,22,78,893,950,84,429,111,0,True
EUW1_7590731777,15.21.721.8442,420,1980,CLASSIC,1,84,104,119,42,91,0,84,517,83,107,64,799,246,245,895,497,8,121,7,804,111,1,True
EUW1_7590745224,15.21.721.8442,420,1629,CLASSIC,1,64,799,246,-1,119,0,80,238,246,3,39,82,91,157,81,43,266,77,84,804,432,1,True
EUW1_7590761043,15.21.721.8442,420,967,CLASSIC,0,200,77,84,61,246,1,64,78,27,7,799,68,120,800,51,25,43,91,131,429,53,0,True
EUW1_7590769135,15.21.721.8442,420,1793,CLASSIC,0,104,39,111,24,80,1,238,246,64,107,43,887,35,893,42,555,141,91,3,99,51,0,True
EUW1_7590781492,15.21.721.8442,420,1779,CLASSIC,1,246,64,78,27,38,0,78,429,799,432,91,14,121,13,236,44,86,107,84,202,111,1,True
EUW1_7590787703,15.21.721.8442,420,2015,CLASSIC,0,7,119,804,126,91,1,526,107,246,64,7,86,59,101,22,432,150,121,25,51,43,0,True
EUW1_7590797671,15.21.721.8442,420,1727,CLASSIC,1,114,910,104,77,64,0,-1,-1,-1,246,799,14,91,8,42,518,67,517,84,51,12,1,True
EUW1_7590799370,15.21.721.8442,420,1591,CLASSIC,0,67,105,517,84,91,1,27,119,121,91,238,126,30,157,145,53,799,5,61,804,526,0,True
EUW1_7590830431,15.21.721.8442,420,2665,CLASSIC,1,27,37,91,799,30,0,517,134,133,555,-1,98,238,61,115,432,68,64,26,222,526,1,True
EUW1_7590854902,15.21.721.8442,420,2078,CLASSIC,0,246,91,78,133,238,1,-1,555,91,27,-1,68,950,3,222,526,266,59,61,901,432,0,True
EUW1_7590855127,15.21.721.8442,420,2527,CLASSIC,1,91,555,58,432,246,0,53,112,555,246,126,799,238,893,115,43,6,517,42,26,161,1,True
EUW1_7590857263,15.21.721.8442,420,1725,CLASSIC,0,246,107,8,91,517,1,804,555,92,238,799,897,59,61,222,37,83,5,3,523,117,0,True
EUW1_7590876002,15.21.721.8442,420,1727,CLASSIC,1,27,91,246,92,901,0,133,39,526,246,91,86,59,61,498,497,67,36,134,222,78,1,True
EUW1_7590885395,15.21.721.8442,420,1252,CLASSIC,1,145,35,799,895,40,0,91,-1,555,235,799,34,64,39,22,526,161,59,897,81,43,1,True
EUW1_7590895179,15.21.721.8442,420,2030,CLASSIC,0,59,107,119,-1,98,1,92,91,78,111,432,150,246,69,221,117,27,141,777,804,518,0,True
EUW1_7590910120,15.21.721.8442,420,911,CLASSIC,0,517,-1,134,39,432,1,432,83,7,555,91,34,238,26,51,111,68,77,799,236,201,0,True
EUW1_7590911472,15.21.721.8442,420,2026,CLASSIC,0,-1,91,25,81,-1,1,39,432,122,40,107,83,421,45,222,142,58,59,893,147,3,0,True
EUW1_7590923188,15.21.721.8442,420,1631,CLASSIC,0,-1,126,517,91,161,1,161,37,107,91,27,122,120,134,145,111,85,106,246,804,432,0,True
EUW1_7590927742,15.21.721.8442,420,1139,CLASSIC,1,-1,39,134,111,77,0,-1,555,83,777,432,34,246,26,901,76,68,59,136,145,12,1,True
EUW1_7590942599,15.21.721.8442,420,1580,CLASSIC,1,555,25,432,91,-1,0,40,84,69,122,107,897,80,142,136,111,150,64,103,145,12,1,True
EUW1_7590963064,15.21.721.8442,420,1710,CLASSIC,0,27,238,246,-1,91,1,555,26,238,84,107,799,36,7,804,497,83,59,134,51,111,0,True
EUW1_7590974523,15.21.721.8442,420,3037,CLASSIC,0,84,91,246,555,-1,1,91,76,804,105,120,887,238,134,42,432,14,64,13,901,111,0,True
EUW1_7591007353,15.21.721.8442,420,1998,CLASSIC,1,134,92,555,119,246,0,-1,134,518,27,7,266,60,26,145,111,887,950,55,51,432,1,True
EUW1_7591014022,15.21.721.8442,420,1609,CLASSIC,0,246,-1,54,432,-1,1,58,887,91,-1,40,67,238,34,804,518,92,517,777,119,43,0,True
EUW1_7591042316,15.21.721.8442,420,1668,CLASSIC,1,37,246,897,-1,119,0,107,887,34,246,40,79,104,161,110,432,83,950,134,145,53,1,True
EUW1_7591081813,15.21.721.8442,420,1684,CLASSIC,0,13,804,-1,81,246,1,432,887,799,76,54,24,238,84,45,497,43,517,67,119,40,0,True
EUW1_7591096813,15.21.721.8442,420,2133,CLASSIC,0,35,432,91,67,555,1,238,246,136,69,-1,19,104,163,115,12,799,131,266,22,526,0,True
EUW1_7591107609,15.21.721.8442,420,1634,CLASSIC,0,888,238,-1,27,432,1,432,427,27,804,40,14,234,517,145,111,266,59,84,81,12,0,True
EUW1_7591120323,15.21.721.8442,420,1477,CLASSIC,0,107,804,13,58,91,1,517,91,64,-1,134,887,246,84,81,432,14,60,126,22,497,0,True
EUW1_7591126410,15.21.721.8442,420,1160,CLASSIC,0,246,887,799,91,60,1,246,7,-1,122,51,54,517,84,804,518,421,950,55,145,432,0,True
EUW1_7591135369,15.21.721.8442,420,1392,CLASSIC,0,555,246,91,13,107,1,799,27,517,91,432,58,131,133,136,43,67,59,245,804,111,0,True
EUW1_7591146489,15.21.721.8442,420,1418,CLASSIC,1,19,-1,799,91,27,0,84,145,427,67,432,126,517,134,202,12,240,121,518,110,201,1,True
EUW1_7591156566,15.21.721.8442,420,1303,CLASSIC,0,91,19,804,432,246,1,-1,54,37,107,-1,799,131,3,81,43,887,234,777,147,9,0,True
EUW1_7591158245,15.21.721.8442,420,1957,CLASSIC,1,8,427,39,887,55,0,55,234,134,119,122,266,60,799,804,12,897,517,43,202,80,1,True
EUW1_7591175503,15.21.721.8442,420,1725,CLASSIC,1,517,246,163,107,238,0,126,246,238,27,91,61,254,13,96,518,74,5,112,236,432,1,True
EUW1_7591186069,15.21.721.8442,420,1721,CLASSIC,1,19,555,897,238,27,0,134,427,432,777,13,14,5,61,136,111,799,60,133,145,89,1,True
EUW1_7591200087,15.21.721.8442,420,2345,CLASSIC,0,37,804,246,238,107,1,110,555,107,69,126,799,427,61,202,432,92,234,13,81,161,0,True
EUW1_7591219458,15.21.721.8442,420,1715,CLASSIC,0,234,804,39,61,238,1,887,432,799,114,39,897,950,134,50,80,110,246,13,119,89,0,True
EUW1_7591221367,15.21.721.8442,420,1812,CLASSIC,0,246,-1,254,555,-1,1,246,555,238,77,27,799,62,61,804,117,58,78,268,910,235,0,True
EUW1_7591259895,15.21.721.8442,420,1574,CLASSIC,1,27,7,432,126,555,0,-1,13,163,39,432,74,104,157,136,111,110,120,133,145,89,1,True
EUW1_7591267305,15.21.721.8442,420,1911,CLASSIC,0,107,91,246,134,-1,1,68,91,887,107,233,106,427,112,110,201,799,950,61,119,518,0,True
EUW1_7591269575,15.21.721.8442,420,1707,CLASSIC,0,804,-1,8,246,58,1,92,51,246,91,13,887,421,39,81,78,14,64,55,42,60,0,True
EUW1_7591286821,15.21.721.8442,420,1296,CLASSIC,0,238,107,42,40,67,1,432,107,64,-1,27,897,246,61,523,201,114,234,517,145,89,0,True
EUW1_7591313798,15.21.721.8442,420,1199,CLASSIC,0,107,12,40,246,13,1,-1,804,-1,145,59,150,517,133,18,497,68,120,36,81,526,0,True
EUW1_7591353527,15.21.721.8442,420,1796,CLASSIC,0,142,555,25,233,91,1,800,126,136,91,887,799,59,7,115,432,74,238,163,804,111,0,True
EUW1_7591364969,15.21.721.8442,420,1349,CLASSIC,1,136,40,555,-1,804,0,81,35,13,804,-1,126,246,84,18,111,799,36,7,800,526,1,True
EUW1_7591440254,15.21.721.8442,420,1285,CLASSIC,1,246,61,163,238,27,0,91,107,246,234,238,266,121,13,804,127,887,78,112,145,111,1,True
EUW1_7591447714,15.21.721.8442,420,1713,CLASSIC,1,-1,517,799,246,-1,0,25,555,34,432,-1,68,24,245,110,518,897,234,134,115,235,1,True
EUW1_7591472184,15.21.721.8442,420,1312,CLASSIC,0,58,897,-1,8,40,1,246,81,136,555,91,799,245,39,22,89,126,121,61,145,111,0,True
EUW1_7591490557,15.21.721.8442,420,1264,CLASSIC,1,76,24,238,799,27,0,246,78,804,145,136,114,517,13,429,44,897,59,90,81,60,1,True
EUW1_7591552493,15.21.721.8442,420,1737,CLASSIC,1,804,58,76,246,91,0,8,-1,804,81,555,950,59,84,115,517,68,62,236,895,147,1,True
EUW1_7591582151,15.21.721.8442,420,1997,CLASSIC,1,517,78,7,432,119,0,134,799,804,39,266,245,104,163,15,43,50,246,13,81,12,1,True
EUW1_7591606958,15.21.721.8442,420,1356,CLASSIC,1,121,98,91,246,432,0,60,950,107,55,555,14,517,15,804,53,421,104,163,136,40,1,True
EUW1_7591641941,15.21.721.8442,420,1477,CLASSIC,1,432,104,-1,799,804,0,84,104,91,799,245,79,246,517,81,201,36,64,3,145,32,1,True
EUW1_7591655715,15.21.721.8442,420,1603,CLASSIC,0,2,555,517,91,432,1,233,804,234,136,555,64,245,42,115,201,421,104,13,145,111,0,True
EUW1_7591673750,15.21.721.8442,420,1840,CLASSIC,1,163,254,91,799,246,0,-1,804,-1,246,163,114,36,13,18,60,68,143,777,202,201,1,True
EUW1_7591708543,15.21.721.8442,420,1802,CLASSIC,0,27,799,517,145,432,1,91,555,61,238,246,114,104,245,901,526,58,59,4,136,497,0,True
EUW1_7591720732,15.21.721.8442,420,1648,CLASSIC,0,39,555,246,91,-1,1,246,91,804,238,18,266,59,112,15,40,799,950,61,42,526,0,True
EUW1_7591757753,15.21.721.8442,420,1446,CLASSIC,1,119,8,91,246,121,0,13,133,950,246,91,78,234,84,145,526,893,60,799,804,555,1,True
EUW1_7591766384,15.21.721.8442,420,2064,CLASSIC,1,104,246,133,91,-1,0,61,91,246,13,59,266,517,268,51,12,799,36,3,804,497,1,True
EUW1_7591793421,15.21.721.8442,420,1867,CLASSIC,0,234,39,104,91,61,1,67,27,78,64,555,150,60,90,145,164,897,121,34,429,44,0,True
EUW1_7591829430,15.21.721.8442,420,952,CLASSIC,1,432,246,14,412,67,0,53,91,432,238,246,8,120,777,145,40,104,59,84,96,201,1,True
EUW1_7591885358,15.21.721.8442,420,1745,CLASSIC,0,64,67,799,246,254,1,246,107,58,238,27,19,91,3,221,497,92,5,61,804,117,0,True
EUW1_7591889880,15.21.721.8442,420,1531,CLASSIC,0,238,114,55,799,-1,1,246,27,53,98,7,14,517,268,119,43,266,104,134,145,44,0,True
EUW1_7591895128,15.21.721.8442,420,916,CLASSIC,1,13,119,27,555,91,0,13,555,246,-1,91,150,5,517,523,412,39,77,61,145,518,1,True
EUW1_7591904343,15.21.721.8442,420,1522,CLASSIC,0,64,74,246,98,517,1,107,555,27,246,67,14,91,61,145,526,19,59,84,42,432,0,True
EUW1_7591908137,15.21.721.8442,420,2022,CLASSIC,1,804,13,91,61,58,0,119,-1,246,13,-1,92,77,84,202,78,799,104,3,145,518,1,True
EUW1_7591912916,15.21.721.8442,420,1106,CLASSIC,1,800,804,84,117,161,0,234,412,7,517,58,14,246,112,119,37,39,77,134,51,40,1,True
EUW1_7591926170,15.21.721.8442,420,1557,CLASSIC,1,98,114,246,119,37,0,246,517,145,105,64,79,234,115,81,432,83,91,163,51,555,1,True
EUW1_7591932066,15.21.721.8442,420,1109,CLASSIC,0,238,15,799,126,119,1,39,432,91,246,804,74,56,901,42,78,893,104,134,18,555,0,True
EUW1_7591943462,15.21.721.8442,420,2591,CLASSIC,1,950,91,233,59,27,0,40,58,555,27,238,799,246,61,202,526,92,60,39,110,111,1,True
EUW1_7591960725,15.21.721.8442,420,1536,CLASSIC,1,-1,246,804,13,238,0,133,91,119,555,114,84,121,517,235,12,83,59,61,22,29,1,True
EUW1_7591964444,15.21.721.8442,420,1328,CLASSIC,0,51,134,799,91,107,1,91,266,19,246,432,14,59,163,804,201,50,121,112,22,60,0,True
EUW1_7591965509,15.21.721.8442,420,1565,CLASSIC,1,78,246,517,238,234,0,111,42,134,432,122,516,2,3,157,89,887,106,61,22,76,1,True
EUW1_7591971420,15.21.721.8442,420,2212,CLASSIC,0,268,91,246,-1,432,1,37,105,114,107,555,2,104,84,42,518,240,950,61,81,9,0,True
EUW1_7591990623,15.21.721.8442,420,1524,CLASSIC,0,84,83,-1,432,27,1,45,518,800,897,246,8,238,893,236,201,133,64,134,145,111,0,True
EUW1_7591998107,15.21.721.8442,420,1350,CLASSIC,0,432,114,246,81,8,1,246,91,119,412,35,234,78,115,804,45,68,59,245,18,40,0,True
EUW1_7592002301,15.21.721.8442,420,1733,CLASSIC,0,98,119,133,91,950,1,432,42,91,122,107,79,64,134,51,497,68,246,910,523,526,0,True
EUW1_7592010088,15.21.721.8442,420,1545,CLASSIC,0,432,555,13,2,91,1,432,114,78,238,-1,79,62,55,910,111,240,64,61,42,526,0,True
EUW1_7592013047,15.21.721.8442,420,1641,CLASSIC,0,246,91,126,432,-1,1,246,166,91,37,134,27,104,950,145,526,150,517,61,804,9,0,True
EUW1_7592014248,15.21.721.8442,420,1819,CLASSIC,0,804,238,517,-1,25,1,799,887,13,107,83,897,91,3,115,111,4,59,84,119,53,0,True
EUW1_7592031851,15.21.721.8442,420,1648,CLASSIC,1,799,91,-1,59,432,0,59,555,13,78,53,516,64,45,202,12,14,56,246,136,497,1,True
EUW1_7592032479,15.21.721.8442,420,1630,CLASSIC,1,39,555,134,91,7,0,432,84,555,143,246,80,64,61,901,497,78,76,238,161,43,1,True
EUW1_7592040469,15.21.721.8442,420,1025,CLASSIC,1,84,122,432,246,145,0,114,7,119,91,246,68,121,134,81,555,240,59,910,110,43,1,True
EUW1_7592042073,15.21.721.8442,420,1227,CLASSIC,1,134,13,55,246,104,0,246,27,38,-1,55,150,517,91,222,117,266,234,34,804,111,1,True
EUW1_7592050942,15.21.721.8442,420,1500,CLASSIC,1,246,58,119,233,99,0,246,799,-1,887,134,92,20,13,18,60,85,517,42,804,518,1,True
EUW1_7592056444,15.21.721.8442,420,1592,CLASSIC,0,126,136,91,121,555,1,91,26,59,555,121,27,64,84,202,432,799,80,61,115,43,0,True
EUW1_7592061101,15.21.721.8442,420,1929,CLASSIC,0,246,799,133,-1,136,1,555,84,91,122,432,126,76,134,51,53,14,64,112,22,147,0,True
EUW1_7592080646,15.21.721.8442,420,1179,CLASSIC,0,238,432,246,59,107,1,91,887,799,517,432,14,245,45,81,201,266,121,142,119,111,0,True
EUW1_7592082687,15.21.721.8442,420,1675,CLASSIC,0,246,233,432,58,91,1,246,58,78,64,245,92,59,84,145,60,799,121,163,901,89,0,True
EUW1_7592104836,15.21.721.8442,420,1545,CLASSIC,1,432,804,91,246,555,0,122,432,517,24,246,64,104,84,235,89,126,234,245,800,37,1,True
EUW1_7592109076,15.21.721.8442,420,1360,CLASSIC,1,64,91,887,246,526,0,432,246,91,-1,59,43,5,13,119,44,14,238,45,804,111,1,True
EUW1_7592113640,15.21.721.8442,420,1830,CLASSIC,1,84,91,246,901,78,0,246,-1,901,-1,-1,799,950,134,51,432,58,517,238,804,412,1,True
EUW1_7592131736,15.21.721.8442,420,1465,CLASSIC,1,92,27,200,517,238,0,238,27,166,24,555,80,120,61,800,111,164,246,112,51,43,1,True
EUW1_7592142524,15.21.721.8442,420,1717,CLASSIC,0,166,119,27,427,246,1,238,432,246,91,555,14,59,245,804,43,266,64,13,21,526,0,True
EUW1_7592156128,15.21.721.8442,420,1752,CLASSIC,0,39,91,901,121,246,1,126,163,238,81,901,114,67,115,804,432,27,59,45,29,117,0,True
EUW1_7592165250,15.21.721.8442,420,2101,CLASSIC,0,-1,555,799,59,37,1,84,64,98,412,119,14,246,3,136,432,887,91,134,202,40,0,True
EUW1_7592178307,15.21.721.8442,420,1610,CLASSIC,1,40,59,555,246,887,0,246,804,555,13,-1,58,62,84,119,111,799,131,157,81,43,1,True
EUW1_7592205978,15.21.721.8442,420,2078,CLASSIC,0,91,246,-1,27,13,1,246,-1,92,54,432,777,517,133,804,526,14,163,67,145,518,0,True
EUW1_7592229889,15.21.721.8442,420,1701,CLASSIC,0,40,887,91,136,432,1,107,111,238,246,-1,84,59,163,119,117,68,950,799,804,43,0,True
EUW1_7592259092,15.21.721.8442,420,1279,CLASSIC,0,-1,91,27,58,84,1,54,804,-1,121,246,92,517,112,18,12,67,163,36,42,78,0,True
EUW1_7592272557,15.21.721.8442,420,1921,CLASSIC,0,432,13,-1,517,91,1,61,27,246,432,412,126,245,55,145,53,58,238,45,804,40,0,True
EUW1_7592282407,15.21.721.8442,420,1121,CLASSIC,0,238,92,246,61,91,1,517,203,39,84,246,897,799,266,804,888,58,80,134,145,245,0,True
EUW1_7592303994,15.21.721.8442,420,1654,CLASSIC,1,163,887,91,133,67,0,13,432,133,27,555,799,246,134,804,111,164,131,145,901,26,1,True
EUW1_7592321393,15.21.721.8442,420,1694,CLASSIC,1,246,245,432,40,-1,0,91,35,83,246,111,58,238,45,145,497,799,104,61,498,117,1,True
EUW1_7592326420,15.21.721.8442,420,1527,CLASSIC,1,246,145,517,238,133,0,246,910,91,799,555,14,59,245,51,111,266,64,13,136,43,1,True
EUW1_7592349219,15.21.721.8442,420,1211,CLASSIC,0,91,60,67,-1,111,1,-1,800,246,64,804,887,5,61,81,350,799,59,163,145,89,0,True
EUW1_7592359869,15.21.721.8442,420,1347,CLASSIC,0,517,92,246,-1,134,1,27,104,54,901,119,141,59,26,429,98,164,76,90,110,526,0,True
EUW1_7592378716,15.21.721.8442,420,1624,CLASSIC,1,799,246,91,43,61,0,517,555,91,119,233,164,5,45,15,78,245,64,13,18,12,1,True
EUW1_7592386029,15.21.721.8442,420,1826,CLASSIC,1,35,517,432,54,40,0,27,91,163,40,-1,67,62,245,22,111,68,121,7,804,117,1,True
EUW1_7592406845,15.21.721.8442,420,934,CLASSIC,1,246,111,107,555,13,0,133,238,83,13,43,78,64,85,136,40,126,59,84,429,245,1,True
EUW1_7592591952,15.21.721.8442,420,1618,CLASSIC,1,-1,35,91,266,40,0,91,266,897,134,799,41,143,39,804,12,164,62,13,145,518,1,True
EUW1_7592657821,15.21.721.8442,420,1733,CLASSIC,1,91,555,24,804,40,0,517,81,104,91,-1,110,64,84,42,111,893,246,163,145,526,1,True
EUW1_7592695741,15.21.721.8442,420,2546,CLASSIC,1,62,-1,-1,555,76,0,107,266,432,119,246,114,121,517,804,161,41,91,84,18,111,1,True
EUW1_7592809211,15.22.723.1955,420,1472,CLASSIC,1,432,91,53,111,64,0,121,7,39,555,246,799,5,134,804,37,54,203,268,22,40,1,True
EUW1_7592810221,15.22.723.1955,420,1650,CLASSIC,1,78,246,29,145,13,0,268,555,246,164,107,24,141,7,81,111,31,76,39,804,432,1,True
EUW1_7592817054,15.22.723.1955,420,1183,CLASSIC,0,27,246,64,78,7,1,5,37,238,24,432,92,517,268,145,111,58,59,893,804,40,0,True
EUW1_7592823695,15.22.723.1955,420,1707,CLASSIC,1,27,517,84,111,24,0,53,-1,107,42,246,516,64,61,804,497,799,238,134,136,555,1,True
EUW1_7592828223,15.22.723.1955,420,2068,CLASSIC,1,38,107,91,246,117,0,246,91,-1,7,555,36,517,14,22,43,799,59,8,804,40,1,True
EUW1_7592830273,15.22.723.1955,420,1212,CLASSIC,1,5,84,114,141,-1,0,27,78,83,136,3,897,238,246,145,497,799,64,163,804,201,1,True
EUW1_7592833057,15.22.723.1955,420,1740,CLASSIC,1,901,200,136,27,126,0,13,59,119,91,246,14,104,84,90,432,68,80,134,523,412,1,True
EUW1_7592845863,15.22.723.1955,420,1825,CLASSIC,0,804,555,246,432,107,1,91,24,107,799,432,92,950,61,901,78,150,517,3,22,117,0,True
EUW1_7592855458,15.22.723.1955,420,2071,CLASSIC,1,238,114,107,246,234,0,526,517,555,246,238,897,64,84,110,43,126,59,115,15,40,1,True
EUW1_7592860385,15.22.723.1955,420,1641,CLASSIC,0,432,517,799,238,246,1,432,246,12,91,777,14,62,61,145,497,266,59,136,236,526,0,True
EUW1_7592861913,15.22.723.1955,420,1648,CLASSIC,1,246,92,91,432,-1,0,81,-1,246,432,-1,799,517,61,22,555,58,238,13,235,89,1,True
EUW1_7592873354,15.22.723.1955,420,1753,CLASSIC,1,107,-1,136,777,233,0,238,40,91,246,-1,26,517,126,523,111,14,5,134,51,432,1,True
EUW1_7592874824,15.22.723.1955,420,2195,CLASSIC,0,35,91,98,136,55,1,64,84,432,114,55,68,246,61,804,12,897,131,800,222,201,0,True
EUW1_7592876164,15.22.723.1955,420,1451,CLASSIC,0,13,246,48,555,37,1,27,107,119,62,246,126,72,3,145,432,14,2,84,804,412,0,True
EUW1_7592883416,15.22.723.1955,420,1126,CLASSIC,1,117,238,107,7,163,0,119,-1,432,76,246,799,517,157,22,40,58,234,893,523,43,1,True
EUW1_7592883593,15.22.723.1955,420,1666,CLASSIC,0,412,-1,246,61,91,1,133,-1,246,799,432,58,950,13,22,111,36,141,103,236,89,0,True
EUW1_7592899091,15.22.723.1955,420,924,CLASSIC,1,91,432,58,84,555,0,136,37,35,107,799,897,60,3,145,526,887,48,134,804,72,1,True
EUW1_7592903683,15.22.723.1955,420,1542,CLASSIC,0,133,136,-1,91,432,1,-1,517,246,555,91,421,950,61,81,40,266,59,103,115,111,0,True
EUW1_7592905994,15.22.723.1955,420,1997,CLASSIC,0,119,61,27,-1,246,1,107,111,58,246,432,799,68,69,804,89,92,517,99,236,40,0,True
EUW1_7592918665,15.22.723.1955,420,1443,CLASSIC,0,126,432,412,950,91,1,84,35,25,432,119,14,238,61,895,235,31,246,134,804,43,0,True
EUW1_7592922020,15.22.723.1955,420,1420,CLASSIC,0,142,91,246,98,517,1,142,136,432,246,555,799,950,13,901,16,126,104,134,96,43,0,True
EUW1_7592939950,15.22.723.1955,420,1622,CLASSIC,0,122,246,91,432,134,1,107,897,246,72,25,68,59,90,22,147,79,950,103,804,526,0,True
EUW1_7592957891,15.22.723.1955,420,2362,CLASSIC,0,35,91,246,799,432,1,107,246,133,40,83,266,121,142,523,111,8,72,103,804,201,0,True
EUW1_7592962235,15.22.723.1955,420,1560,CLASSIC,0,107,53,24,246,59,1,25,246,39,91,90,84,238,7,22,12,897,64,134,142,555,0,True
EUW1_7592971987,15.22.723.1955,420,1512,CLASSIC,1,-1,121,136,246,91,0,-1,91,98,238,246,84,62,69,15,432,58,104,13,110,40,1,True
EUW1_7592997823,15.22.723.1955,420,1409,CLASSIC,1,91,555,432,246,58,0,246,145,142,78,432,92,121,84,236,267,14,59,61,51,111,1,True
EUW1_7593004869,15.22.723.1955,420,1260,CLASSIC,1,121,246,-1,92,91,0,40,-1,37,60,246,68,64,13,221,43,777,517,133,145,432,1,True
EUW1_7593026716,15.22.723.1955,420,1461,CLASSIC,1,51,40,-1,893,432,0,238,58,-1,555,-1,110,121,800,498,497,240,517,126,221,117,1,True
EUW1_7593033280,15.22.723.1955,420,1582,CLASSIC,1,161,58,517,136,246,0,555,136,91,777,246,799,64,134,202,43,14,56,26,804,63,1,True
EUW1_7593054548,15.22.723.1955,420,1140,CLASSIC,0,246,40,121,166,-1,1,91,121,555,133,-1,39,517,3,498,497,58,5,893,145,111,0,True
EUW1_7593062402,15.22.723.1955,420,1995,CLASSIC,0,268,121,13,517,64,1,-1,27,799,432,136,54,59,4,145,518,98,246,61,523,526,0,True
EUW1_7593074379,15.22.723.1955,420,941,CLASSIC,1,40,246,48,161,107,0,555,800,432,91,39,516,2,134,51,518,799,104,163,115,111,1,True
EUW1_7593083562,15.22.723.1955,420,1757,CLASSIC,1,121,58,-1,91,246,0,-1,2,107,799,555,875,950,101,804,40,266,104,99,51,432,1,True
EUW1_7593116438,15.22.723.1955,420,942,CLASSIC,0,2,246,799,7,432,1,91,246,238,163,126,68,62,1,804,201,92,64,3,119,412,0,True
EUW1_7593209689,15.22.723.1955,420,1636,CLASSIC,1,92,950,8,246,432,0,136,804,91,897,7,36,5,55,22,111,79,72,142,523,526,1,True
EUW1_7593218188,15.22.723.1955,420,1474,CLASSIC,0,119,91,7,-1,145,1,887,91,7,897,555,164,104,163,202,432,24,517,799,147,80,0,True
EUW1_7593234842,15.22.723.8534,420,1562,CLASSIC,0,134,61,517,246,799,1,246,163,432,117,27,24,5,69,81,37,114,104,112,51,16,0,True
EUW1_7593241279,15.22.723.1955,420,1322,CLASSIC,1,91,-1,-1,24,69,0,804,40,78,20,61,39,59,3,145,555,54,246,13,22,432,1,True
EUW1_7593288324,15.22.723.1955,420,1789,CLASSIC,0,145,24,432,555,119,1,107,91,238,59,897,799,246,893,523,78,126,517,4,804,526,0,True
EUW1_7593343514,15.22.723.1955,420,1177,CLASSIC,0,517,119,27,-1,107,1,107,145,897,432,799,78,91,1,804,34,24,234,7,202,555,0,True
EUW1_7593356040,15.22.723.8534,420,911,CLASSIC,0,246,133,40,134,897,1,45,246,25,804,432,79,254,69,145,497,83,517,142,22,201,0,True
EUW1_7593368634,15.22.723.8534,420,1958,CLASSIC,0,78,119,92,134,40,1,157,84,43,555,517,141,107,61,804,111,240,20,245,26,117,0,True
EUW1_7593383911,15.22.723.8534,420,2019,CLASSIC,0,950,-1,91,266,119,1,134,517,107,246,145,41,24,84,804,78,14,234,163,245,497,0,True
EUW1_7593466388,15.22.723.8534,420,2297,CLASSIC,0,107,246,92,432,90,1,-1,145,893,246,69,68,104,800,15,555,126,120,134,81,43,0,True
EUW1_7593539167,15.22.723.8534,420,1450,CLASSIC,0,58,234,246,432,154,1,91,246,555,92,119,8,72,84,804,526,98,5,134,145,78,0,True
EUW1_7593544889,15.22.723.8534,420,1480,CLASSIC,0,64,84,40,119,58,1,126,13,107,91,432,134,246,92,804,117,86,517,55,15,79,0,True
EUW1_7593569172,15.22.723.8534,420,1671,CLASSIC,1,246,799,163,92,91,0,246,804,91,107,799,777,62,3,22,53,58,950,84,81,43,1,True
EUW1_7593595595,15.22.723.8534,420,1536,CLASSIC,0,246,145,517,238,107,1,15,126,82,154,-1,14,245,3,498,497,122,254,61,115,518,0,True
EUW1_7593618136,15.22.723.8534,420,1313,CLASSIC,1,-1,246,245,91,13,0,61,246,799,38,804,897,141,55,134,60,777,5,84,202,53,1,True
EUW1_7593652165,15.22.723.8534,420,912,CLASSIC,0,119,555,107,13,91,1,555,61,897,517,238,83,121,134,145,111,80,246,8,136,526,0,True
EUW1_7593667454,15.22.723.8534,420,1311,CLASSIC,1,92,40,145,119,136,0,432,799,526,59,55,36,517,246,51,518,42,107,84,110,43,1,True
EUW1_7593682464,15.22.723.8534,420,1827,CLASSIC,0,201,-1,136,119,246,1,221,107,136,91,126,799,517,115,145,111,122,238,61,81,60,0,True
EUW1_7593717935,15.22.723.8534,420,1682,CLASSIC,1,51,893,136,126,517,0,107,91,238,246,136,799,104,84,145,12,122,121,134,901,526,1,True
EUW1_7593720233,15.22.723.8534,420,1615,CLASSIC,0,114,13,200,526,246,1,107,246,91,555,427,799,234,133,30,53,804,238,103,51,99,0,True
EUW1_7593764957,15.22.723.8534,420,1759,CLASSIC,1,245,22,78,119,126,0,39,119,246,-1,104,50,59,8,51,201,80,517,84,42,53,1,True
EUW1_7593771548,15.22.723.8534,420,916,CLASSIC,1,61,119,54,107,133,0,246,40,27,114,517,92,80,25,110,60,39,104,13,245,111,1,True
EUW1_7593786023,15.22.723.8534,420,2167,CLASSIC,0,804,-1,893,119,40,1,800,201,61,107,54,897,246,131,202,518,39,59,142,81,89,0,True
EUW1_7593807736,15.22.723.8534,420,1779,CLASSIC,1,8,104,893,78,107,0,245,134,157,64,107,114,517,246,429,16,24,91,166,74,53,1,True
EUW1_7593819496,15.22.723.8534,420,1676,CLASSIC,1,122,145,157,134,119,0,238,555,54,246,64,68,121,166,110,518,24,91,13,74,267,1,True
EUW1_7593826486,15.22.723.8534,420,2020,CLASSIC,0,107,887,134,157,122,1,523,84,22,-1,64,897,246,166,115,9,68,91,55,145,432,0,True
EUW1_7593828035,15.22.723.8534,420,1705,CLASSIC,0,64,119,8,54,246,1,60,18,107,24,432,92,91,112,236,555,58,238,13,145,235,0,True
EUW1_7593883980,15.22.723.8534,420,2110,CLASSIC,1,48,804,98,-1,233,0,246,166,-1,119,-1,14,2,61,145,72,67,64,893,81,432,1,True
EUW1_7593906775,15.22.723.8534,420,2328,CLASSIC,0,60,-1,27,432,-1,1,64,27,432,78,24,799,246,517,51,800,39,131,910,110,111,0,True
EUW1_7593907169,15.22.723.8534,420,1948,CLASSIC,1,238,7,518,432,246,0,246,91,134,555,98,240,59,61,51,40,421,104,893,910,111,1,True
EUW1_7593921066,15.22.723.8534,420,1402,CLASSIC,0,107,246,-1,432,91,1,114,-1,246,7,91,58,517,157,145,555,897,64,3,119,518,0,True
EUW1_7593929783,15.22.723.8534,420,104,CLASSIC,1,-1,233,114,91,246,0,-1,119,246,39,60,14,120,13,804,89,266,517,34,145,526,1,True
EUW1_7593933108,15.22.723.8534,420,1614,CLASSIC,0,-1,234,91,136,120,1,27,37,555,799,105,68,59,266,523,518,516,131,157,145,432,0,True
EUW1_7593938796,15.22.723.8534,420,1762,CLASSIC,1,246,145,27,59,91,0,246,893,799,432,119,68,104,134,523,43,777,64,163,804,111,1,True
EUW1_7593943667,15.22.723.8534,420,1176,CLASSIC,0,233,84,238,555,432,1,27,107,98,91,40,79,59,134,81,12,517,246,142,15,497,0,True
EUW1_7593953495,15.22.723.8534,420,1973,CLASSIC,0,117,91,246,111,114,1,432,25,91,799,221,897,121,268,51,40,98,64,61,498,555,0,True
EUW1_7593955816,15.22.723.8534,420,1404,CLASSIC,1,555,59,27,432,84,0,107,111,92,14,432,799,131,777,161,89,80,517,99,51,350,1,True
EUW1_7593958400,15.22.723.8534,420,1585,CLASSIC,0,238,37,136,517,91,1,119,107,555,142,83,54,56,45,51,432,8,950,61,804,60,0,True
EUW1_7593964406,15.22.723.8534,420,915,CLASSIC,1,107,-1,246,84,119,0,-1,526,246,119,24,777,427,157,22,12,897,120,134,145,40,1,True
EUW1_7593966823,15.22.723.8534,420,1499,CLASSIC,1,145,897,517,432,238,0,91,111,61,799,121,79,246,268,236,43,518,59,777,804,76,1,True
EUW1_7593973964,15.22.723.8534,420,1492,CLASSIC,1,246,27,91,84,266,0,27,-1,7,432,92,14,121,134,145,40,36,104,61,157,43,1,True
EUW1_7593977817,15.22.723.8534,420,1779,CLASSIC,0,126,27,84,432,78,1,107,233,555,126,91,236,131,157,42,526,6,517,799,145,43,0,True
EUW1_7593981110,15.22.723.8534,420,1826,CLASSIC,0,526,-1,14,246,91,1,517,555,60,104,432,799,59,99,157,40,54,48,13,161,78,0,True
EUW1_7593984227,15.22.723.8534,420,1403,CLASSIC,0,121,432,246,91,145,1,245,119,14,48,238,516,120,13,22,201,901,77,69,804,526,0,True
EUW1_7593989278,15.22.723.8534,420,1733,CLASSIC,1,800,91,37,266,-1,0,91,246,92,555,432,897,141,134,804,201,421,517,61,110,526,1,True
EUW1_7594000081,15.22.723.8534,420,1184,CLASSIC,1,432,91,121,25,27,0,14,555,246,107,59,58,64,163,115,89,82,950,777,136,111,1,True
EUW1_7594006832,15.22.723.8534,420,1338,CLASSIC,0,67,-1,-1,126,555,1,60,83,27,432,246,113,517,64,236,43,8,56,13,804,111,0,True
EUW1_7594024565,15.22.723.8534,420,1107,CLASSIC,1,246,517,266,555,432,0,-1,432,51,48,245,14,141,61,96,117,887,2,134,236,44,1,True
EUW1_7594025532,15.22.723.8534,420,1527,CLASSIC,1,432,59,107,799,134,0,92,950,78,246,555,897,427,103,804,526,86,64,136,145,12,1,True
EUW1_7594028994,15.22.723.8534,420,1864,CLASSIC,1,126,27,134,64,432,0,107,26,27,804,246,72,56,61,42,78,67,517,238,145,526,1,True
EUW1_7594054710,15.22.723.8534,420,1475,CLASSIC,0,39,24,40,91,555,1,555,-1,246,91,24,799,64,3,136,111,887,238,245,222,432,0,True
EUW1_7594056910,15.22.723.8534,420,929,CLASSIC,0,107,91,-1,804,145,1,246,91,-1,245,-1,84,517,126,81,40,13,64,83,18,432,0,True
EUW1_7594059427,15.22.723.8534,420,965,CLASSIC,0,119,246,-1,238,91,1,526,119,136,114,84,24,35,13,804,111,36,517,245,18,117,0,True
EUW1_7594074032,15.22.723.8534,420,1522,CLASSIC,0,107,117,55,76,91,1,53,432,91,98,555,126,141,61,143,111,799,246,112,115,497,0,True
EUW1_7594075095,15.22.723.8534,420,1276,CLASSIC,1,24,107,246,119,555,0,61,246,432,238,24,67,5,101,523,117,75,104,45,51,40,1,True
EUW1_7594079304,15.22.723.8534,420,912,CLASSIC,1,91,24,246,119,432,0,13,-1,43,48,233,39,141,134,804,12,58,2,55,145,518,1,True
EUW1_7594095807,15.22.723.8534,420,1658,CLASSIC,1,67,29,84,91,432,0,-1,121,555,432,83,14,59,134,145,32,266,104,7,81,161,1,True
EUW1_7594102652,15.22.723.8534,420,2125,CLASSIC,1,136,799,84,114,40,0,29,134,67,555,238,58,246,268,81,43,68,5,69,161,432,1,True
EUW1_7594103082,15.22.723.8534,420,944,CLASSIC,1,233,24,119,55,246,0,777,-1,134,121,91,39,238,84,51,32,799,163,136,81,497,1,True
EUW1_7594106149,15.22.723.8534,420,1616,CLASSIC,1,91,555,13,246,27,0,246,432,81,25,76,893,64,55,236,267,126,36,7,45,40,1,True
EUW1_7594108682,15.22.723.8534,420,1795,CLASSIC,1,78,897,555,8,-1,0,119,84,91,39,246,79,799,517,81,497,106,120,134,804,43,1,True
EUW1_7594132008,15.22.723.8534,420,917,CLASSIC,0,114,59,804,56,64,1,432,910,92,161,-1,266,91,112,429,12,799,131,14,21,78,0,True
EUW1_7594135316,15.22.723.8534,420,1665,CLASSIC,1,5,432,58,134,246,0,555,61,238,53,-1,799,59,90,67,40,68,62,8,202,161,1,True
EUW1_7594139335,15.22.723.8534,420,1689,CLASSIC,0,64,799,432,246,555,1,238,120,555,799,246,897,104,134,800,12,114,76,112,81,89,0,True
EUW1_7594159710,15.22.723.8534,420,1475,CLASSIC,1,432,29,517,91,59,0,555,-1,134,37,92,887,246,61,145,526,777,76,13,804,57,1,True
EUW1_7594160389,15.22.723.8534,420,1680,CLASSIC,0,133,91,67,-1,432,1,64,432,777,119,24,14,246,61,145,111,887,121,136,498,497,0,True
EUW1_7594199486,15.22.723.8534,420,1944,CLASSIC,0,555,14,246,-1,91,1,131,246,555,61,107,68,238,134,145,497,266,517,893,51,432,0,True
EUW1_7594203772,15.22.723.8534,420,2039,CLASSIC,1,145,432,126,799,777,0,37,804,29,238,67,14,246,136,202,555,266,64,103,22,9,1,True
EUW1_7594241103,15.22.723.8534,420,1616,CLASSIC,0,13,91,107,24,555,1,42,84,40,246,134,39,517,950,81,43,164,104,90,51,432,0,True
EUW1_7594253560,15.22.723.8534,420,2204,CLASSIC,1,27,6,432,133,555,0,133,134,799,804,126,14,131,238,115,526,68,246,1,145,53,1,True
EUW1_7594276419,15.22.724.5161,420,1503,CLASSIC,1,83,107,893,517,136,0,432,-1,69,246,555,26,91,38,15,37,39,104,13,81,12,1,True
EUW1_7594284961,15.22.723.8534,420,1164,CLASSIC,1,107,61,91,910,126,0,555,13,27,145,7,799,517,14,51,127,98,104,55,110,497,1,True
EUW1_7594286919,15.22.724.5161,420,1327,CLASSIC,1,119,166,555,517,799,0,2,134,8,432,246,110,76,91,910,40,74,64,7,145,111,1,True
EUW1_7594314202,15.22.723.8534,420,1745,CLASSIC,0,246,-1,91,27,555,1,432,145,126,91,133,897,131,777,22,201,114,517,103,202,32,0,True
EUW1_7594322084,15.22.724.5161,420,911,CLASSIC,1,133,55,64,68,245,0,-1,27,238,134,246,114,91,34,145,78,897,59,38,22,12,1,True
EUW1_7594326955,15.22.723.8534,420,1385,CLASSIC,1,804,432,517,107,238,0,555,107,117,84,83,246,48,134,51,43,8,234,69,22,50,1,True
EUW1_7594354500,15.22.724.5161,420,1775,CLASSIC,1,91,61,246,893,40,0,-1,91,114,61,13,887,62,45,51,432,897,131,238,133,888,1,True
EUW1_7594362103,15.22.724.5161,420,1690,CLASSIC,1,27,246,85,68,119,0,30,804,24,61,15,799,76,92,202,432,114,234,8,910,12,1,True
EUW1_7594371021,15.22.724.5161,420,1844,CLASSIC,0,91,77,8,7,24,1,104,40,432,91,893,84,30,157,804,526,9,76,39,18,12,0,True
EUW1_7594413393,15.22.724.5161,420,1709,CLASSIC,0,119,91,141,246,-1,1,136,7,246,68,91,799,238,61,110,12,266,517,134,145,117,0,True
EUW1_7594418024,15.22.724.5161,420,2008,CLASSIC,0,24,114,950,161,64,1,246,799,84,555,27,164,91,893,236,201,67,104,245,800,497,0,True
EUW1_7594440939,15.22.724.5161,420,1387,CLASSIC,1,517,266,804,104,13,0,104,432,799,246,35,9,245,133,901,497,893,59,910,145,555,1,True
EUW1_7594483062,15.22.724.5161,420,1887,CLASSIC,1,432,7,81,35,91,0,145,27,67,91,517,2,104,134,45,555,19,246,800,22,43,1,True
EUW1_7594487541,15.22.724.5161,420,913,CLASSIC,0,517,119,14,98,804,1,136,84,78,238,14,799,246,112,498,497,39,64,163,145,3,0,True
EUW1_7594498724,15.22.724.5161,420,2106,CLASSIC,1,25,64,246,804,238,0,800,14,40,114,799,9,91,61,202,142,897,234,163,145,526,1,True
EUW1_7594514445,15.22.724.5161,420,1942,CLASSIC,1,238,246,27,136,133,0,555,517,119,39,104,31,24,84,51,43,54,234,38,145,111,1,True
EUW1_7594556923,15.22.724.5161,420,1400,CLASSIC,0,555,517,7,55,238,1,497,432,13,246,91,69,121,126,145,518,83,245,39,115,44,0,True
EUW1_7594596524,15.22.724.5161,420,1974,CLASSIC,1,78,40,107,98,163,0,51,136,13,893,114,68,246,3,157,432,777,59,84,429,111,1,True
EUW1_7594611778,15.22.724.5161,420,2088,CLASSIC,0,60,84,804,432,145,1,555,246,136,161,91,245,517,777,119,53,39,234,13,429,518,0,True
EUW1_7594622635,15.22.724.5161,420,1132,CLASSIC,0,64,432,555,245,246,1,136,893,432,68,13,14,238,115,15,78,36,517,142,157,12,0,True
EUW1_7594648888,15.22.724.5161,420,1651,CLASSIC,1,64,246,238,61,92,0,43,91,555,246,517,39,121,55,51,518,58,163,126,136,7,1,True
EUW1_7594653900,15.22.724.5161,420,2154,CLASSIC,1,246,136,950,78,517,0,107,555,68,246,13,14,234,142,51,53,36,245,91,804,43,1,True
EUW1_7594666340,15.22.724.5161,420,1610,CLASSIC,1,246,13,555,8,799,0,68,246,432,238,35,110,517,133,202,43,266,104,134,22,518,1,True
EUW1_7594712033,15.22.724.5161,420,1102,CLASSIC,0,163,245,91,134,555,1,517,555,800,91,92,58,246,110,236,201,39,120,7,804,497,0,True
EUW1_7594714849,15.22.724.5161,420,1112,CLASSIC,1,91,136,84,517,-1,0,40,799,246,64,43,36,98,245,22,267,79,121,39,51,235,1,True
EUW1_7594743465,15.22.724.5161,420,1391,CLASSIC,1,119,777,131,804,14,0,91,64,246,154,804,266,76,136,202,235,887,48,61,81,40,1,True
EUW1_7594747698,15.22.724.5161,420,1181,CLASSIC,1,804,555,92,238,245,0,-1,136,245,799,133,39,91,134,222,201,24,64,163,81,111,1,True
EUW1_7594771640,15.22.724.5161,420,1990,CLASSIC,1,432,555,517,246,136,0,120,92,64,136,799,266,72,61,51,26,516,234,90,115,412,1,True
EUW1_7594787404,15.22.724.5161,420,1487,CLASSIC,1,238,-1,64,13,246,0,133,91,246,68,119,58,121,85,804,111,799,234,4,21,60,1,True
EUW1_7594850567,15.22.724.5161,420,2016,CLASSIC,1,555,78,950,246,59,0,104,43,126,64,897,799,238,134,136,53,92,91,61,30,12,1,True
EUW1_7594863018,15.22.724.5161,420,1710,CLASSIC,0,-1,61,555,67,246,1,30,64,240,517,78,14,238,50,136,12,84,91,134,18,44,0,True
EUW1_7594876675,15.22.724.5161,420,109,CLASSIC,1,134,84,114,246,119,0,246,13,432,950,799,58,91,163,81,555,266,59,245,21,80,1,True
EUW1_7594883046,15.22.724.5161,420,2144,CLASSIC,1,67,119,53,246,114,0,134,950,-1,910,78,31,91,13,236,555,897,59,25,800,80,1,True
EUW1_7594892976,15.22.724.5161,420,1748,CLASSIC,0,799,246,134,-1,950,1,91,238,119,432,114,14,121,13,804,53,897,876,59,145,40,0,True
EUW1_7594903657,15.22.724.5161,420,2264,CLASSIC,0,59,58,246,950,15,1,92,432,526,63,799,68,131,91,42,555,114,104,84,145,40,0,True
EUW1_7594916646,15.22.724.5161,420,1444,CLASSIC,1,107,799,555,91,121,0,246,64,114,238,526,58,517,13,145,12,78,30,112,42,40,1,True
EUW1_7594927191,15.22.724.5161,420,1703,CLASSIC,0,-1,950,91,121,804,1,555,91,-1,234,246,893,76,777,145,111,799,64,13,236,267,0,True
EUW1_7594928338,15.22.724.5161,420,1606,CLASSIC,0,246,114,17,7,893,1,799,91,42,114,107,897,141,84,145,53,516,517,777,21,526,0,True
EUW1_7594948925,15.22.724.5161,420,1125,CLASSIC,0,91,92,555,134,60,1,92,246,39,28,555,799,234,163,145,497,887,104,517,804,117,0,True
EUW1_7594965985,15.22.724.5161,420,1687,CLASSIC,0,117,39,59,246,432,1,107,13,119,91,246,126,234,61,800,78,14,517,84,804,526,0,True
EUW1_7594970899,15.22.724.5161,420,1658,CLASSIC,0,555,119,7,67,64,1,12,78,518,238,804,19,59,142,42,497,24,254,14,145,412,0,True
EUW1_7594976114,15.22.724.5161,420,1811,CLASSIC,1,91,92,7,-1,555,0,7,555,114,246,-1,799,131,268,81,43,83,517,777,115,432,1,True
EUW1_7594983618,15.22.724.5161,420,1657,CLASSIC,1,517,104,84,432,7,0,804,145,92,246,134,126,59,13,22,89,2,78,34,51,60,1,True
EUW1_7594987413,15.22.724.5161,420,1975,CLASSIC,0,246,27,67,58,59,1,517,238,-1,78,19,799,131,134,42,201,92,91,99,115,12,0,True
EUW1_7594992625,15.22.724.5161,420,913,CLASSIC,1,37,91,27,119,77,0,27,126,119,84,58,24,48,142,145,432,92,234,134,901,40,1,True
EUW1_7594994259,15.22.724.5161,420,2161,CLASSIC,0,555,246,55,51,91,1,8,246,13,91,98,58,427,61,81,161,126,238,517,110,111,0,True
EUW1_7595000116,15.22.724.5161,420,1362,CLASSIC,0,7,893,432,246,17,1,432,-1,145,555,901,897,104,711,804,40,150,238,90,800,142,0,True
EUW1_7595003102,15.22.724.5161,420,975,CLASSIC,1,84,432,517,91,119,0,555,246,-1,131,119,799,238,7,22,43,164,59,103,523,518,1,True
EUW1_7595005418,15.22.724.5161,420,1223,CLASSIC,0,22,117,246,64,13,1,98,-1,555,-1,234,799,48,38,236,44,58,77,134,523,12,0,True
EUW1_7595006355,15.22.724.5161,420,924,CLASSIC,0,91,39,-1,555,37,1,234,114,432,91,-1,150,59,800,804,9,897,30,238,18,12,0,True
EUW1_7595009627,15.22.724.5161,420,1629,CLASSIC,0,12,555,517,-1,83,1,246,134,91,799,104,68,120,55,360,526,3,121,45,51,78,0,True
EUW1_7595022628,15.22.724.5161,420,1775,CLASSIC,0,84,238,58,119,432,1,7,145,13,134,91,799,246,115,523,43,24,141,90,15,161,0,True
EUW1_7595029508,15.22.724.5161,420,1765,CLASSIC,0,61,134,432,39,555,1,107,114,246,27,91,799,62,69,901,111,31,59,112,145,12,0,True
EUW1_7595030281,15.22.724.5161,420,1329,CLASSIC,1,555,432,91,234,246,0,555,43,432,76,98,897,950,142,81,161,150,238,268,202,89,1,True
EUW1_7595037182,15.22.724.5161,420,1598,CLASSIC,1,-1,91,432,517,893,0,24,27,555,13,432,777,246,90,22,32,157,104,84,115,43,1,True
EUW1_7595040680,15.22.724.5161,420,1611,CLASSIC,1,91,126,107,14,121,0,40,91,799,59,432,27,246,103,51,201,150,131,39,81,111,1,True
EUW1_7595053547,15.22.724.5161,420,1924,CLASSIC,1,246,61,238,111,126,0,901,517,83,119,7,897,60,950,222,68,893,64,800,804,526,1,True
EUW1_7595057975,15.22.724.5161,420,1678,CLASSIC,0,91,39,555,246,92,1,555,432,91,38,25,68,62,112,42,161,84,238,142,901,111,0,True
EUW1_7595063410,15.22.724.5161,420,1795,CLASSIC,0,106,13,40,54,246,1,91,201,901,-1,68,67,121,38,804,432,166,30,90,42,32,0,True
EUW1_7595074401,15.22.724.5161,420,914,CLASSIC,1,910,104,-1,119,91,0,40,-1,107,266,246,68,59,14,81,43,799,28,64,42,432,1,True
EUW1_7595076034,15.22.724.5161,420,1519,CLASSIC,0,107,134,238,246,119,1,91,121,432,27,30,799,517,103,51,111,58,64,893,22,526,0,True
EUW1_7595087675,15.22.724.5161,420,1172,CLASSIC,0,91,246,114,59,238,1,111,-1,78,60,432,266,64,4,145,89,24,80,134,99,555,0,True
EUW1_7595094829,15.22.724.5161,420,1776,CLASSIC,1,19,25,38,-1,27,0,51,432,27,84,24,157,131,221,142,9,164,246,3,81,497,1,True
EUW1_7595098806,15.22.724.5161,420,2002,CLASSIC,1,555,13,119,432,799,0,64,90,40,166,143,897,517,246,145,12,266,91,8,804,497,1,True
EUW1_7595107704,15.22.724.5161,420,1471,CLASSIC,0,555,107,105,887,804,1,432,98,254,91,238,51,246,84,14,518,145,64,134,79,32,0,True
EUW1_7595127347,15.22.724.5161,420,970,CLASSIC,0,84,246,51,-1,432,1,40,246,432,266,893,126,64,7,45,111,14,60,777,145,497,0,True
EUW1_7595128536,15.22.724.5161,420,1708,CLASSIC,0,246,121,91,51,27,1,51,246,555,61,68,875,72,103,81,40,67,64,893,145,53,0,True
EUW1_7595138600,15.22.724.5161,420,1455,CLASSIC,1,37,91,126,901,246,0,5,98,432,134,107,74,59,163,804,201,150,517,103,18,526,1,True
EUW1_7595144273,15.22.724.5161,420,1577,CLASSIC,0,55,68,134,238,107,1,245,804,117,126,238,114,246,90,236,89,27,131,39,145,37,0,True
EUW1_7595156044,15.22.724.5161,420,915,CLASSIC,0,893,107,51,91,122,1,64,555,432,51,126,68,59,103,145,526,897,131,134,81,111,0,True
EUW1_7595156586,15.22.724.5161,420,1599,CLASSIC,1,238,104,246,119,60,0,432,134,107,555,246,516,64,69,110,497,799,121,517,115,12,1,True
EUW1_7595157312,15.22.724.5161,420,1211,CLASSIC,0,91,150,246,40,236,1,-1,119,61,40,68,897,234,84,18,432,67,517,3,42,497,0,True
EUW1_7595174390,15.22.724.5161,420,1748,CLASSIC,0,238,91,27,432,107,1,-1,126,804,432,246,897,104,134,18,201,74,121,84,119,43,0,True
EUW1_7595174766,15.22.724.5161,420,1806,CLASSIC,1,107,61,39,45,25,0,20,432,35,246,-1,799,517,134,81,201,48,234,893,800,32,1,True
EUW1_7595203402,15.22.724.5161,420,1889,CLASSIC,0,67,804,58,91,61,1,78,800,238,67,107,799,72,50,22,432,897,203,163,96,526,0,True
EUW1_7595212240,15.22.724.5161,420,1775,CLASSIC,0,517,145,245,555,27,1,432,246,517,107,45,777,76,61,81,111,516,104,134,67,497,0,True
EUW1_7595230779,15.22.724.5161,420,916,CLASSIC,1,40,104,432,58,64,0,432,246,84,98,107,799,131,39,202,555,78,59,61,910,12,1,True
EUW1_7595244177,15.22.724.5161,420,1581,CLASSIC,1,-1,246,64,84,24,0,13,432,245,163,78,39,91,105,145,518,164,20,55,236,267,1,True
EUW1_7595251028,15.22.724.5161,420,1499,CLASSIC,0,24,107,800,40,432,1,107,432,246,50,40,67,950,163,145,3,84,56,64,910,497,0,True
EUW1_7595257109,15.22.724.5161,420,1467,CLASSIC,1,246,134,20,555,800,0,799,107,60,246,39,421,64,142,67,78,897,517,126,50,80,1,True
EUW1_7595277857,15.22.724.5161,420,1990,CLASSIC,1,517,3,245,91,804,0,136,-1,517,246,161,897,64,61,42,85,893,59,777,134,432,1,True
EUW1_7595283889,15.22.724.5161,420,2380,CLASSIC,1,799,24,78,84,119,0,35,246,142,777,68,39,121,134,804,526,164,238,136,222,432,1,True
EUW1_7595291380,15.22.724.5161,420,1672,CLASSIC,1,107,20,246,91,134,0,126,59,163,104,246,68,5,777,800,111,74,64,910,145,44,1,True
EUW1_7595320691,15.22.724.5161,420,2232,CLASSIC,1,60,64,233,14,42,0,555,91,517,117,133,69,121,268,18,80,84,238,13,50,161,1,True
EUW1_7595332637,15.22.724.5161,420,2194,CLASSIC,1,84,432,81,517,136,0,517,133,432,51,59,246,64,13,45,12,126,56,55,245,32,1,True
EUW1_7595348516,15.22.724.5161,420,1580,CLASSIC,0,78,142,55,136,246,1,804,888,91,163,800,126,64,112,498,497,166,234,13,202,432,0,True
EUW1_7595365390,15.22.724.5161,420,1695,CLASSIC,1,43,119,432,-1,83,0,91,246,432,136,238,799,62,13,81,518,42,203,134,145,12,1,True
EUW1_7595387592,15.22.724.5161,420,1405,CLASSIC,1,145,804,799,432,134,0,91,61,39,35,432,92,950,800,81,111,67,80,7,99,164,1,True
EUW1_7595424905,15.22.724.5161,420,1410,CLASSIC,0,92,246,238,64,107,1,91,246,35,81,555,39,121,799,115,111,58,104,3,161,45,0,True
EUW1_7595447571,15.22.724.5161,420,1521,CLASSIC,0,145,432,50,266,555,1,799,266,51,61,-1,14,131,800,81,16,34,246,69,804,117,0,True
EUW1_7595459246,15.22.724.5161,420,1731,CLASSIC,1,-1,13,134,555,91,0,799,517,238,35,117,69,246,55,136,432,240,121,245,50,40,1,True
EUW1_7595471328,15.22.724.5161,420,2280,CLASSIC,1,91,35,119,107,78,0,64,84,15,-1,901,893,121,517,804,497,36,80,245,910,432,1,True
EUW1_7595486608,15.22.724.5161,420,1997,CLASSIC,0,91,60,246,34,163,1,131,432,27,107,24,43,59,893,15,555,39,234,800,202,111,0,True
EUW1_7595550664,15.22.724.5161,420,1644,CLASSIC,1,78,238,107,54,13,0,800,20,104,799,91,133,64,55,157,117,266,246,103,145,555,1,True
EUW1_7595609479,15.22.724.5161,420,930,CLASSIC,0,133,39,91,-1,104,1,432,246,91,555,950,36,60,105,804,44,887,64,3,110,526,0,True
EUW1_7595628591,15.22.724.5161,420,1092,CLASSIC,1,246,91,58,107,517,0,90,40,64,-1,55,8,234,134,236,201,39,62,54,145,497,1,True
EUW1_7595639235,15.22.724.5161,420,1832,CLASSIC,1,84,517,-1,51,91,0,36,119,121,27,246,69,59,910,145,526,142,78,238,21,57,1,True
EUW1_7595665770,15.22.724.5161,420,1441,CLASSIC,0,91,134,42,804,136,1,13,-1,15,59,950,126,517,122,51,432,67,120,55,30,78,0,True
EUW1_7595669193,15.22.724.5161,420,1567,CLASSIC,1,91,246,51,800,54,0,246,126,91,55,799,39,517,163,804,111,92,950,69,236,267,1,True
EUW1_7595684812,15.22.724.5161,420,1980,CLASSIC,0,233,517,555,-1,107,1,64,950,84,517,83,799,246,13,22,147,8,91,777,245,526,0,True
EUW1_7595698414,15.22.724.5161,420,1827,CLASSIC,1,246,517,518,804,8,0,555,-1,-1,84,432,110,76,61,51,43,950,59,234,136,101,1,True
EUW1_7595775143,15.22.724.5161,420,945,CLASSIC,0,804,22,134,64,238,1,246,58,91,-1,555,69,80,25,221,497,799,121,61,136,43,0,True
EUW1_7595810882,15.22.724.5161,420,1857,CLASSIC,1,-1,517,27,432,91,0,83,111,27,246,61,799,120,112,145,89,8,121,893,804,76,1,True
EUW1_7595813466,15.22.724.5161,420,1947,CLASSIC,0,78,804,238,799,136,1,555,121,-1,134,91,8,76,777,81,43,13,234,163,110,526,0,True
EUW1_7595820361,15.22.724.5161,420,1124,CLASSIC,1,246,64,136,555,61,0,119,121,12,91,799,114,98,268,804,888,875,104,84,21,497,1,True
EUW1_7595855933,15.22.724.5161,420,1675,CLASSIC,1,133,91,8,136,121,0,76,91,121,555,246,799,48,112,145,105,157,950,61,804,111,1,True
EUW1_7595875989,15.22.724.5161,420,1674,CLASSIC,1,517,91,120,432,40,0,84,134,246,119,-1,67,76,39,901,12,122,64,4,145,78,1,True
EUW1_7595892325,15.22.724.5161,420,1692,CLASSIC,0,91,799,18,-1,555,1,800,91,799,246,24,2,59,45,136,43,80,234,161,81,497,0,True
EUW1_7595896158,15.22.724.5161,420,919,CLASSIC,0,35,91,8,14,-1,1,238,84,517,91,8,110,121,13,145,12,83,120,105,804,497,0,True
EUW1_7595920039,15.22.724.5161,420,1504,CLASSIC,1,555,84,91,8,246,0,64,804,83,517,-1,799,76,711,18,43,133,950,7,145,12,1,True
EUW1_7595955154,15.22.724.5161,420,1532,CLASSIC,0,126,-1,107,246,64,1,91,-1,107,30,134,98,121,910,145,526,266,62,61,22,201,0,True
EUW1_7595983917,15.22.724.5161,420,1713,CLASSIC,1,64,15,432,518,13,0,235,92,126,40,134,38,91,133,910,412,54,517,142,16,43,1,True
EUW1_7596005760,15.22.724.5161,420,1829,CLASSIC,1,64,897,111,18,-1,0,432,133,35,82,910,14,91,105,147,555,92,234,61,30,80,1,True
EUW1_7596020805,15.22.724.5161,420,1976,CLASSIC,1,432,82,246,119,78,0,238,134,84,23,432,59,91,163,29,117,133,131,910,110,53,1,True
EUW1_7596032956,15.22.724.5161,420,1379,CLASSIC,1,238,13,799,58,555,0,84,897,91,-1,119,92,24,246,800,53,79,234,711,804,117,1,True
EUW1_7596041954,15.22.724.5161,420,1663,CLASSIC,0,91,432,-1,246,61,1,91,893,246,517,800,897,56,1,51,60,887,120,18,42,9,0,True
EUW1_7596043599,15.22.724.5161,420,1592,CLASSIC,1,246,60,234,799,91,0,432,246,14,84,799,68,104,777,145,555,114,143,13,804,78,1,True
EUW1_7596053076,15.22.724.5161,420,1181,CLASSIC,0,517,78,126,53,555,1,799,119,238,39,27,516,950,134,804,40,142,59,84,145,43,0,True
EUW1_7596068430,15.22.724.5161,420,1488,CLASSIC,1,60,238,234,76,246,0,246,119,134,950,92,14,2,245,804,555,39,62,45,145,497,1,True
EUW1_7596068843,15.22.724.5161,420,1973,CLASSIC,1,246,43,126,39,799,0,27,98,59,91,233,58,80,268,81,432,2,64,84,145,412,1,True
EUW1_7596085366,15.22.724.5161,420,1157,CLASSIC,0,555,27,134,119,246,1,800,84,2,60,24,126,72,112,523,412,54,238,910,42,432,0,True
EUW1_7596086835,15.22.724.5161,420,1485,CLASSIC,1,7,238,28,60,119,0,84,799,555,114,53,133,76,246,145,526,54,62,43,804,40,1,True
EUW1_7596092922,15.22.724.5161,420,911,CLASSIC,0,91,555,432,799,233,1,24,-1,246,76,804,150,77,69,42,40,157,238,13,110,412,0,True
EUW1_7596093919,15.22.724.5161,420,1477,CLASSIC,0,517,7,119,238,53,1,555,246,82,950,114,799,91,10,81,111,58,154,163,42,497,0,True
EUW1_7596103845,15.22.724.5161,420,911,CLASSIC,0,245,76,27,233,-1,1,51,432,107,64,246,799,91,7,145,111,421,131,134,804,40,0,True
EUW1_7596104945,15.22.724.5161,420,1680,CLASSIC,0,246,555,432,7,799,1,804,91,30,246,412,777,141,268,96,43,24,77,136,202,40,0,True
EUW1_7596117647,15.22.724.5161,420,1217,CLASSIC,0,82,78,119,799,59,1,234,-1,145,68,107,79,80,163,202,526,39,246,55,804,555,0,True
EUW1_7596143979,15.22.724.5161,420,1163,CLASSIC,0,238,27,-1,432,804,1,432,555,799,80,950,897,246,163,202,43,893,64,777,115,161,0,True
EUW1_7596170371,15.22.724.5161,420,1707,CLASSIC,0,804,13,161,126,142,1,555,84,81,246,92,27,104,91,115,53,799,59,245,45,432,0,True
EUW1_7596176874,15.22.724.5161,420,1471,CLASSIC,1,166,432,-1,246,78,0,161,58,91,53,62,92,517,84,804,89,39,64,38,110,37,1,True
EUW1_7596207620,15.22.724.5161,420,1897,CLASSIC,0,432,91,92,555,246,1,38,126,7,246,432,85,48,84,22,161,27,62,61,202,111,0,True
EUW1_7596224675,15.22.724.5161,420,1888,CLASSIC,0,35,246,-1,799,67,1,25,555,432,27,24,19,517,134,114,526,106,238,7,142,80,0,True
EUW1_7596229399,15.22.724.5161,420,1579,CLASSIC,0,-1,432,119,107,555,1,119,432,134,555,91,777,163,14,51,24,266,246,142,145,89,0,True
EUW1_7596248580,15.22.724.5161,420,1506,CLASSIC,0,91,84,555,799,62,1,91,238,432,13,804,950,59,777,42,161,58,30,246,51,40,0,True
EUW1_7596262766,15.22.724.5161,420,1018,CLASSIC,0,91,555,432,58,27,1,61,67,432,246,37,221,104,268,901,40,19,517,238,96,16,0,True
EUW1_7596269736,15.22.724.5161,420,1258,CLASSIC,0,81,80,7,246,91,1,35,201,799,-1,51,126,517,55,15,45,83,238,266,145,111,0,True
EUW1_7596270372,15.22.724.5161,420,1324,CLASSIC,1,238,60,40,432,246,0,37,91,92,246,25,43,5,84,18,555,799,104,142,136,57,1,True
EUW1_7596283061,15.22.724.5161,420,1804,CLASSIC,1,27,555,246,126,24,0,238,7,246,-1,91,74,80,84,145,161,897,121,61,804,12,1,True
EUW1_7596287451,15.22.724.5161,420,1748,CLASSIC,0,234,117,555,432,39,1,107,43,246,804,98,799,35,61,202,412,67,36,777,800,60,0,True
EUW1_7596298162,15.22.724.5161,420,916,CLASSIC,1,201,27,161,-1,91,0,517,432,7,-1,555,887,246,910,523,111,114,421,112,145,526,1,True
EUW1_7596306444,15.22.724.5161,420,1691,CLASSIC,0,432,166,60,107,25,1,78,27,24,246,432,14,238,142,804,555,39,131,13,236,526,0,True
EUW1_7596310523,15.22.724.5161,420,1554,CLASSIC,0,119,804,83,40,432,1,246,7,-1,432,136,799,64,84,202,60,14,517,55,145,37,0,True
EUW1_7596334000,15.22.724.5161,420,1469,CLASSIC,0,-1,799,246,432,238,1,35,84,555,107,238,126,517,45,51,111,245,91,145,115,526,0,True
EUW1_7596334536,15.22.724.5161,420,2071,CLASSIC,1,81,432,92,35,39,0,91,24,37,555,246,14,64,61,18,45,114,59,245,161,57,1,True
EUW1_7596346233,15.22.724.5161,420,1899,CLASSIC,0,246,39,91,804,25,1,432,121,38,61,246,777,517,142,110,497,421,131,800,523,412,0,True
EUW1_7596346743,15.22.724.5161,420,1680,CLASSIC,1,84,-1,246,800,92,0,517,910,238,432,246,83,59,147,804,111,799,245,14,15,40,1,True
EUW1_7596356268,15.22.724.5161,420,2238,CLASSIC,0,60,517,40,107,114,1,238,60,234,246,107,24,254,61,81,432,68,35,18,145,555,0,True
EUW1_7596375193,15.22.724.5161,420,1237,CLASSIC,1,517,432,238,246,-1,0,84,432,238,246,62,799,121,910,804,412,154,234,134,51,99,1,True
EUW1_7596386975,15.22.724.5161,420,1664,CLASSIC,1,-1,92,27,-1,136,0,81,804,432,126,246,14,950,4,236,267,6,56,13,42,40,1,True
EUW1_7596408403,15.22.724.5161,420,1316,CLASSIC,0,246,517,-1,432,91,1,39,27,246,117,555,24,950,105,145,412,85,107,13,901,235,0,True
EUW1_7596420072,15.22.724.5161,420,1438,CLASSIC,0,432,91,121,92,246,1,13,121,40,7,238,68,64,893,804,53,799,517,55,22,201,0,True
EUW1_7596426063,15.22.724.5161,420,1597,CLASSIC,1,238,18,136,246,91,0,555,432,-1,-1,234,24,517,134,37,235,84,35,81,804,43,1,True
EUW1_7596426879,15.22.724.5161,420,1669,CLASSIC,0,799,432,43,7,60,1,20,13,555,91,35,69,106,246,115,80,67,76,39,145,53,0,True
EUW1_7596441480,15.22.724.5161,420,1664,CLASSIC,1,91,35,893,126,555,0,27,517,91,804,432,6,246,39,136,111,41,131,245,236,40,1,True
EUW1_7596462367,15.22.724.5161,420,1494,CLASSIC,1,246,432,555,134,58,0,7,897,43,136,107,799,245,3,22,80,78,517,55,804,60,1,True
EUW1_7596467760,15.22.724.5161,420,1582,CLASSIC,1,238,-1,37,799,30,0,-1,55,238,246,122,777,56,136,51,432,24,59,893,804,43,1,True
EUW1_7596492942,15.22.724.5161,420,1528,CLASSIC,1,114,126,246,555,107,0,40,246,107,91,238,266,104,134,29,432,516,64,84,523,111,1,True
EUW1_7596512669,15.22.724.5161,420,1578,CLASSIC,0,238,246,91,37,-1,1,901,432,950,246,35,24,5,136,498,201,897,131,157,145,90,0,True
EUW1_7596535228,15.22.724.5161,420,2606,CLASSIC,1,91,246,40,432,555,0,234,24,238,91,432,86,56,84,901,497,106,64,134,804,78,1,True
EUW1_7596548246,15.22.724.5161,420,1467,CLASSIC,1,238,804,246,950,-1,0,238,91,117,59,432,14,131,39,145,412,266,234,136,18,518,1,True
EUW1_7596554004,15.22.724.5161,420,2077,CLASSIC,0,246,-1,13,-1,80,1,91,246,37,517,35,266,238,55,901,43,67,245,777,51,432,0,True
EUW1_7596573783,15.22.724.5161,420,1629,CLASSIC,1,432,246,555,238,126,0,432,517,246,13,83,897,254,34,21,111,79,245,39,18,201,1,True
EUW1_7596606037,15.22.724.5161,420,1866,CLASSIC,1,432,246,91,90,55,0,432,799,38,91,245,516,104,893,110,518,887,131,126,222,555,1,True
EUW1_7596614553,15.22.724.5161,420,1709,CLASSIC,1,133,-1,233,40,432,0,245,134,91,-1,27,36,131,777,81,518,887,238,26,145,555,1,True
EUW1_7596620455,15.22.724.5161,420,2050,CLASSIC,0,84,555,111,39,799,1,166,238,246,-1,800,266,59,134,136,432,126,5,163,804,412,0,True
EUW1_7596676817,15.22.724.5161,420,1111,CLASSIC,0,163,119,166,55,238,1,126,13,35,107,61,83,246,112,804,432,27,91,517,222,412,0,True
EUW1_7596692810,15.22.724.5161,420,1954,CLASSIC,1,246,432,24,91,897,0,-1,145,40,-1,91,39,104,3,804,555,54,143,84,81,518,1,True
EUW1_7596699510,15.22.724.5161,420,1418,CLASSIC,0,55,-1,432,12,804,1,517,246,134,91,432,799,76,777,21,57,141,154,26,15,201,0,True
EUW1_7596707383,15.22.724.5161,420,1980,CLASSIC,1,40,13,58,432,91,0,104,131,432,92,91,799,246,133,115,526,517,64,163,202,111,1,True
EUW1_7596750922,15.22.724.5161,420,1556,CLASSIC,0,246,91,78,37,245,1,432,91,24,897,246,164,238,84,81,3,39,104,61,145,526,0,True
EUW1_7596783439,15.22.724.5161,420,1689,CLASSIC,0,131,51,432,39,246,1,517,14,246,432,40,799,238,103,145,78,84,59,245,236,412,0,True
EUW1_7596865431,15.22.724.5161,420,1526,CLASSIC,1,555,238,246,35,84,0,59,246,134,238,53,39,64,245,136,43,58,120,61,145,111,1,True
EUW1_7596944498,15.22.724.5161,420,913,CLASSIC,0,517,136,-1,893,119,1,91,53,246,84,13,24,76,61,901,432,17,5,245,804,888,0,True
EUW1_7596956686,15.22.724.5161,420,2079,CLASSIC,0,154,55,432,136,799,1,53,55,238,39,134,42,246,3,110,89,266,20,800,145,16,0,True
EUW1_7596977349,15.22.724.5161,420,1604,CLASSIC,0,17,91,517,134,38,1,107,40,13,51,246,804,76,163,14,43,516,60,39,119,111,0,True
EUW1_7597041678,15.22.724.5161,420,1554,CLASSIC,0,163,91,246,268,58,1,13,-1,246,134,60,68,121,92,804,43,887,107,910,51,17,0,True
EUW1_7597055698,15.22.724.5161,420,1752,CLASSIC,1,246,39,91,63,136,0,92,40,432,7,245,13,238,38,804,526,799,517,134,145,111,1,True
EUW1_7597083789,15.22.724.5161,420,1641,CLASSIC,1,13,107,246,91,134,0,107,163,238,92,246,17,427,910,804,89,517,121,136,51,235,1,True
EUW1_7597113407,15.22.724.5161,420,977,CLASSIC,1,91,13,78,126,517,0,91,246,134,8,78,92,64,245,429,111,58,59,80,804,201,1,True
EUW1_7597132137,15.22.724.5161,420,1602,CLASSIC,1,89,119,39,-1,246,0,91,119,131,107,799,897,59,84,18,117,58,76,157,145,111,1,True
EUW1_7597152512,15.22.724.5161,420,2401,CLASSIC,1,13,246,432,799,91,0,64,126,897,555,246,10,107,133,145,111,27,121,134,136,526,1,True
EUW1_7597164011,15.22.724.5161,420,1738,CLASSIC,1,432,117,246,78,84,0,107,3,10,13,78,69,59,61,51,143,92,120,38,81,7,1,True
EUW1_7597195562,15.22.724.5161,420,1768,CLASSIC,0,91,157,897,126,246,1,107,64,157,134,40,92,238,112,221,526,98,30,166,119,78,0,True
EUW1_7597208299,15.22.724.5161,420,1969,CLASSIC,0,64,555,55,78,238,1,78,107,134,555,200,13,121,91,51,432,10,59,38,29,45,0,True
EUW1_7597220906,15.22.724.5161,420,2343,CLASSIC,0,555,107,799,119,517,1,64,43,246,432,134,54,76,245,145,267,150,91,84,29,40,0,True
EUW1_7597228177,15.22.724.5161,420,1911,CLASSIC,0,134,91,122,555,246,1,80,-1,24,78,246,799,5,84,145,40,157,121,4,901,53,0,True
EUW1_7597241576,15.22.724.5161,420,1762,CLASSIC,0,122,91,7,82,238,1,432,78,64,246,804,799,56,163,115,164,39,121,38,202,35,0,True
EUW1_7597242273,15.22.724.5161,420,1973,CLASSIC,1,82,134,121,799,91,0,804,91,246,526,24,80,254,84,202,60,92,517,777,901,40,1,True
EUW1_7597256119,15.22.724.5161,420,937,CLASSIC,1,107,526,893,555,246,0,27,555,238,91,68,887,950,90,804,117,14,131,61,236,267,1,True
EUW1_7597256503,15.22.724.5161,420,1190,CLASSIC,1,134,119,200,24,246,0,121,78,555,10,111,799,91,61,29,267,58,203,84,115,432,1,True
EUW1_7597265812,15.22.724.5161,420,1681,CLASSIC,0,98,238,84,91,121,1,555,107,526,246,24,68,427,39,81,267,92,950,61,236,43,0,True
EUW1_7597281897,15.22.724.5161,420,2262,CLASSIC,1,13,517,107,201,246,0,64,799,902,555,238,421,91,55,145,497,80,121,84,804,888,1,True
EUW1_7597301197,15.22.724.5161,420,1731,CLASSIC,1,107,10,246,8,145,0,83,51,36,-1,246,24,104,112,202,526,78,421,910,901,48,1,True
EUW1_7597304265,15.22.724.5161,420,2307,CLASSIC,0,84,238,114,134,107,1,39,115,58,799,143,897,91,161,800,43,92,64,13,145,53,0,True
EUW1_7597307884,15.22.724.5161,420,1312,CLASSIC,0,117,92,432,555,134,1,246,39,804,78,902,41,75,13,236,80,84,91,34,22,888,0,True
EUW1_7597309206,15.22.724.5161,420,1538,CLASSIC,1,238,18,114,246,84,0,59,13,246,804,555,516,5,55,222,201,98,20,517,145,12,1,True
EUW1_7597327814,15.22.724.5161,420,1127,CLASSIC,0,902,82,804,25,67,1,421,55,526,897,432,122,254,142,202,888,39,234,800,145,40,0,True
EUW1_7597392461,15.22.724.5161,420,1742,CLASSIC,1,8,895,64,114,555,0,111,84,246,238,126,79,91,61,157,526,122,24,134,498,76,1,True
EUW1_7597439944,15.22.724.5161,420,927,CLASSIC,1,246,91,950,126,55,0,246,69,555,39,-1,68,77,777,910,53,110,36,134,42,89,1,True
EUW1_7597456720,15.22.724.5161,420,1487,CLASSIC,0,126,-1,234,134,246,1,111,13,64,555,35,122,62,34,110,432,6,91,517,67,43,0,True
EUW1_7597462336,15.22.724.5161,420,1525,CLASSIC,0,61,238,119,555,98,1,-1,246,799,119,91,2,48,517,29,497,516,120,67,42,20,0,True
EUW1_7597469249,15.22.724.5161,420,1593,CLASSIC,1,19,55,107,432,64,0,40,55,-1,78,67,799,131,3,21,497,58,154,134,84,12,1,True
EUW1_7597480487,15.22.724.5161,420,912,CLASSIC,1,107,804,84,58,22,0,81,799,104,238,91,164,60,126,51,111,897,30,80,221,526,1,True
EUW1_7597502251,15.22.724.5161,420,1499,CLASSIC,1,8,91,246,92,81,0,432,555,238,246,91,517,64,893,145,526,14,36,61,236,12,1,True
EUW1_7597507709,15.22.724.5161,420,1659,CLASSIC,1,91,246,238,58,27,0,246,233,950,238,91,799,517,134,51,60,14,163,777,804,111,1,True
EUW1_7597520453,15.22.724.5161,420,1483,CLASSIC,1,68,13,25,238,40,0,27,61,804,84,91,98,5,133,142,432,875,59,134,136,497,1,True
EUW1_7597546973,15.22.724.5161,420,1762,CLASSIC,0,78,246,91,-1,-1,1,432,107,84,91,131,154,36,157,145,89,68,104,245,222,412,0,True
EUW1_7597555997,15.22.724.5161,420,1315,CLASSIC,1,799,246,91,432,517,0,91,24,233,246,266,26,104,800,110,497,34,2,61,51,60,1,True
EUW1_7597567035,15.22.724.5161,420,1601,CLASSIC,0,432,35,145,91,92,1,246,517,142,555,27,39,104,245,800,497,897,59,134,81,89,0,True
EUW1_7597611033,15.22.724.5161,420,1808,CLASSIC,0,91,245,246,67,517,1,35,119,38,68,27,19,238,134,202,555,145,121,142,22,432,0,True
EUW1_7597654803,15.22.724.5161,420,1170,CLASSIC,1,107,119,-1,234,555,0,517,-1,804,24,246,68,35,777,29,111,39,245,142,145,12,1,True
EUW1_7597669069,15.22.724.5161,420,2120,CLASSIC,0,238,19,134,91,35,1,38,246,238,133,432,61,24,523,15,111,51,517,800,202,526,0,True
EUW1_7597688292,15.22.724.5161,420,1702,CLASSIC,1,234,-1,40,29,145,0,84,133,36,107,55,31,120,39,81,12,245,59,893,21,432,1,True
EUW1_7597701899,15.22.724.5161,420,1764,CLASSIC,0,888,27,91,555,98,1,800,432,13,40,246,2,517,134,67,897,133,154,245,145,518,0,True
EUW1_7597729054,15.22.724.5161,420,1329,CLASSIC,1,517,-1,126,107,7,0,38,238,91,555,246,27,245,134,51,201,516,62,136,145,43,1,True
EUW1_7597735200,15.22.724.5161,420,1956,CLASSIC,1,800,35,-1,517,58,0,61,13,245,432,120,134,246,799,22,555,14,131,18,17,111,1,True
EUW1_7597760807,15.22.724.5161,420,105,CLASSIC,1,-1,555,246,432,799,0,84,27,40,-1,38,24,120,39,236,518,897,154,245,498,497,1,True
EUW1_7597767074,15.22.724.5161,420,2257,CLASSIC,1,107,246,-1,245,555,0,51,91,58,517,246,110,427,14,119,40,875,238,84,145,518,1,True
EUW1_7597770784,15.22.724.5161,420,1598,CLASSIC,1,-1,432,154,246,114,0,60,246,432,804,91,98,120,142,236,267,24,59,61,22,555,1,True
EUW1_7597770924,15.22.724.5161,420,1397,CLASSIC,0,555,777,245,40,107,1,51,92,107,555,136,266,154,4,236,43,80,36,246,910,432,0,True
EUW1_7597774213,15.22.724.5161,420,1108,CLASSIC,0,64,-1,84,24,555,1,78,126,119,432,7,777,91,245,498,40,27,246,157,22,517,0,True
EUW1_7597791098,15.22.724.5161,420,1665,CLASSIC,1,245,133,246,-1,13,0,950,-1,136,800,799,17,59,90,145,78,14,64,268,236,80,1,True
EUW1_7597812250,15.22.724.5161,420,1509,CLASSIC,1,78,246,3,432,91,0,950,64,518,114,517,68,59,112,157,85,54,121,61,51,555,1,True
EUW1_7597828957,15.22.724.5161,420,1793,CLASSIC,1,120,799,432,555,246,0,59,-1,154,15,91,114,238,84,22,117,68,254,7,42,31,1,True
EUW1_7597835420,15.22.724.5161,420,1838,CLASSIC,0,517,7,246,92,44,1,91,246,432,-1,134,14,245,58,81,43,69,107,39,51,412,0,True
EUW1_7597849380,15.22.724.5161,420,910,CLASSIC,1,201,427,13,84,27,0,17,799,25,432,91,8,59,134,145,111,516,36,103,51,223,1,True
EUW1_7597884309,15.22.724.5161,420,1734,CLASSIC,0,91,432,245,13,-1,1,800,-1,17,134,-1,516,131,221,804,526,150,238,61,22,60,0,True
EUW1_7597890114,15.22.724.5161,420,1617,CLASSIC,0,13,238,-1,236,39,1,40,432,91,246,555,126,141,7,245,897,517,104,84,145,497,0,True
EUW1_7597903082,15.22.724.5161,420,1150,CLASSIC,1,238,-1,200,246,126,0,246,245,35,800,134,114,64,115,523,117,69,59,61,51,412,1,True
EUW1_7597916260,15.22.724.5161,420,964,CLASSIC,0,-1,117,136,246,517,1,238,246,27,35,799,245,120,61,145,44,58,234,34,202,40,0,True
EUW1_7597947720,15.22.724.5161,420,1509,CLASSIC,0,800,91,238,92,432,1,54,799,17,-1,27,83,234,61,119,111,39,131,266,145,555,0,True
EUW1_7597950202,15.22.724.5161,420,1544,CLASSIC,1,-1,432,91,40,246,0,17,133,84,35,134,39,120,163,51,555,69,62,893,157,518,1,True
EUW1_7597972168,15.22.724.5161,420,1381,CLASSIC,0,432,555,799,13,92,1,555,25,103,91,246,24,517,800,133,111,114,59,134,142,497,0,True
EUW1_7597985937,15.22.724.5161,420,950,CLASSIC,0,61,555,117,-1,145,1,55,83,91,555,517,799,25,950,236,44,126,245,246,26,16,0,True
EUW1_7598026144,15.22.724.5161,420,1541,CLASSIC,1,119,246,91,245,-1,0,107,119,126,91,246,777,98,893,22,432,122,234,13,145,53,1,True
EUW1_7598044024,15.22.724.5161,420,914,CLASSIC,0,119,517,246,555,91,1,-1,40,246,555,13,83,245,234,42,43,14,154,133,145,518,0,True
EUW1_7598063871,15.22.724.5161,420,1834,CLASSIC,1,91,800,78,-1,432,0,799,-1,26,517,7,516,154,266,67,201,83,131,246,145,111,1,True
EUW1_7598069750,15.22.724.5161,420,1393,CLASSIC,1,27,432,804,91,83,0,92,432,804,901,91,126,246,112,81,517,14,238,90,202,12,1,True
EUW1_7598114504,15.22.724.5161,420,912,CLASSIC,1,421,-1,134,107,245,0,246,18,432,-1,120,2,517,893,110,53,67,20,799,22,117,1,True
EUW1_7598117251,15.22.724.5161,420,1411,CLASSIC,1,555,238,432,246,83,0,91,51,25,555,901,126,254,163,804,412,777,517,90,145,12,1,True
EUW1_7598119281,15.22.724.5161,420,2197,CLASSIC,1,107,432,555,246,893,0,61,517,432,122,91,112,120,58,22,99,126,245,238,51,267,1,True
EUW1_7598169624,15.22.724.5161,420,1635,CLASSIC,1,246,91,432,78,799,0,799,246,429,134,107,136,154,39,145,201,14,950,517,804,12,1,True
EUW1_7598171956,15.22.724.5161,420,1856,CLASSIC,0,432,83,90,517,555,1,238,518,154,133,799,126,246,13,804,111,893,131,777,51,37,0,True
EUW1_7598192764,15.22.724.5161,420,1570,CLASSIC,1,51,517,92,-1,246,0,799,22,-1,133,91,14,245,3,145,432,887,238,84,236,111,1,True
EUW1_7598225606,15.22.724.5161,420,1546,CLASSIC,0,246,201,893,91,35,1,61,92,246,107,40,34,80,14,804,117,887,427,238,222,432,0,True
EUW1_7598248640,15.22.724.5161,420,1308,CLASSIC,1,238,8,126,245,246,0,246,555,84,517,91,114,64,7,18,526,54,104,518,136,164,1,True
EUW1_7598316087,15.22.724.5161,420,2048,CLASSIC,0,136,40,887,27,246,1,38,517,126,432,60,14,56,711,804,89,6,64,7,429,888,0,True
EUW1_7598326326,15.22.724.5161,420,1179,CLASSIC,0,804,238,246,107,92,1,-1,246,804,84,432,799,234,7,910,12,777,91,163,245,78,0,True
EUW1_7598375020,15.22.724.5161,420,1799,CLASSIC,1,74,555,246,238,76,0,897,246,238,555,38,14,59,136,161,497,39,5,30,51,432,1,True
EUW1_7598400655,15.22.724.5161,420,1590,CLASSIC,1,517,119,24,64,136,0,91,-1,432,121,-1,39,131,246,202,555,58,104,90,804,526,1,True
EUW1_7598424633,15.22.724.5161,420,1403,CLASSIC,1,238,800,432,114,61,0,121,555,91,246,800,86,80,950,145,518,164,5,142,523,26,1,True
EUW1_7598430528,15.22.724.5161,420,1944,CLASSIC,0,84,246,91,3,799,1,246,201,40,555,104,79,59,245,51,432,69,30,39,119,526,0,True
EUW1_7598442932,15.22.724.5161,420,1678,CLASSIC,1,114,887,432,136,119,0,30,555,238,121,111,14,91,13,145,526,68,62,246,26,235,1,True
EUW1_7598474228,15.22.724.5161,420,1813,CLASSIC,1,126,134,30,804,91,0,238,804,555,887,64,86,121,61,236,518,13,80,901,63,267,1,True
EUW1_7598482270,15.22.724.5161,420,1147,CLASSIC,1,107,64,166,59,432,0,246,421,131,432,-1,79,91,4,221,555,897,104,163,145,40,1,True
EUW1_7598490711,15.22.724.5161,420,1355,CLASSIC,1,91,121,246,126,555,0,134,78,91,157,121,27,104,112,804,40,59,518,84,202,432,1,True
EUW1_7598495535,15.22.724.5161,420,1706,CLASSIC,0,121,432,555,804,91,1,238,64,246,804,84,58,950,112,901,40,98,59,61,42,267,0,True
EUW1_7598503967,15.22.724.5161,420,1571,CLASSIC,0,91,40,58,121,166,1,246,134,64,555,238,92,48,84,236,412,98,62,61,804,16,0,True
EUW1_7598510040,15.22.724.5161,420,1286,CLASSIC,1,92,13,119,67,555,0,246,40,112,111,78,24,5,38,804,16,799,62,90,145,267,1,True
EUW1_7598519511,15.22.724.5161,420,1582,CLASSIC,1,266,-1,51,91,121,0,91,119,126,-1,432,6,104,84,145,111,14,131,157,236,267,1,True
EUW1_7598525367,15.22.724.5161,420,928,CLASSIC,0,14,432,42,60,234,1,67,432,58,91,246,83,5,268,147,526,92,104,777,145,555,0,True
EUW1_7598534142,15.22.724.5161,420,2091,CLASSIC,1,30,555,24,238,84,0,27,91,246,114,145,64,59,517,901,235,240,77,112,15,497,1,True
EUW1_7598540591,15.22.724.5161,420,1586,CLASSIC,0,432,246,-1,91,58,1,432,804,104,234,51,92,62,238,136,12,897,121,134,145,78,0,True
EUW1_7598542843,15.22.724.5161,420,1116,CLASSIC,0,35,238,119,246,37,1,432,92,246,39,114,799,59,777,145,555,14,233,268,236,201,0,True
EUW1_7598559507,15.22.724.5161,420,1421,CLASSIC,0,246,91,92,145,-1,1,91,27,555,238,114,14,254,893,804,526,897,59,112,222,117,0,True
EUW1_7598573968,15.22.724.5161,420,2020,CLASSIC,0,13,235,555,804,114,1,950,78,555,107,804,14,246,38,115,12,150,131,134,429,111,0,True
EUW1_7598575142,15.22.724.5161,420,2251,CLASSIC,1,246,91,37,78,-1,0,134,51,432,107,266,799,154,61,804,9,98,59,84,145,555,1,True
EUW1_7598598642,15.22.724.5161,420,1869,CLASSIC,1,27,25,804,555,246,0,432,92,35,246,268,84,121,142,51,201,799,238,887,22,111,1,True
EUW1_7598612704,15.22.724.5161,420,1022,CLASSIC,1,555,233,59,107,432,0,154,-1,-1,91,555,68,24,3,42,267,58,131,800,236,412,1,True
EUW1_7598613071,15.22.724.5161,420,914,CLASSIC,1,98,246,54,107,40,0,91,92,114,7,161,68,234,517,51,53,14,80,134,81,432,1,True
EUW1_7598613208,15.22.724.5161,420,1897,CLASSIC,0,14,91,893,-1,134,1,246,-1,799,27,83,98,517,910,222,432,887,131,157,202,60,0,True
EUW1_7598622728,15.22.724.5161,420,1633,CLASSIC,0,107,35,201,432,238,1,246,91,58,142,555,14,5,45,804,43,92,59,84,51,99,0,True
EUW1_7598629128,15.22.724.5161,420,1555,CLASSIC,0,13,887,555,48,-1,1,233,804,91,76,98,897,2,893,55,44,68,107,777,145,60,0,True
EUW1_7598629477,15.22.724.5161,420,1718,CLASSIC,1,-1,91,107,54,238,0,804,235,432,27,-1,67,246,69,134,111,799,131,13,42,78,1,True
EUW1_7598638246,15.22.724.5161,420,1289,CLASSIC,1,8,234,517,246,145,0,555,133,91,246,432,79,104,13,110,89,24,203,61,115,111,1,True
EUW1_7598639336,15.22.724.5161,420,2077,CLASSIC,0,246,92,526,107,45,1,246,13,91,98,27,39,59,163,804,517,106,234,134,133,60,0,True
EUW1_7598648343,15.22.724.5161,420,1269,CLASSIC,0,126,804,518,107,246,1,134,40,91,432,246,266,131,517,157,53,58,120,26,145,12,0,True
EUW1_7598653999,15.22.724.5161,420,1691,CLASSIC,0,107,27,238,91,432,1,35,51,24,555,238,43,246,7,81,497,2,131,112,145,111,0,True
EUW1_7598660748,15.22.724.5161,420,1583,CLASSIC,0,58,432,555,78,804,1,67,84,555,107,54,799,154,45,161,32,42,246,517,96,3,0,True
EUW1_7598663054,15.22.724.5161,420,1869,CLASSIC,1,91,432,517,145,893,0,238,133,246,800,59,58,98,910,222,89,799,80,61,110,201,1,True
EUW1_7598685432,15.22.724.5161,420,1765,CLASSIC,1,432,107,30,238,131,0,420,555,120,119,107,240,76,893,804,526,24,246,13,163,80,1,True
EUW1_7598720272,15.22.724.5161,420,1562,CLASSIC,1,91,893,246,133,117,0,-1,246,91,432,107,799,131,3,236,267,39,238,84,804,60,1,True
EUW1_7598733264,15.22.724.5161,420,1178,CLASSIC,1,234,555,246,107,238,0,555,432,246,117,91,799,2,112,804,43,79,121,84,51,526,1,True
EUW1_7598748648,15.22.724.5161,420,1578,CLASSIC,0,91,142,84,131,432,1,126,91,246,119,432,150,72,67,145,555,27,64,134,429,12,0,True
EUW1_7598751015,15.22.724.5161,420,1962,CLASSIC,0,107,421,432,84,24,1,107,246,91,67,39,777,121,136,804,412,68,59,18,145,3,0,True
EUW1_7598791777,15.22.724.5161,420,2287,CLASSIC,0,92,38,54,246,432,1,432,92,91,246,107,67,60,516,81,201,119,64,800,96,111,0,True
EUW1_7598806649,15.22.724.5161,420,1646,CLASSIC,0,91,800,36,83,804,1,91,246,126,238,517,150,121,893,18,53,27,203,99,51,111,0,True
EUW1_7598822079,15.22.724.5161,420,1700,CLASSIC,0,555,60,24,91,246,1,804,238,24,246,518,2,78,84,222,43,39,200,112,22,432,0,True
EUW1_7598843585,15.22.724.5161,420,1371,CLASSIC,0,78,246,133,60,91,1,13,107,57,64,246,893,59,4,145,555,68,121,55,29,432,0,True
EUW1_7598848716,15.22.724.5161,420,1698,CLASSIC,0,107,800,432,126,-1,1,13,432,893,107,27,6,246,61,67,117,98,104,133,145,111,0,True
EUW1_7598861343,15.22.724.5161,420,1301,CLASSIC,0,24,804,246,91,37,1,517,117,432,799,91,39,59,69,145,555,106,120,800,523,16,0,True
EUW1_7598867979,15.22.724.5161,420,1987,CLASSIC,1,39,119,55,91,800,0,91,119,246,55,799,36,64,163,498,78,897,950,45,804,526,1,True
EUW1_7598874627,15.22.724.5161,420,1622,CLASSIC,0,-1,246,432,83,134,1,20,238,29,-1,91,126,59,34,901,518,14,203,103,804,555,0,True
EUW1_7598888032,15.22.724.5161,420,1090,CLASSIC,0,246,27,54,91,238,1,36,432,555,13,799,897,59,67,115,3,68,56,55,804,497,0,True
EUW1_7598890232,15.22.724.5161,420,1394,CLASSIC,1,7,126,246,91,133,0,555,238,107,800,-1,27,64,61,236,53,68,59,517,67,43,1,True
EUW1_7598901892,15.22.724.5161,420,1524,CLASSIC,0,37,24,804,91,432,1,432,-1,107,78,893,39,246,112,145,111,98,517,134,51,526,0,True
EUW1_7598914403,15.22.724.5161,420,1758,CLASSIC,1,29,36,67,51,7,0,111,134,432,122,91,238,517,103,804,80,897,64,34,800,497,1,True
EUW1_7598926036,15.22.724.5161,420,921,CLASSIC,1,432,238,-1,246,107,0,54,91,432,40,55,68,5,268,67,60,8,59,84,145,518,1,True
EUW1_7598934417,15.22.724.5161,420,2039,CLASSIC,0,13,27,246,91,145,1,800,78,126,-1,27,58,121,55,81,89,6,799,112,236,201,0,True
EUW1_7598950294,15.22.724.5161,420,1737,CLASSIC,0,432,78,136,246,799,1,59,950,200,92,13,14,5,910,804,117,887,77,133,523,412,0,True
EUW1_7598961369,15.22.724.5161,420,1766,CLASSIC,0,517,119,83,-1,133,1,246,107,7,555,114,126,64,245,804,412,54,59,163,498,497,0,True
EUW1_7598980458,15.22.724.5161,420,1809,CLASSIC,0,246,517,84,134,45,1,246,91,432,111,7,10,141,67,804,526,238,35,157,901,43,0,True
EUW1_7599016140,15.22.724.5161,420,1247,CLASSIC,0,119,238,517,27,246,1,800,60,497,799,27,897,62,18,115,7,114,234,1,145,555,0,True
EUW1_7599029536,15.22.724.5161,420,1598,CLASSIC,1,83,-1,120,107,122,0,804,245,246,107,120,799,238,84,51,164,14,131,134,15,201,1,True
EUW1_7599033347,15.22.724.5161,420,2010,CLASSIC,0,517,238,42,107,24,1,-1,78,246,432,799,39,234,245,145,111,23,120,13,15,59,0,True
EUW1_7599066559,15.22.724.5161,420,1723,CLASSIC,0,238,133,27,555,246,1,887,60,-1,800,40,85,62,84,804,235,24,2,7,51,432,0,True
EUW1_7599089261,15.22.724.5161,420,2113,CLASSIC,1,246,61,91,432,107,0,901,61,91,518,58,799,245,238,145,89,39,59,90,81,12,1,True
EUW1_7599104852,15.22.724.5161,420,2230,CLASSIC,0,35,246,39,517,-1,1,432,91,13,555,246,14,59,134,110,63,240,76,133,804,518,0,True
EUW1_7599106169,15.22.724.5161,420,1621,CLASSIC,1,39,432,-1,117,800,0,91,245,84,121,246,68,120,4,18,78,897,517,67,236,526,1,True
EUW1_7599126373,15.22.724.5161,420,2121,CLASSIC,1,555,800,517,27,8,0,8,246,897,238,92,68,35,163,110,78,14,104,777,115,526,1,True
EUW1_7599171538,15.22.724.5161,420,2042,CLASSIC,1,238,555,84,91,54,0,107,121,91,84,27,67,246,134,901,432,799,517,245,498,497,1,True
EUW1_7599186417,15.22.724.5161,420,1479,CLASSIC,0,799,-1,-1,246,78,1,92,799,59,36,432,14,950,61,202,89,98,56,142,804,412,0,True
EUW1_7599200409,15.22.724.5161,420,1816,CLASSIC,0,555,8,67,238,133,1,35,91,246,517,27,163,131,777,804,910,114,5,268,145,432,0,True
EUW1_7599226507,15.22.724.5161,420,2226,CLASSIC,1,246,92,13,40,799,0,-1,432,27,24,134,98,64,84,901,85,39,203,90,145,111,1,True
EUW1_7599242648,15.22.724.5161,420,1418,CLASSIC,0,78,901,54,432,246,1,35,107,119,800,432,67,59,777,910,517,14,5,61,145,555,0,True
EUW1_7599249428,15.22.724.5161,420,935,CLASSIC,1,121,91,246,893,800,0,119,107,38,51,122,266,517,203,804,497,76,35,90,42,235,1,True
EUW1_7599284753,15.22.724.5161,420,1521,CLASSIC,1,111,91,163,13,59,0,67,163,246,799,134,887,80,38,202,518,516,121,166,51,43,1,True
EUW1_7599296956,15.22.724.5161,420,2116,CLASSIC,0,54,432,5,800,122,1,90,432,84,98,39,67,2,61,202,518,79,91,136,22,201,0,True
EUW1_7599298986,15.22.724.5161,420,1833,CLASSIC,1,517,107,799,432,555,0,78,91,-1,145,238,516,246,61,51,99,266,64,136,81,43,1,True
EUW1_7599332894,15.22.724.5161,420,1115,CLASSIC,1,91,233,92,133,51,0,432,-1,91,901,-1,61,234,777,145,89,24,59,90,236,111,1,True
EUW1_7599406487,15.22.724.5161,420,952,CLASSIC,1,246,27,201,107,555,0,526,40,134,432,83,799,238,893,51,99,4,64,69,523,111,1,True
EUW1_7599409901,15.22.724.5161,420,1660,CLASSIC,0,91,166,804,134,246,1,238,131,804,555,24,114,120,517,498,201,126,76,42,145,111,0,True
EUW1_7599436103,15.22.724.5161,420,1956,CLASSIC,0,69,233,27,145,-1,1,91,-1,432,246,84,36,517,777,51,60,887,80,29,202,99,0,True
EUW1_7599465607,15.22.724.5161,420,1773,CLASSIC,1,245,163,15,91,238,0,40,804,555,799,245,58,60,126,910,111,69,121,84,145,526,1,True
EUW1_7599476741,15.22.724.5161,420,2166,CLASSIC,0,800,432,99,24,78,1,131,799,91,246,-1,8,59,163,22,201,238,76,142,81,89,0,True
EUW1_7599500926,15.22.724.5161,420,1909,CLASSIC,0,804,54,91,246,799,1,-1,7,51,245,238,800,121,41,22,111,893,517,126,145,555,0,True
EUW1_7599519872,15.22.724.5161,420,1413,CLASSIC,0,67,245,800,84,78,1,29,67,91,107,233,68,64,163,145,111,887,121,893,804,518,0,True
EUW1_7599532382,15.22.724.5161,420,1620,CLASSIC,0,799,517,136,78,61,1,555,131,84,432,246,804,876,238,22,60,126,76,245,81,89,0,True
EUW1_7599565889,15.22.724.5161,420,1488,CLASSIC,1,246,517,39,238,555,0,200,555,27,67,13,266,76,245,29,53,114,91,38,51,99,1,True
EUW1_7599576581,15.22.724.5161,420,1675,CLASSIC,0,517,133,245,114,91,1,15,804,-1,91,432,897,246,7,51,59,950,64,45,910,111,0,True
EUW1_7599596035,15.22.724.5161,420,1308,CLASSIC,1,246,8,432,517,38,0,61,-1,76,84,555,950,120,115,157,526,54,121,234,81,497,1,True
EUW1_7599644314,15.22.724.5161,420,1361,CLASSIC,0,107,246,84,238,134,1,27,126,555,246,119,78,517,45,18,117,86,950,112,523,412,0,True
EUW1_7599673150,15.22.724.5161,420,1824,CLASSIC,0,246,166,804,119,114,1,78,799,201,-1,91,897,517,126,145,412,41,234,163,429,12,0,True
EUW1_7599687380,15.22.724.5161,420,1543,CLASSIC,1,62,246,91,555,107,0,107,166,119,555,114,24,238,84,143,235,897,141,142,145,497,1,True
EUW1_7599696914,15.22.724.5161,420,1548,CLASSIC,1,7,119,91,27,3,0,432,78,800,126,107,2,30,84,804,201,6,76,157,145,497,1,True
EUW1_7599704203,15.22.724.5161,420,1091,CLASSIC,0,246,-1,238,-1,804,1,888,246,134,91,27,799,59,61,67,16,24,234,103,222,412,0,True
EUW1_7599709422,15.22.724.5161,420,1228,CLASSIC,0,126,145,27,238,432,1,27,800,91,67,517,6,76,901,15,12,54,30,157,22,3,0,True
EUW1_7599715363,15.22.724.5161,420,1319,CLASSIC,0,246,-1,27,142,36,1,238,432,122,91,246,799,64,134,51,111,41,121,910,115,40,0,True
EUW1_7599726352,15.22.724.5161,420,1711,CLASSIC,1,51,120,92,432,246,0,91,950,27,233,246,14,56,517,145,53,82,238,13,22,412,1,True
EUW1_7599746538,15.22.724.5161,420,1465,CLASSIC,0,111,30,432,91,27,1,246,105,-1,91,432,114,98,134,145,555,887,24,61,81,497,0,True
EUW1_7599751449,15.22.724.5161,420,1596,CLASSIC,1,555,61,238,887,246,0,8,122,-1,40,432,34,245,777,15,43,24,517,42,22,12,1,True
EUW1_7599762468,15.22.724.5161,420,1055,CLASSIC,1,246,-1,27,136,238,0,950,91,30,107,432,84,28,39,895,235,58,131,777,145,12,1,True
EUW1_7599764725,15.22.724.5161,420,1647,CLASSIC,0,7,91,238,83,799,1,555,91,799,246,-1,79,131,64,21,432,114,5,43,147,111,0,True
EUW1_7599776858,15.22.724.5161,420,1649,CLASSIC,0,555,119,91,27,246,1,432,85,157,107,517,799,238,115,804,412,92,950,518,523,89,0,True
EUW1_7599778970,15.22.724.5161,420,1595,CLASSIC,1,92,233,432,246,60,0,-1,27,107,-1,246,799,238,61,222,40,516,234,245,145,555,1,True
EUW1_7599784407,15.22.724.5161,420,1169,CLASSIC,0,238,91,799,245,266,1,517,432,60,7,119,34,246,18,81,89,38,121,14,145,12,0,True
EUW1_7599789985,15.22.724.5161,420,1340,CLASSIC,0,804,799,67,432,91,1,804,888,432,-1,107,68,24,61,429,43,150,234,142,22,201,0,True
EUW1_7599795825,15.22.724.5161,420,1288,CLASSIC,1,84,91,107,119,800,0,238,246,432,131,134,14,234,103,51,43,799,121,38,804,518,1,True
EUW1_7599797835,15.22.724.5161,420,2977,CLASSIC,1,107,27,133,432,126,0,27,119,126,67,91,150,246,42,115,555,6,24,134,51,3,1,True
EUW1_7599804796,15.22.724.5161,420,1914,CLASSIC,1,91,136,246,432,92,0,-1,432,76,91,119,799,517,134,901,497,164,234,142,895,235,1,True
EUW1_7599815026,15.22.724.5161,420,1710,CLASSIC,0,5,246,799,91,893,1,107,67,246,555,38,126,64,800,81,111,39,60,34,110,432,0,True
EUW1_7599815532,15.22.724.5161,420,2018,CLASSIC,1,234,27,246,119,13,0,107,432,14,246,555,799,517,84,523,897,887,91,39,81,497,1,True
EUW1_7599838692,15.22.724.5161,420,1455,CLASSIC,1,799,246,517,91,98,0,800,432,-1,238,107,68,59,134,110,526,266,62,61,22,89,1,True
EUW1_7599840962,15.22.724.5161,420,1741,CLASSIC,0,800,432,133,126,804,1,27,92,432,246,91,6,104,103,145,111,68,238,163,910,497,0,True
EUW1_7599851436,15.22.724.5161,420,1851,CLASSIC,0,67,246,119,27,58,1,432,13,246,39,145,799,238,800,22,43,83,131,133,81,40,0,True
EUW1_7599859418,15.22.724.5161,420,1413,CLASSIC,0,98,59,246,67,804,1,234,25,432,246,92,799,517,134,145,3,83,238,61,157,526,0,True
EUW1_7599870292,15.22.724.5161,420,1583,CLASSIC,0,84,91,92,800,222,1,91,51,238,799,39,58,104,134,67,201,114,131,157,145,111,0,True
EUW1_7599880953,15.22.724.5161,420,2140,CLASSIC,1,91,432,92,27,126,0,555,-1,246,238,40,799,104,142,96,201,39,64,134,84,44,1,True
EUW1_7599908660,15.22.724.5161,420,1861,CLASSIC,0,119,555,107,7,131,1,804,432,-1,91,60,799,246,893,901,12,164,59,910,523,89,0,True
EUW1_7599915235,15.22.724.5161,420,1467,CLASSIC,1,40,68,246,91,7,0,246,78,91,555,238,114,60,14,22,111,141,131,901,81,43,1,True
EUW1_7599925896,15.22.724.5161,420,2160,CLASSIC,1,800,166,131,145,-1,0,84,55,58,238,91,897,517,39,236,201,799,5,245,42,555,1,True
EUW1_7599943661,15.22.724.5161,420,1336,CLASSIC,0,517,13,246,91,39,1,233,107,246,91,27,68,64,133,81,89,83,5,238,115,432,0,True
EUW1_7599945903,15.22.724.5161,420,1085,CLASSIC,0,523,40,27,91,246,1,51,91,799,804,39,897,59,7,21,432,67,56,134,145,518,0,True
EUW1_7599961058,15.22.724.5161,420,1585,CLASSIC,0,800,119,799,555,91,1,-1,91,432,40,246,122,64,163,42,16,24,120,517,236,44,0,True
EUW1_7599965138,15.22.724.5161,420,2285,CLASSIC,1,84,134,799,107,55,0,432,54,555,-1,98,36,427,90,222,201,106,238,3,51,99,1,True
EUW1_7599978629,15.22.724.5161,420,982,CLASSIC,1,27,92,131,233,246,0,246,91,40,432,68,50,59,777,115,111,887,62,39,110,555,1,True
EUW1_7599982690,15.22.724.5161,420,1535,CLASSIC,1,888,246,800,-1,61,0,122,800,51,91,17,799,234,13,119,60,58,421,84,145,111,1,True
EUW1_7599991684,15.22.724.5161,420,1662,CLASSIC,0,432,238,246,145,39,1,432,246,91,13,114,154,59,163,523,60,777,120,133,910,497,0,True
EUW1_7600000160,15.22.724.5161,420,1812,CLASSIC,1,432,246,799,39,91,0,91,59,40,-1,166,67,131,3,145,526,83,24,84,110,99,1,True
EUW1_7600006501,15.22.724.5161,420,1229,CLASSIC,0,27,432,98,222,238,1,799,91,432,42,58,266,246,134,51,43,893,64,13,145,518,0,True
EUW1_7600020312,15.22.724.5161,420,2152,CLASSIC,1,246,555,27,799,432,0,-1,517,91,133,246,266,30,61,22,897,150,120,115,145,12,1,True
EUW1_7600043208,15.22.724.5161,420,1169,CLASSIC,0,238,119,35,55,526,1,555,3,804,238,166,98,200,13,498,60,266,107,84,81,43,0,True
EUW1_7600053040,15.22.724.5161,420,1135,CLASSIC,0,28,92,91,432,246,1,517,246,68,13,40,799,238,112,15,518,67,131,39,133,9,0,True
EUW1_7600082050,15.22.724.5161,420,911,CLASSIC,1,238,126,23,84,53,0,83,804,246,517,91,114,200,55,145,412,79,80,13,498,111,1,True
EUW1_7600096355,15.22.724.5161,420,1765,CLASSIC,0,-1,246,91,555,107,1,119,78,133,-1,39,68,24,799,51,201,67,234,268,42,111,0,True
EUW1_7600116313,15.22.724.5161,420,1692,CLASSIC,1,60,84,200,136,245,0,246,238,24,35,119,55,59,134,804,201,893,120,950,42,111,1,True
EUW1_7600118933,15.22.724.5161,420,1541,CLASSIC,1,799,136,432,55,91,0,432,555,234,131,126,114,59,90,202,497,68,76,39,804,161,1,True
EUW1_7600137542,15.22.724.5161,420,1623,CLASSIC,0,59,55,246,91,526,1,27,-1,92,432,104,799,80,800,804,497,58,35,45,901,89,0,True
EUW1_7600163446,15.22.724.5161,420,1740,CLASSIC,1,555,246,107,91,432,0,432,13,91,517,246,126,120,7,222,43,799,59,245,22,497,1,True
EUW1_7600170755,15.22.724.5161,420,1410,CLASSIC,0,799,35,27,107,246,1,245,-1,800,121,887,31,59,101,804,235,14,163,777,22,111,0,True
EUW1_7600189692,15.22.724.5161,420,1257,CLASSIC,1,246,91,27,-1,238,0,7,89,201,126,78,799,254,34,22,12,6,517,157,804,111,1,True
EUW1_7600218759,15.22.724.5161,420,2154,CLASSIC,0,246,55,517,133,27,1,897,-1,246,35,91,58,60,238,15,800,23,64,45,22,518,0,True
EUW1_7600226564,15.22.724.5161,420,1006,CLASSIC,1,245,163,92,107,84,0,84,432,40,121,120,68,56,134,523,111,799,62,61,145,555,1,True
EUW1_7600251737,15.22.724.5161,420,1438,CLASSIC,0,238,107,517,68,27,1,91,13,555,517,157,17,246,245,804,57,84,120,133,42,142,0,True
EUW1_7600254693,15.22.724.5161,420,1427,CLASSIC,1,246,421,58,91,157,0,427,78,107,432,7,150,517,126,236,267,79,131,777,22,89,1,True
EUW1_7600279892,15.22.724.5161,420,2165,CLASSIC,0,40,432,92,555,163,1,163,84,90,-1,107,68,246,39,136,526,897,517,7,119,201,0,True
EUW1_7600283174,15.22.724.5161,420,2297,CLASSIC,0,84,238,91,83,30,1,90,234,555,39,804,79,246,245,51,99,24,104,7,145,37,0,True
EUW1_7600296860,15.22.724.5161,420,1994,CLASSIC,0,163,107,893,27,804,1,91,799,246,897,43,68,59,38,42,90,58,104,45,901,526,0,True
EUW1_7600322929,15.22.724.5161,420,1703,CLASSIC,0,91,107,39,126,104,1,78,555,804,266,246,27,203,84,222,164,41,131,61,157,497,0,True
EUW1_7600384801,15.22.724.5161,420,1842,CLASSIC,0,555,133,45,-1,91,1,35,107,13,40,432,799,60,901,161,80,150,121,39,115,526,0,True
EUW1_7600395501,15.22.724.5161,420,1868,CLASSIC,1,35,517,555,804,131,0,107,91,7,518,58,799,245,42,63,497,92,121,127,145,432,1,True
EUW1_7600414252,15.22.724.5161,420,1326,CLASSIC,0,91,555,39,98,432,1,245,555,78,58,24,799,246,84,804,117,266,121,7,136,76,0,True
EUW1_7600439951,15.22.724.5161,420,1655,CLASSIC,0,121,555,432,83,238,1,246,245,107,59,91,126,163,18,110,201,54,5,7,804,89,0,True
EUW1_7600461465,15.22.724.5161,420,1806,CLASSIC,0,517,-1,799,27,78,1,432,-1,40,91,950,79,238,245,236,497,266,59,84,145,111,0,True
EUW1_7600488552,15.22.724.5161,420,1546,CLASSIC,0,804,134,888,432,24,1,84,555,245,98,35,39,234,90,145,518,893,64,112,895,12,0,True
EUW1_7600507483,15.22.724.5161,420,1101,CLASSIC,0,163,799,-1,517,432,1,91,555,98,246,800,516,238,126,115,101,122,120,38,51,43,0,True
EUW1_7600524654,15.22.724.5161,420,1689,CLASSIC,1,246,91,121,517,61,0,804,246,131,-1,17,24,163,238,145,37,897,76,84,51,89,1,True
EUW1_7600542517,15.22.724.5161,420,1374,CLASSIC,0,40,27,517,76,799,1,555,238,13,91,246,23,950,105,157,897,39,245,55,51,78,0,True
EUW1_7600567572,15.22.724.5161,420,930,CLASSIC,1,800,119,555,238,126,0,119,107,432,246,39,6,36,517,804,117,266,91,61,22,76,1,True
EUW1_7600576323,15.22.724.5161,420,1815,CLASSIC,1,81,92,107,-1,131,0,246,-1,45,90,266,799,517,14,51,432,9,60,238,22,43,1,True
EUW1_7600608088,15.22.724.5161,420,1355,CLASSIC,0,136,804,39,246,233,1,35,53,40,555,13,58,234,84,145,12,799,238,26,55,888,0,True
EUW1_7600641366,15.22.724.5161,420,2187,CLASSIC,0,-1,266,-1,27,134,1,201,163,91,246,-1,41,59,910,145,526,799,517,777,51,516,0,True
EUW1_7600649835,15.22.724.5161,420,2392,CLASSIC,0,39,91,238,246,201,1,201,136,131,39,246,799,120,26,901,53,58,76,18,110,111,0,True
EUW1_7600665854,15.22.724.5161,420,1519,CLASSIC,0,201,36,134,120,246,1,40,27,84,555,24,154,72,238,804,43,39,950,245,145,142,0,True
EUW1_7600697231,15.22.724.5161,420,1714,CLASSIC,1,41,246,91,-1,-1,0,516,36,432,25,799,39,98,84,901,163,106,72,61,145,43,1,True
EUW1_7600701235,15.22.724.5161,420,1975,CLASSIC,0,-1,120,-1,246,59,1,119,238,126,114,40,98,517,245,110,24,799,131,136,145,518,0,True
EUW1_7600732171,15.22.724.5161,420,1433,CLASSIC,1,246,13,91,60,24,0,-1,517,136,163,25,39,234,54,804,12,777,254,84,22,142,1,True
EUW1_7600763591,15.22.724.5161,420,932,CLASSIC,1,60,91,246,133,136,0,91,-1,201,246,54,799,234,1,804,555,67,517,112,202,111,1,True
EUW1_7600792343,15.22.724.5161,420,918,CLASSIC,1,54,13,136,64,134,0,121,517,950,-1,54,85,91,133,145,555,67,246,245,236,497,1,True
EUW1_7600801121,15.22.724.5161,420,1938,CLASSIC,1,51,121,39,91,43,0,78,245,76,13,799,897,203,887,523,117,157,30,246,222,526,1,True
EUW1_7600818560,15.22.724.5161,420,1860,CLASSIC,0,104,2,84,58,555,1,800,134,166,555,67,777,35,105,8,518,13,238,69,145,12,0,True
EUW1_7600853661,15.22.724.5161,420,1748,CLASSIC,1,238,126,555,77,115,0,107,53,777,126,27,84,64,61,96,117,24,76,39,51,161,1,True
EUW1_7600862007,15.22.724.5161,420,2086,CLASSIC,1,104,27,887,432,119,0,163,238,134,91,555,14,234,61,115,526,799,517,245,145,111,1,True
EUW1_7600868789,15.22.724.5161,420,1445,CLASSIC,1,91,238,105,799,246,0,555,38,238,85,51,14,24,517,81,40,92,254,8,145,432,1,True
EUW1_7600876031,15.22.724.5161,420,952,CLASSIC,0,246,555,59,60,114,1,555,-1,246,432,-1,897,72,134,115,53,41,203,38,43,526,0,True
EUW1_7600884842,15.22.724.5161,420,1991,CLASSIC,1,238,58,84,555,799,0,238,555,245,114,27,92,59,777,134,497,897,75,112,804,432,1,True
EUW1_7600885981,15.22.724.5161,420,1963,CLASSIC,1,91,432,107,7,799,0,114,-1,432,246,3,68,238,142,145,497,14,104,950,84,555,1,True
EUW1_7600901388,15.22.724.5161,420,1884,CLASSIC,1,804,234,27,432,114,0,84,799,-1,91,246,31,64,112,202,111,266,238,134,145,518,1,True
EUW1_7600910934,15.22.724.5161,420,1610,CLASSIC,1,51,142,115,432,58,0,39,432,119,131,246,92,64,13,145,497,266,238,134,804,12,1,True
EUW1_7600924177,15.22.724.5161,420,910,CLASSIC,1,246,114,107,7,799,0,51,246,67,91,107,31,24,910,42,12,19,36,134,145,526,1,True
EUW1_7600927904,15.22.724.5161,420,1803,CLASSIC,1,107,432,800,142,14,0,245,114,91,98,893,84,246,105,804,497,516,24,134,22,43,1,True
EUW1_7600931152,15.22.724.5161,420,1602,CLASSIC,1,84,6,27,126,246,0,246,48,24,432,107,799,59,13,115,555,14,2,136,42,111,1,True
EUW1_7600932862,15.22.724.5161,420,2252,CLASSIC,1,238,107,888,58,91,0,799,432,131,35,67,234,246,92,115,78,711,254,61,145,555,1,True
EUW1_7600939997,15.22.724.5161,420,1677,CLASSIC,1,200,114,133,245,119,0,246,67,200,126,91,516,517,893,901,555,164,104,777,143,497,1,True
EUW1_7600947074,15.22.724.5161,420,2214,CLASSIC,0,-1,107,555,91,134,1,432,246,555,84,68,799,106,61,523,3,67,238,910,804,43,0,True
EUW1_7600952173,15.22.724.5161,420,1732,CLASSIC,1,27,2,246,24,107,0,107,115,432,27,19,69,80,134,804,201,68,56,7,145,53,1,True
EUW1_7600956153,15.22.724.5161,420,1895,CLASSIC,1,555,432,98,246,91,0,83,238,-1,145,246,2,950,13,202,526,799,245,800,22,201,1,True
EUW1_7600970380,15.22.724.5161,420,1616,CLASSIC,1,44,77,27,200,201,0,950,246,55,51,238,897,107,61,81,89,126,64,134,147,497,1,True
EUW1_7600972506,15.22.724.5161,420,1482,CLASSIC,1,60,35,78,246,84,0,517,91,107,555,27,98,234,134,804,111,799,238,142,22,432,1,True
EUW1_7600981553,15.22.724.5161,420,1309,CLASSIC,1,107,432,27,246,91,0,246,-1,107,432,201,150,131,234,145,555,14,5,163,42,517,1,True
EUW1_7600983847,15.22.724.5161,420,1802,CLASSIC,0,246,119,107,27,133,1,246,799,517,91,25,14,238,61,804,555,114,30,142,42,497,0,True
EUW1_7600984702,15.22.724.5161,420,1431,CLASSIC,1,246,83,84,67,91,0,246,432,107,91,68,126,104,7,145,3,166,64,136,42,40,1,True
EUW1_7600995068,15.22.724.5161,420,2188,CLASSIC,0,246,145,35,91,804,1,59,91,246,238,84,14,64,7,800,111,245,104,134,51,432,0,True
EUW1_7601002865,15.22.724.5161,420,1626,CLASSIC,1,119,246,555,27,799,0,19,432,555,-1,107,14,59,84,145,526,150,131,3,51,111,1,True
EUW1_7601005086,15.22.724.5161,420,1122,CLASSIC,0,107,238,150,800,432,1,432,238,68,517,246,897,200,893,145,555,67,131,157,21,40,0,True
EUW1_7601011074,15.22.724.5161,420,1731,CLASSIC,0,13,126,432,799,555,1,91,246,267,84,432,114,11,245,18,497,68,30,238,804,12,0,True
EUW1_7601025943,15.22.724.5161,420,1588,CLASSIC,0,51,58,107,804,59,1,107,432,555,799,131,42,517,39,523,9,24,246,61,110,40,0,True
EUW1_7601028740,15.22.724.5161,420,1510,CLASSIC,0,432,-1,98,518,117,1,246,-1,59,107,555,799,131,157,51,12,23,5,84,800,78,0,True
EUW1_7601034513,15.22.724.5161,420,2289,CLASSIC,0,119,804,91,432,246,1,91,104,799,98,39,516,234,84,145,12,164,131,3,18,89,0,True
EUW1_7601042550,15.22.724.5161,420,1721,CLASSIC,1,13,799,238,517,555,0,84,119,246,92,114,58,245,91,18,12,41,120,157,804,111,1,True
EUW1_7601045841,15.22.724.5161,420,1476,CLASSIC,0,246,24,432,517,27,1,238,91,432,799,40,157,234,127,22,201,98,245,39,236,497,0,True
EUW1_7601054654,15.22.724.5161,420,1104,CLASSIC,1,432,246,-1,34,107,0,22,555,107,145,432,799,59,134,800,89,67,238,84,804,142,1,True
EUW1_7601075583,15.22.724.5161,420,1621,CLASSIC,1,246,432,91,134,98,0,8,-1,64,432,799,126,517,90,221,555,114,60,69,18,12,1,True
EUW1_7601085593,15.22.724.5161,420,1526,CLASSIC,1,48,432,246,238,58,0,-1,59,555,246,887,799,234,84,115,40,164,131,777,804,161,1,True
EUW1_7601103044,15.22.724.5161,420,1582,CLASSIC,1,92,799,517,27,91,0,134,432,27,246,98,41,104,84,51,111,893,238,103,804,43,1,True
EUW1_7601112818,15.22.724.5161,420,910,CLASSIC,1,161,90,517,238,136,0,246,432,25,39,68,43,234,245,22,201,799,5,103,145,111,1,True
EUW1_7601124628,15.22.724.5161,420,1759,CLASSIC,0,36,555,238,40,266,1,-1,517,91,67,126,68,59,39,29,412,421,120,893,51,432,0,True
EUW1_7601134969,15.22.724.5161,420,2148,CLASSIC,0,91,799,517,804,25,1,246,15,145,84,68,114,59,7,236,432,67,234,55,81,497,0,True
EUW1_7601145120,15.22.724.5161,420,1286,CLASSIC,0,432,246,58,245,91,1,107,432,799,98,133,887,64,134,145,111,2,234,13,22,147,0,True
EUW1_7601155834,15.22.724.5161,420,1452,CLASSIC,1,131,246,555,92,55,0,59,799,238,60,107,887,950,163,901,161,516,5,8,145,111,1,True
EUW1_7601159559,15.22.724.5161,420,947,CLASSIC,1,-1,104,92,91,799,0,51,950,432,122,91,36,246,134,145,518,897,517,39,42,497,1,True
EUW1_7601179686,15.22.724.5161,420,1141,CLASSIC,1,-1,136,91,98,517,0,799,126,555,238,91,266,120,112,22,60,114,36,61,51,111,1,True
EUW1_7601187975,15.22.724.5161,420,1511,CLASSIC,1,40,59,432,555,58,0,13,517,432,161,27,799,56,7,22,25,83,131,133,15,111,1,True
EUW1_7601221714,15.22.724.5161,420,1495,CLASSIC,0,555,234,246,131,897,1,119,91,238,85,432,799,200,61,26,235,122,36,268,145,526,0,True
EUW1_7601241346,15.22.724.5161,420,1677,CLASSIC,0,234,555,517,432,39,1,119,8,68,91,13,266,35,134,115,40,67,104,55,804,53,0,True
EUW1_7601254250,15.22.724.5161,420,2044,CLASSIC,1,-1,432,61,59,126,0,35,60,43,39,133,74,120,238,22,497,14,131,157,901,555,1,True
EUW1_7601263948,15.22.724.5161,420,1149,CLASSIC,1,27,163,134,238,35,0,91,555,107,13,246,799,517,26,236,432,126,121,133,51,60,1,True
EUW1_7601305717,15.22.724.5161,420,1714,CLASSIC,0,84,234,27,91,432,1,432,201,35,27,91,799,48,134,145,518,14,517,13,51,60,0,True
EUW1_7601314680,15.22.724.5161,420,1352,CLASSIC,0,238,120,432,85,133,1,134,-1,27,432,68,122,60,910,42,555,67,246,90,15,526,0,True
EUW1_7601332693,15.22.724.5161,420,934,CLASSIC,0,91,39,517,107,246,1,432,39,268,107,246,799,234,112,804,526,58,950,61,145,12,0,True
EUW1_7601364089,15.22.724.5161,420,1366,CLASSIC,1,126,90,517,91,238,0,134,-1,163,555,13,27,35,34,51,526,150,120,133,61,267,1,True
EUW1_7601380433,15.22.724.5161,420,1702,CLASSIC,1,432,35,91,18,134,0,7,58,78,432,555,98,238,163,22,526,41,154,157,15,40,1,True
EUW1_7601381723,15.22.724.5161,420,1761,CLASSIC,0,91,133,555,84,126,1,122,555,119,107,432,92,59,112,804,43,58,121,7,22,147,0,True
EUW1_7601384570,15.22.724.5161,420,1001,CLASSIC,1,799,163,61,110,804,0,90,121,555,254,-1,68,59,13,51,518,517,62,134,81,497,1,True
EUW1_7601407888,15.22.724.5161,420,1688,CLASSIC,1,432,-1,134,119,126,0,91,51,246,107,-1,74,104,90,236,147,14,120,39,145,517,1,True
EUW1_7601438092,15.22.724.5161,420,1669,CLASSIC,1,78,133,7,893,245,0,432,55,133,60,245,114,131,64,157,53,106,121,163,910,201,1,True
EUW1_7601471873,15.22.724.5161,420,1614,CLASSIC,1,60,119,91,51,24,0,238,799,53,201,887,777,5,134,804,37,106,14,84,145,412,1,True
EUW1_7601478917,15.22.724.5161,420,1133,CLASSIC,1,91,246,517,39,-1,0,-1,91,246,133,27,266,887,14,804,526,126,950,268,145,555,1,True
EUW1_7601524331,15.22.724.5161,420,1371,CLASSIC,0,104,804,526,799,163,1,555,91,13,901,84,516,59,136,21,37,266,5,90,18,117,0,True
EUW1_7601570061,15.22.724.5161,420,1357,CLASSIC,0,39,131,77,91,61,1,91,555,60,-1,134,799,950,103,42,412,58,234,13,901,432,0,True
EUW1_7601575722,15.22.724.5161,420,1623,CLASSIC,0,107,517,111,432,133,1,51,81,91,799,142,68,59,55,145,43,516,104,3,804,45,0,True
EUW1_7601587028,15.22.724.5161,420,1201,CLASSIC,1,517,901,-1,246,800,0,-1,91,90,245,13,26,121,163,202,526,799,234,39,115,555,1,True
EUW1_7601611044,15.22.724.5161,420,1878,CLASSIC,1,-1,92,432,84,107,0,27,555,91,517,13,79,246,268,523,111,777,104,55,145,201,1,True
EUW1_7601629720,15.22.724.5161,420,1291,CLASSIC,1,107,61,246,84,799,0,91,800,246,555,804,887,104,8,81,40,266,131,157,136,18,1,True
EUW1_7601710035,15.22.724.5161,420,1257,CLASSIC,0,119,13,24,246,29,1,9,517,145,107,35,8,59,38,51,78,777,245,91,893,555,0,True
EUW1_7601783445,15.22.724.5161,420,1382,CLASSIC,1,-1,35,246,201,-1,0,131,136,11,107,163,24,120,238,81,526,8,887,39,21,555,1,True
EUW1_7601812979,15.22.724.5161,420,1938,CLASSIC,1,897,13,432,110,91,0,804,555,245,517,84,887,64,133,51,40,777,121,163,910,111,1,True
EUW1_7601824738,15.22.724.5161,420,1114,CLASSIC,1,246,555,136,799,119,0,555,201,27,246,163,68,238,133,15,53,83,121,893,901,142,1,True
EUW1_7601842234,15.22.724.5161,420,1514,CLASSIC,1,-1,136,804,91,246,0,133,-1,142,91,238,799,517,7,81,518,78,64,893,51,89,1,True
EUW1_7601916002,15.22.724.5161,420,2563,CLASSIC,0,555,246,-1,134,-1,1,800,13,120,-1,238,14,121,4,29,432,421,91,84,119,111,0,True
EUW1_7601930954,15.22.724.5161,420,1489,CLASSIC,0,126,27,119,432,107,1,555,-1,54,166,51,24,91,84,145,12,67,131,238,105,201,0,True
EUW1_7601937017,15.22.724.5161,420,1840,CLASSIC,0,126,91,30,134,432,1,246,25,31,91,166,421,121,61,145,111,238,104,84,42,53,0,True
EUW1_7601943332,15.22.724.5161,420,1224,CLASSIC,0,-1,3,804,517,119,1,25,91,238,119,24,84,120,61,202,164,8,121,134,145,53,0,True
EUW1_7601949119,15.22.724.5161,420,915,CLASSIC,1,950,238,92,-1,91,0,246,39,91,84,27,31,5,517,22,497,68,59,112,51,526,1,True
EUW1_7601969316,15.22.724.5161,420,1740,CLASSIC,0,555,91,119,246,432,1,91,238,13,246,24,126,104,7,22,497,6,59,55,115,526,0,True
EUW1_7601970792,15.22.724.5161,420,1094,CLASSIC,1,246,804,-1,51,8,0,91,107,432,799,145,67,234,517,15,12,897,30,45,221,555,1,True
EUW1_7601984344,15.22.724.5161,420,2103,CLASSIC,0,254,799,134,91,246,1,246,27,432,35,145,14,59,3,42,555,897,120,84,236,518,0,True
EUW1_7601992787,15.22.724.5161,420,1971,CLASSIC,1,804,2,555,103,799,0,119,893,897,131,91,887,427,126,136,22,84,30,83,145,518,1,True
EUW1_7601994925,15.22.724.5161,420,1830,CLASSIC,1,51,-1,40,238,-1,0,799,246,145,105,120,27,59,142,804,43,68,104,163,523,555,1,True
EUW1_7602005249,15.22.724.5161,420,1742,CLASSIC,0,119,234,61,91,555,1,800,246,804,-1,84,64,76,901,81,432,58,421,134,63,111,0,True
EUW1_7602013682,15.22.724.5161,420,2075,CLASSIC,1,432,246,238,91,799,0,134,432,67,246,517,150,120,13,115,111,126,57,19,145,26,1,True
EUW1_7602013808,15.22.724.5161,420,1696,CLASSIC,0,91,246,136,119,27,1,131,61,27,200,-1,84,517,777,901,12,114,104,134,145,526,0,True
EUW1_7602018296,15.22.724.5161,420,1780,CLASSIC,1,27,91,67,133,7,0,59,432,51,119,98,23,131,14,804,3,2,121,910,145,40,1,True
EUW1_7602032307,15.22.724.5161,420,2513,CLASSIC,0,238,246,526,61,120,1,876,134,91,120,92,58,200,163,115,89,79,24,13,901,497,0,True
EUW1_7602037526,15.22.724.5161,420,1616,CLASSIC,0,200,131,799,61,145,1,119,238,246,27,107,15,59,84,897,78,150,5,39,115,497,0,True
EUW1_7602038835,15.22.724.5161,420,1122,CLASSIC,1,246,40,19,59,145,0,432,246,84,91,24,516,120,800,157,60,777,30,134,222,111,1,True
EUW1_7602056260,15.22.724.5161,420,1644,CLASSIC,0,119,51,91,27,13,1,40,555,64,432,98,14,950,8,42,85,83,59,84,145,43,0,True
EUW1_7602066079,15.22.724.5161,420,1562,CLASSIC,1,238,114,555,-1,67,0,245,799,24,432,39,14,200,45,145,44,897,78,517,22,111,1,True
EUW1_7602078250,15.22.724.5161,420,1352,CLASSIC,1,234,40,59,35,126,0,84,107,555,246,432,27,80,134,202,12,114,60,157,110,201,1,True
EUW1_7602092007,15.22.724.5161,420,1599,CLASSIC,1,98,238,246,91,27,0,517,246,245,8,24,799,30,142,804,201,58,59,103,22,111,1,True
EUW1_7602105013,15.22.724.5161,420,2334,CLASSIC,0,122,134,234,238,133,1,555,27,84,246,114,126,104,26,804,432,54,60,777,145,111,0,True
EUW1_7602106392,15.22.724.5161,420,1970,CLASSIC,1,555,888,246,7,107,0,432,131,107,84,119,150,234,134,161,526,68,238,61,202,12,1,True
EUW1_7602115759,15.22.724.5161,420,958,CLASSIC,1,161,25,91,432,32,0,246,-1,234,-1,432,799,131,142,901,412,58,24,61,81,40,1,True
EUW1_7602120919,15.22.724.5161,420,1765,CLASSIC,1,-1,246,91,78,-1,0,107,131,111,142,27,799,517,777,15,117,58,238,910,804,201,1,True
EUW1_7602137138,15.22.724.5161,420,1591,CLASSIC,1,246,107,555,145,91,0,887,432,799,555,25,14,24,893,804,111,122,517,142,523,40,1,True
EUW1_7602144351,15.22.724.5161,420,1657,CLASSIC,0,119,246,134,91,2,1,246,84,-1,78,800,897,234,61,523,555,799,107,157,115,432,0,True
EUW1_7602161837,15.22.724.5161,420,1601,CLASSIC,0,17,61,131,134,114,1,799,91,27,131,246,897,62,90,42,76,106,64,7,236,267,0,True
EUW1_7602190790,15.22.724.5161,420,1292,CLASSIC,0,40,555,131,432,91,1,893,799,-1,-1,78,24,245,39,804,111,67,107,163,110,526,0,True
EUW1_7602200869,15.22.724.5161,420,2584,CLASSIC,0,804,555,98,107,27,1,268,-1,799,-1,517,150,246,7,96,111,114,421,163,236,43,0,True
EUW1_7602213213,15.22.724.5161,420,1421,CLASSIC,1,40,91,17,107,58,0,-1,28,888,67,13,166,59,134,84,555,43,120,246,145,432,1,True
EUW1_7602213800,15.22.724.5161,420,1584,CLASSIC,0,799,55,126,246,432,1,238,24,246,60,432,68,36,711,901,43,157,76,39,804,111,0,True
EUW1_7602220436,15.22.724.5161,420,2325,CLASSIC,1,92,91,61,246,238,0,80,246,78,13,92,24,104,45,42,432,79,107,133,145,111,1,True
EUW1_7602246309,15.22.724.5161,420,2064,CLASSIC,0,90,55,28,432,126,1,91,-1,107,246,432,799,59,517,145,35,68,950,893,804,12,0,True
EUW1_7602247475,15.22.724.5161,420,1580,CLASSIC,1,432,35,901,83,5,0,91,800,246,517,432,14,59,13,22,78,106,64,163,523,497,1,True
EUW1_7602269651,15.22.724.5161,420,1422,CLASSIC,1,27,-1,67,84,161,0,131,39,134,432,27,799,246,112,429,3,58,950,7,236,201,1,True
EUW1_7602282392,15.22.724.5161,420,1548,CLASSIC,1,163,27,238,35,39,0,78,91,246,27,800,897,64,13,895,235,68,107,910,221,526,1,True
EUW1_7602287752,15.22.724.5161,420,1440,CLASSIC,0,107,119,201,39,58,1,91,555,120,122,432,777,246,61,18,111,799,104,134,26,78,0,True
EUW1_7602289747,15.22.724.5161,420,1023,CLASSIC,1,555,119,246,13,32,0,432,555,107,950,799,83,120,84,18,12,893,60,517,222,43,1,True
EUW1_7602296442,15.22.724.5161,420,1646,CLASSIC,0,13,134,43,91,27,1,91,92,555,-1,134,24,59,55,145,497,799,131,157,236,267,0,True
EUW1_7602315353,15.22.724.5161,420,1589,CLASSIC,1,143,432,27,238,901,0,60,133,432,134,58,897,246,90,222,57,92,59,112,145,555,1,True
EUW1_7602319591,15.22.724.5161,420,910,CLASSIC,0,24,61,432,145,246,1,555,119,131,126,134,516,950,1,236,267,799,76,90,81,43,0,True
EUW1_7602340307,15.22.724.5161,420,1852,CLASSIC,1,14,78,-1,67,83,0,107,555,246,238,91,126,64,893,51,432,54,517,80,42,267,1,True
EUW1_7602349992,15.22.724.5161,420,1597,CLASSIC,1,126,13,117,35,432,0,14,51,80,800,84,78,68,55,804,518,799,246,163,18,53,1,True
EUW1_7602358911,15.22.724.5161,420,1641,CLASSIC,0,246,90,238,91,27,1,54,804,799,90,126,83,131,777,222,111,68,56,8,145,555,0,True
EUW1_7602373619,15.22.724.5161,420,1156,CLASSIC,1,246,90,58,91,517,0,246,432,517,238,107,875,131,84,804,37,893,254,910,145,897,1,True
EUW1_7602401465,15.22.724.5161,420,939,CLASSIC,1,14,80,-1,90,555,0,246,-1,432,42,60,887,5,3,67,526,875,517,61,202,78,1,True
EUW1_7602402161,15.22.724.5161,420,1804,CLASSIC,0,81,27,238,133,432,1,-1,555,78,126,897,266,131,39,145,45,114,107,142,163,526,0,True
EUW1_7602426727,15.22.724.5161,420,1635,CLASSIC,0,266,800,238,13,134,1,90,200,238,432,-1,85,121,55,901,53,516,246,8,114,555,0,True
EUW1_7602429978,15.22.724.5161,420,1748,CLASSIC,1,432,60,901,133,67,0,432,235,555,799,39,126,246,90,523,526,266,56,777,115,142,1,True
EUW1_7602463594,15.22.724.5161,420,910,CLASSIC,0,133,40,27,432,-1,1,517,800,27,40,126,68,104,45,145,111,799,246,7,163,53,0,True
EUW1_7602501251,15.22.724.5161,420,1036,CLASSIC,0,145,157,27,78,90,1,114,84,91,800,107,799,246,7,222,12,122,131,134,18,53,0,True
EUW1_7602503477,15.22.724.5161,420,1712,CLASSIC,0,51,107,142,799,555,1,119,517,799,555,268,98,91,136,145,111,67,245,893,498,235,0,True
EUW1_7602506148,15.22.724.5161,420,1682,CLASSIC,0,799,40,555,517,901,1,24,78,238,145,7,516,421,39,90,235,897,200,893,157,12,0,True
EUW1_7602531916,15.22.724.5161,420,1655,CLASSIC,1,-1,145,268,91,39,0,60,246,432,126,134,13,24,14,22,555,92,36,68,18,117,1,True
EUW1_7602542484,15.22.724.5161,420,1622,CLASSIC,1,131,432,555,92,27,0,107,126,163,38,-1,83,246,800,136,76,799,59,893,901,53,1,True
EUW1_7602554186,15.22.724.5161,420,1540,CLASSIC,1,67,78,27,555,799,0,163,142,555,24,91,897,107,84,51,43,39,36,134,136,432,1,True
EUW1_7602599922,15.22.724.5161,420,1180,CLASSIC,0,131,799,40,432,39,1,950,133,76,246,-1,897,5,84,222,43,68,59,126,145,555,0,True
EUW1_7602623451,15.22.724.5161,420,1648,CLASSIC,1,555,78,131,799,27,0,27,91,107,555,517,68,246,3,22,432,42,421,800,136,43,1,True
EUW1_7602681100,15.22.724.5161,420,1709,CLASSIC,0,432,800,266,517,81,1,238,67,51,893,246,50,35,163,22,45,98,56,34,145,43,0,True
EUW1_7602693194,15.22.724.5161,420,1331,CLASSIC,0,39,25,91,432,-1,1,517,145,27,91,804,14,246,42,142,99,122,104,518,81,53,0,True
EUW1_7602716262,15.22.724.5161,420,1909,CLASSIC,1,119,517,43,245,246,0,238,40,246,-1,92,799,121,800,18,85,14,104,84,202,518,1,True
EUW1_7602732224,15.22.724.5161,420,2088,CLASSIC,0,200,246,91,12,92,1,246,517,555,39,119,41,238,112,360,111,8,245,777,145,526,0,True
EUW1_7602740124,15.22.724.5161,420,1830,CLASSIC,1,107,91,246,84,804,0,238,246,91,119,432,799,64,13,236,267,114,950,910,145,497,1,True
EUW1_7602753878,15.22.724.5161,420,1377,CLASSIC,1,246,91,7,53,84,0,39,40,55,246,119,897,64,238,99,888,13,56,517,804,497,1,True
EUW1_7602754896,15.22.724.5161,420,1536,CLASSIC,1,27,7,91,78,800,0,91,25,131,121,901,86,246,163,910,526,126,76,142,90,235,1,True
EUW1_7602786740,15.22.724.5161,420,911,CLASSIC,0,43,245,799,59,40,1,85,51,39,50,27,83,238,84,110,60,266,131,126,69,12,0,True
EUW1_7602804943,15.22.724.5161,420,1287,CLASSIC,1,80,134,91,799,901,0,25,432,266,91,163,39,246,90,145,517,50,64,13,360,142,1,True
EUW1_7602816810,15.22.724.5161,420,1836,CLASSIC,1,950,800,92,555,27,0,90,246,799,7,163,14,131,777,136,111,122,5,112,81,60,1,True
EUW1_7602827027,15.22.724.5161,420,1928,CLASSIC,1,238,67,40,84,517,0,133,136,107,92,432,266,246,61,81,43,126,64,13,22,235,1,True
EUW1_7602885530,15.22.724.5161,420,911,CLASSIC,0,245,83,136,517,76,1,246,27,91,117,142,126,59,13,21,111,14,203,26,804,37,0,True
EUW1_7602907721,15.22.724.5161,420,1516,CLASSIC,0,246,27,555,517,-1,1,37,121,91,555,246,240,56,238,136,78,14,203,163,18,12,0,True
EUW1_7602947697,15.22.724.5161,420,1439,CLASSIC,0,58,91,517,163,55,1,119,91,-1,245,-1,799,64,7,21,497,14,950,142,145,12,0,True
EUW1_7602967894,15.22.724.5161,420,1932,CLASSIC,1,200,13,27,91,245,0,555,246,517,-1,91,68,234,133,498,497,897,131,238,21,12,1,True
EUW1_7602971241,15.22.724.5161,420,1431,CLASSIC,1,39,131,238,246,800,0,246,887,517,-1,91,266,76,55,51,412,126,64,893,145,555,1,True
EUW1_7603001306,15.22.724.5161,420,1588,CLASSIC,1,246,54,555,201,13,0,246,-1,107,84,804,67,76,799,119,267,893,234,39,22,60,1,True
EUW1_7603015436,15.22.724.5161,420,1652,CLASSIC,0,119,64,24,-1,887,1,61,91,119,517,114,98,141,13,145,78,58,121,50,804,80,0,True
EUW1_7603037599,15.22.724.5161,420,1219,CLASSIC,1,887,517,3,246,107,0,114,121,887,91,80,54,59,84,21,89,266,234,61,202,526,1,True
EUW1_7603039564,15.22.724.5161,420,1595,CLASSIC,0,107,800,121,119,91,1,-1,-1,4,246,91,20,17,61,22,555,27,64,55,222,60,0,True
EUW1_7603044618,15.22.724.5161,420,1238,CLASSIC,0,246,121,517,126,91,1,238,84,8,555,804,799,234,112,22,78,164,131,910,145,497,0,True
EUW1_7603048189,15.22.724.5161,420,1732,CLASSIC,0,119,555,238,887,246,1,145,114,142,91,121,106,59,38,804,497,150,5,84,81,101,0,True
EUW1_7603059807,15.22.724.5161,420,967,CLASSIC,0,3,119,799,804,27,1,107,145,134,238,3,77,121,112,55,235,875,5,84,110,60,0,True
EUW1_7603061346,15.22.724.5161,420,1198,CLASSIC,1,84,119,107,804,134,0,134,555,51,246,114,24,245,54,498,53,517,5,91,145,235,1,True
EUW1_7603064946,15.22.724.5161,420,1158,CLASSIC,0,91,555,27,-1,119,1,91,119,105,24,517,799,30,112,51,432,234,246,893,523,412,0,True
EUW1_7603074852,15.22.724.5161,420,931,CLASSIC,1,84,91,119,27,8,0,246,51,30,84,92,24,77,61,523,412,31,254,43,145,526,1,True
EUW1_7603078535,15.22.724.5161,420,2199,CLASSIC,0,92,166,238,119,246,1,134,107,432,91,3,39,121,142,145,555,68,76,157,236,12,0,True
EUW1_7603081881,15.22.724.5161,420,1267,CLASSIC,0,107,112,200,799,24,1,234,84,145,27,897,266,238,61,202,526,68,62,39,804,497,0,True
EUW1_7603082678,15.22.724.5161,420,1236,CLASSIC,1,23,99,246,119,555,0,238,246,555,91,950,14,517,61,523,497,799,77,84,134,111,1,True
EUW1_7603088264,15.22.724.5161,420,1906,CLASSIC,1,246,91,51,55,27,0,246,40,120,91,7,799,234,127,145,111,68,24,112,22,12,1,True
EUW1_7603094142,15.22.724.5161,420,1907,CLASSIC,1,145,107,950,246,58,0,114,84,27,78,91,92,517,800,901,43,14,30,112,221,555,1,True
EUW1_7603105218,15.22.724.5161,420,1505,CLASSIC,0,-1,84,246,55,234,1,517,119,91,67,61,92,78,134,804,497,19,121,7,145,432,0,True
EUW1_7603105636,15.22.724.5161,420,1659,CLASSIC,1,-1,105,-1,246,103,0,799,517,246,238,126,24,59,163,236,43,27,5,13,51,555,1,True
EUW1_7603111567,15.22.724.5161,420,1630,CLASSIC,1,91,804,92,7,432,0,268,91,555,35,27,950,24,887,901,497,8,62,14,81,43,1,True
EUW1_7603120234,15.22.724.5161,420,1477,CLASSIC,0,-1,43,131,119,126,1,92,27,64,432,134,516,76,42,22,44,41,517,61,81,518,0,True
EUW1_7603121105,15.22.724.5161,420,1728,CLASSIC,1,92,246,804,53,-1,0,91,246,114,238,-1,98,121,800,202,432,150,104,134,236,111,1,True
EUW1_7603121369,15.22.724.5161,420,1540,CLASSIC,0,92,432,61,84,234,1,910,61,131,78,62,58,104,134,29,526,893,950,7,18,111,0,True
EUW1_7603129333,15.22.724.5161,420,1168,CLASSIC,1,60,136,27,246,432,0,-1,238,887,91,92,897,517,142,236,111,799,254,115,145,497,1,True
EUW1_7603131400,15.22.724.5161,420,1828,CLASSIC,1,91,119,432,35,67,0,84,163,67,555,517,897,143,42,145,518,68,421,245,804,3,1,True
EUW1_7603136401,15.22.724.5161,420,1705,CLASSIC,1,126,950,-1,555,27,0,43,203,246,233,799,92,131,777,910,526,14,107,84,804,44,1,True
EUW1_7603145980,15.22.724.5161,420,1215,CLASSIC,1,145,92,238,60,91,0,246,121,517,91,234,41,64,84,115,89,799,76,800,22,497,1,True
EUW1_7603147394,15.22.724.5161,420,1755,CLASSIC,0,61,799,76,238,432,1,246,7,91,950,27,114,517,134,901,526,126,64,142,110,111,0,True
EUW1_7603158139,15.22.724.5161,420,1807,CLASSIC,0,107,555,84,58,27,1,91,246,804,84,145,92,203,13,81,412,104,238,61,202,432,0,True
EUW1_7603161915,15.22.724.5161,420,1601,CLASSIC,0,238,119,78,35,246,1,40,60,7,119,27,799,141,84,145,117,98,517,42,804,43,0,True
EUW1_7603179935,15.22.724.5161,420,1642,CLASSIC,0,91,799,134,432,246,1,27,114,142,555,432,14,238,4,236,60,887,121,800,235,111,0,True
EUW1_7603180218,15.22.724.5161,420,1585,CLASSIC,0,126,42,432,233,-1,1,27,98,67,133,246,68,238,13,22,526,516,120,142,804,3,0,True
EUW1_7603189089,15.22.724.5161,420,2298,CLASSIC,1,432,246,58,119,105,0,432,91,58,61,238,92,107,893,804,78,24,200,163,145,526,1,True
EUW1_7603192820,15.22.724.5161,420,952,CLASSIC,1,107,-1,68,7,246,0,136,119,91,246,799,80,104,142,804,432,8,238,134,145,78,1,True
EUW1_7603193528,15.22.724.5161,420,1107,CLASSIC,1,83,61,91,119,141,0,163,91,35,145,238,8,246,517,804,111,98,30,112,429,526,1,True
EUW1_7603200950,15.22.724.5161,420,1647,CLASSIC,0,203,7,555,799,51,1,555,161,134,27,92,114,107,112,145,99,14,246,13,81,147,0,True
EUW1_7603204966,15.22.724.5161,420,1601,CLASSIC,1,36,7,246,238,98,0,114,246,107,91,27,799,78,800,804,12,83,950,518,145,89,1,True
EUW1_7603208070,15.22.724.5161,420,2200,CLASSIC,0,134,555,800,58,42,1,59,799,517,42,432,897,121,245,236,235,240,76,246,901,78,0,True
EUW1_7603210813,15.22.724.5161,420,1610,CLASSIC,0,804,107,134,246,14,1,91,246,800,234,27,98,104,61,910,432,799,421,897,145,111,0,True
EUW1_7603213931,15.22.724.5161,420,1195,CLASSIC,1,246,950,432,-1,35,0,119,107,111,30,238,799,517,800,202,12,58,163,893,804,526,1,True
EUW1_7603219952,15.22.724.5161,420,2067,CLASSIC,1,246,122,117,59,91,0,91,432,246,107,114,126,5,112,51,555,14,64,42,115,60,1,True
EUW1_7603227462,15.22.724.5161,420,1562,CLASSIC,0,119,24,91,246,54,1,103,-1,17,-1,27,23,238,134,800,893,240,59,910,21,555,0,True
EUW1_7603233219,15.22.724.5161,420,2027,CLASSIC,0,104,432,246,133,555,1,78,114,119,-1,-1,83,238,800,145,518,516,234,61,51,107,0,True
EUW1_7603237379,15.22.724.5161,420,1990,CLASSIC,0,246,238,55,92,432,1,246,107,245,91,136,41,517,893,221,43,18,59,134,22,555,0,True
EUW1_7603237601,15.22.724.5161,420,1225,CLASSIC,0,36,67,799,246,35,1,91,27,107,432,-1,114,33,134,236,3,24,62,84,804,37,0,True
EUW1_7603256495,15.22.724.5161,420,1943,CLASSIC,0,-1,517,799,58,-1,1,25,107,246,432,67,8,121,84,51,78,234,59,142,115,111,0,True
EUW1_7603263865,15.22.724.5161,420,933,CLASSIC,1,161,107,-1,84,432,0,432,91,555,107,92,897,246,517,115,12,887,131,238,42,497,1,True
EUW1_7603269936,15.22.724.5161,420,1620,CLASSIC,1,555,145,78,432,13,0,39,67,84,117,131,246,64,518,804,12,266,107,517,236,3,1,True
EUW1_7603272989,15.22.724.5161,420,1097,CLASSIC,0,27,245,555,432,39,1,114,40,427,246,238,14,234,800,895,235,86,62,134,145,518,0,True
EUW1_7603283836,15.22.724.5161,420,2158,CLASSIC,1,421,107,51,800,799,0,58,-1,203,91,246,893,238,517,145,412,24,121,13,115,53,1,True
EUW1_7603294170,15.22.724.5161,420,1722,CLASSIC,0,246,518,799,13,78,1,136,8,84,246,40,875,17,55,51,43,897,517,134,81,111,0,True
EUW1_7603301630,15.22.724.5161,420,1403,CLASSIC,0,91,804,145,799,90,1,104,555,233,68,-1,122,59,61,42,888,67,64,3,21,526,0,True
EUW1_7603303412,15.22.724.5161,420,1666,CLASSIC,0,234,432,107,246,91,1,27,119,35,126,555,897,6,136,145,518,58,5,4,202,161,0,True
EUW1_7603307654,15.22.724.5161,420,1453,CLASSIC,1,43,246,245,114,25,0,134,35,-1,40,92,86,64,142,236,85,799,80,84,81,526,1,True
EUW1_7603325773,15.22.724.5161,420,1539,CLASSIC,1,517,78,246,7,92,0,-1,800,60,24,555,41,141,61,15,526,105,234,103,22,12,1,True
EUW1_7603325868,15.22.724.5161,420,1824,CLASSIC,1,84,432,246,799,78,0,266,238,-1,107,67,164,62,134,15,40,34,59,3,145,201,1,True
EUW1_7603335971,15.22.724.5161,420,1734,CLASSIC,0,-1,131,432,64,246,1,134,35,-1,136,68,893,59,234,804,117,90,121,67,236,497,0,True
EUW1_7603347189,15.22.724.5161,420,1268,CLASSIC,0,-1,799,27,107,804,1,13,27,246,432,98,43,203,800,81,53,14,517,55,22,16,0,True
EUW1_7603359807,15.22.724.5161,420,1370,CLASSIC,1,91,136,887,107,246,0,246,117,555,61,83,897,131,126,145,44,799,64,90,18,78,1,True
EUW1_7603363015,15.22.724.5161,420,1524,CLASSIC,1,92,91,119,432,112,0,555,238,24,800,141,41,59,90,202,89,39,246,61,145,111,1,True
EUW1_7603365280,15.22.724.5161,420,1549,CLASSIC,0,107,-1,246,91,799,1,432,799,107,246,91,39,64,142,202,40,13,234,112,42,555,0,True
EUW1_7603383609,15.22.724.5161,420,1744,CLASSIC,1,91,7,-1,246,555,0,145,40,91,238,83,43,5,61,221,526,26,64,103,202,12,1,True
EUW1_7603384791,15.22.724.5161,420,2149,CLASSIC,1,54,55,131,58,40,0,126,67,3,107,64,799,76,39,800,526,897,60,910,901,432,1,True
EUW1_7603402647,15.22.724.5161,420,2079,CLASSIC,0,555,126,107,-1,91,1,555,432,84,27,800,14,246,1,901,526,64,517,134,15,201,0,True
EUW1_7603417883,15.22.724.5161,420,1672,CLASSIC,0,119,145,114,238,799,1,107,-1,555,517,134,3,246,897,804,117,245,950,266,67,235,0,True
EUW1_7603427924,15.22.724.5161,420,1591,CLASSIC,0,107,-1,201,-1,13,1,-1,27,246,432,58,799,64,84,119,43,39,517,126,145,518,0,True
EUW1_7603432728,15.22.724.5161,420,1605,CLASSIC,0,68,432,27,61,246,1,134,126,157,40,131,136,60,24,166,57,74,950,39,81,114,0,True
EUW1_7603441840,15.22.724.5161,420,910,CLASSIC,1,432,13,245,107,98,0,246,35,432,25,40,58,80,55,236,78,799,234,7,145,518,1,True
EUW1_7603451808,15.22.724.5161,420,2428,CLASSIC,1,555,117,91,39,8,0,40,67,39,131,799,68,238,13,51,43,85,76,950,901,432,1,True
EUW1_7603467132,15.22.724.5161,420,1051,CLASSIC,1,246,136,60,432,27,0,58,246,91,107,233,126,131,4,236,111,39,80,268,145,12,1,True
EUW1_7603475972,15.22.724.5161,420,1766,CLASSIC,1,119,58,432,246,-1,0,246,134,126,555,40,67,59,517,804,43,68,5,84,81,161,1,True
EUW1_7603491314,15.22.724.5161,420,1175,CLASSIC,0,246,13,107,804,91,1,246,-1,92,804,74,887,104,55,22,526,14,517,134,145,78,0,True
EUW1_7603513430,15.22.724.5161,420,1502,CLASSIC,1,27,-1,39,107,246,0,432,233,246,804,126,14,234,8,22,526,68,517,777,202,12,1,True
EUW1_7603528387,15.22.724.5161,420,1702,CLASSIC,0,804,517,39,58,43,1,13,92,432,-1,134,799,254,7,145,201,83,131,133,910,12,0,True
EUW1_7603539287,15.22.724.5161,420,1608,CLASSIC,1,246,432,133,800,126,0,246,84,119,555,24,799,107,7,804,412,39,120,238,15,518,1,True
EUW1_7603541176,15.22.724.5161,420,1395,CLASSIC,0,68,246,13,238,91,1,58,432,246,53,91,6,131,55,202,497,266,141,157,115,37,0,True
EUW1_7603568186,15.22.724.5161,420,1450,CLASSIC,1,-1,246,517,131,-1,0,-1,24,432,39,8,266,72,134,145,555,887,203,238,895,57,1,True
EUW1_7603568727,15.22.724.5161,420,911,CLASSIC,1,161,27,55,35,-1,0,555,161,-1,74,20,799,59,800,145,60,58,76,34,804,432,1,True
EUW1_7603586727,15.22.724.5161,420,1751,CLASSIC,1,233,246,107,78,134,0,58,245,107,246,13,14,120,84,81,497,92,59,55,163,432,1,True
EUW1_7603613789,15.22.724.5161,420,1544,CLASSIC,0,84,91,114,555,432,1,91,27,238,68,555,897,517,13,222,497,799,246,800,804,526,0,True
EUW1_7603642843,15.22.724.5161,420,1469,CLASSIC,0,126,40,246,7,910,1,91,804,58,246,134,92,59,517,157,12,31,238,78,145,497,0,True
EUW1_7603644114,15.22.724.5161,420,2030,CLASSIC,0,43,27,432,91,246,1,107,800,84,246,90,897,121,3,804,85,266,56,55,81,60,0,True
EUW1_7603667613,15.22.724.5161,420,2173,CLASSIC,1,804,91,81,555,246,0,246,51,54,555,800,421,59,134,145,45,133,517,238,15,117,1,True
EUW1_7603704129,15.22.724.5161,420,2377,CLASSIC,0,42,555,7,50,799,1,555,13,-1,91,27,57,59,157,147,526,887,121,246,161,432,0,True
EUW1_7603720595,15.22.724.5161,420,2768,CLASSIC,0,92,-1,432,83,40,1,67,59,39,84,799,8,238,134,22,526,421,76,142,202,78,0,True
EUW1_7603787596,15.22.724.5161,420,1176,CLASSIC,1,432,53,555,799,50,0,145,111,84,13,7,2,56,893,136,89,157,64,3,800,78,1,True
EUW1_7603814137,15.22.724.5161,420,1677,CLASSIC,1,51,78,432,67,91,0,126,238,131,41,526,421,950,127,145,518,27,76,42,21,555,1,True
EUW1_7603824214,15.22.724.5161,420,1894,CLASSIC,1,27,145,59,157,40,0,800,64,555,432,-1,39,246,45,147,526,84,56,61,901,111,1,True
EUW1_7603853819,15.22.724.5161,420,1646,CLASSIC,0,895,246,22,78,58,1,555,800,246,107,92,114,98,134,157,40,799,62,163,15,127,0,True
EUW1_7603859311,15.22.724.5161,420,1921,CLASSIC,0,27,40,59,555,107,1,91,-1,555,24,246,266,427,268,22,526,777,517,893,222,111,0,True
EUW1_7603896255,15.22.724.5161,420,2135,CLASSIC,0,51,245,804,432,91,1,59,-1,45,122,233,69,246,777,145,555,266,131,126,498,12,0,True
EUW1_7603904266,15.22.724.5161,420,1117,CLASSIC,1,133,91,901,799,114,0,804,58,7,107,432,516,246,90,145,40,126,517,103,42,111,1,True
EUW1_7603910376,15.22.724.5161,420,1496,CLASSIC,1,84,126,91,114,432,0,246,163,555,122,800,50,59,92,245,89,58,120,7,51,3,1,True
EUW1_7603931922,15.22.724.5161,420,1762,CLASSIC,1,555,27,800,92,107,0,119,126,432,91,246,51,427,799,245,526,74,200,39,145,78,1,True
EUW1_7603956102,15.22.724.5161,420,1560,CLASSIC,1,90,246,92,107,36,0,246,91,3,555,83,238,234,7,804,518,84,20,26,901,223,1,True
EUW1_7603976850,15.22.724.5161,420,1630,CLASSIC,0,517,51,142,432,246,1,555,246,800,58,517,14,238,136,145,16,92,107,163,30,80,0,True
EUW1_7604003393,15.22.724.5161,420,1729,CLASSIC,0,901,246,91,40,-1,1,246,64,804,39,517,68,238,90,145,12,136,121,61,22,89,0,True
EUW1_7604036608,15.22.724.5161,420,1619,CLASSIC,0,-1,91,555,126,800,1,8,58,51,163,517,238,64,7,18,16,799,143,245,145,54,0,True
EUW1_7604052603,15.22.724.5161,420,1770,CLASSIC,0,246,91,39,61,555,1,58,119,91,555,59,266,517,134,22,40,92,36,1,523,16,0,True
EUW1_7604092520,15.22.724.5161,420,1711,CLASSIC,1,238,246,800,126,517,0,238,51,114,107,60,92,64,163,22,518,2,62,103,145,235,1,True
EUW1_7604101906,15.22.724.5161,420,2553,CLASSIC,0,238,91,799,432,92,1,13,27,68,107,91,50,950,134,145,12,98,246,133,115,78,0,True
EUW1_7604116585,15.22.724.5161,420,1738,CLASSIC,1,-1,804,246,799,555,0,555,91,246,517,126,114,141,84,136,78,54,421,7,161,164,1,True
EUW1_7604142302,15.22.724.5161,420,1600,CLASSIC,0,114,61,-1,51,804,1,114,59,91,-1,119,240,517,7,145,78,799,120,134,21,89,0,True
EUW1_7604149865,15.22.724.5161,420,1834,CLASSIC,1,200,39,13,238,245,0,246,120,555,107,54,266,35,133,51,432,114,59,8,136,267,1,True
EUW1_7604172645,15.22.724.5161,420,928,CLASSIC,1,59,555,27,799,166,0,145,804,120,246,15,114,131,14,18,99,777,77,517,29,60,1,True
EUW1_7604226997,15.22.724.5161,420,1585,CLASSIC,0,246,91,117,61,114,1,91,42,84,120,54,799,64,50,21,37,67,238,893,119,432,0,True
EUW1_7604227381,15.22.724.5161,420,1985,CLASSIC,1,67,164,200,3,117,0,114,107,-1,7,800,86,238,893,119,37,36,246,10,202,43,1,True
EUW1_7604245141,15.22.724.5161,420,2006,CLASSIC,0,27,114,37,238,-1,1,51,432,238,246,67,36,131,799,145,40,91,30,800,804,555,0,True
EUW1_7604257003,15.22.724.5161,420,1524,CLASSIC,0,91,54,107,7,114,1,25,238,7,799,134,36,59,10,29,497,11,517,950,81,37,0,True
EUW1_7604261919,15.22.724.5161,420,1737,CLASSIC,1,91,555,238,800,114,0,53,8,91,3,-1,27,30,39,222,40,777,246,84,145,235,1,True
EUW1_7604265011,15.22.724.5161,420,1578,CLASSIC,1,555,119,134,200,55,0,119,61,902,246,126,236,131,893,202,526,799,60,777,145,80,1,True
EUW1_7604269415,15.22.724.5161,420,1880,CLASSIC,0,55,246,799,24,134,1,119,246,78,76,7,6,121,61,222,412,516,517,268,81,43,0,True
EUW1_7604277999,15.22.724.5161,420,2270,CLASSIC,0,876,-1,420,-1,246,1,266,40,91,902,35,799,62,142,145,37,8,78,234,901,526,0,True
EUW1_7604283116,15.22.724.5161,420,1525,CLASSIC,0,517,27,107,30,122,1,131,67,950,233,246,64,238,84,804,37,516,59,13,145,40,0,True
EUW1_7604289950,15.22.724.5161,420,2115,CLASSIC,0,76,39,67,238,84,1,68,800,59,163,58,266,62,893,221,117,114,77,777,147,235,0,True
EUW1_7604300998,15.22.724.5161,420,2000,CLASSIC,1,107,233,131,246,92,0,517,27,35,555,3,14,238,13,67,117,799,80,84,145,40,1,True
EUW1_7604302966,15.22.724.5161,420,1608,CLASSIC,1,119,7,27,555,91,0,246,107,7,84,12,799,238,55,22,63,82,234,166,145,518,1,True
EUW1_7604309107,15.22.724.5161,420,1883,CLASSIC,0,78,61,51,107,114,1,432,92,246,91,134,24,59,8,804,117,41,23,4,145,555,0,True
EUW1_7604319517,15.22.724.5161,420,1760,CLASSIC,1,39,432,67,131,29,0,20,804,238,7,54,266,950,142,236,37,777,78,157,63,267,1,True
EUW1_7604326187,15.22.724.5161,420,1661,CLASSIC,1,40,517,27,246,91,0,35,91,555,233,131,126,24,800,145,111,58,5,61,67,117,1,True
EUW1_7604328464,15.22.724.5161,420,1190,CLASSIC,1,103,91,799,84,555,0,84,246,119,-1,800,516,121,61,134,78,266,59,910,804,432,1,True
EUW1_7604333894,15.22.724.5161,420,2142,CLASSIC,0,19,238,61,119,523,1,517,246,107,800,238,150,5,893,115,432,54,59,134,221,350,0,True
EUW1_7604341158,15.22.724.5161,420,1579,CLASSIC,1,78,84,432,76,800,0,517,238,51,134,91,897,246,3,157,526,910,107,58,145,89,1,True
EUW1_7604347699,15.22.724.5161,420,1112,CLASSIC,1,804,799,246,23,67,0,145,23,246,238,54,98,517,61,42,432,126,72,29,81,89,1,True
EUW1_7604352492,15.22.724.5161,420,1458,CLASSIC,1,84,432,119,39,67,0,36,103,895,91,27,266,60,23,51,518,240,78,61,145,526,1,True
EUW1_7604363195,15.22.724.5161,420,1897,CLASSIC,1,107,246,92,98,14,0,800,555,246,24,54,58,35,134,202,432,67,517,3,804,40,1,True
EUW1_7604364459,15.22.724.5161,420,2824,CLASSIC,1,555,246,39,50,7,0,91,27,98,133,555,897,104,134,15,40,41,234,13,145,60,1,True
EUW1_7604374581,15.22.724.5161,420,2354,CLASSIC,0,555,246,61,67,163,1,246,432,238,27,134,799,60,777,115,3,58,121,127,145,526,0,True
EUW1_7604382528,15.22.724.5161,420,1722,CLASSIC,0,233,238,897,432,24,1,107,91,555,23,92,58,517,777,145,526,126,246,134,51,89,0,True
EUW1_7604386111,15.22.724.5161,420,1469,CLASSIC,0,246,131,166,126,7,1,84,246,27,107,67,516,950,157,800,432,150,62,61,145,555,0,True
EUW1_7604396933,15.22.724.5161,420,1332,CLASSIC,0,804,91,-1,28,107,1,432,84,246,54,517,34,59,157,22,12,67,76,777,202,89,0,True
EUW1_7604406313,15.22.724.5161,420,2145,CLASSIC,0,432,238,246,800,58,1,58,142,432,35,91,799,62,163,22,68,126,80,61,202,43,0,True
EUW1_7604418222,15.22.724.5161,420,1702,CLASSIC,1,78,238,240,800,7,0,91,23,134,3,246,79,5,61,157,53,84,76,14,804,432,1,True
EUW1_7604420539,15.22.724.5161,420,1857,CLASSIC,1,91,246,27,8,111,0,888,166,126,246,432,24,23,55,804,40,106,234,711,99,53,1,True
EUW1_7604429647,15.22.724.5161,420,910,CLASSIC,1,35,27,517,51,13,0,432,37,804,246,54,799,518,133,18,12,67,91,134,202,526,1,True
EUW1_7604436654,15.22.724.5161,420,2318,CLASSIC,0,432,91,111,27,58,1,246,-1,799,84,91,897,62,163,81,43,266,5,25,800,555,0,True
EUW1_7604447906,15.22.724.5161,420,1918,CLASSIC,0,133,200,84,114,432,1,51,103,555,246,54,516,950,13,236,201,67,5,3,145,526,0,True
EUW1_7604459758,15.22.724.5161,420,1237,CLASSIC,1,888,91,268,67,126,0,119,60,117,68,13,27,234,79,51,432,221,517,55,42,40,1,True
EUW1_7604481969,15.22.724.5161,420,2559,CLASSIC,1,238,84,234,246,68,0,7,800,8,78,107,80,200,134,202,518,14,24,161,51,432,1,True
EUW1_7604487004,15.22.724.5161,420,1629,CLASSIC,0,126,246,35,950,98,1,246,91,122,55,432,27,203,18,145,518,10,107,14,895,40,0,True
EUW1_7604507973,15.22.724.5161,420,1212,CLASSIC,0,119,36,104,-1,92,1,432,246,133,799,800,83,64,517,804,526,43,107,134,42,40,0,True
EUW1_7604511149,15.22.724.5161,420,1645,CLASSIC,1,145,41,91,134,23,0,35,61,145,136,98,31,421,84,22,43,114,427,8,236,201,1,True
EUW1_7604518408,15.22.724.5161,420,1677,CLASSIC,1,799,67,142,98,131,0,555,110,517,246,234,897,76,39,202,432,14,35,134,51,161,1,True
EUW1_7604523291,15.22.724.5161,420,1475,CLASSIC,0,246,27,555,91,432,1,27,67,13,517,555,221,121,518,136,497,266,950,84,901,40,0,True
EUW1_7604527210,15.22.724.5161,420,1519,CLASSIC,0,246,238,555,117,799,1,2,24,91,246,107,897,77,43,804,40,777,517,950,202,526,0,True
EUW1_7604548680,15.22.724.5161,420,1610,CLASSIC,1,91,107,2,36,246,0,80,895,35,-1,432,897,60,777,145,526,799,517,84,804,111,1,True
EUW1_7604558337,15.22.724.5161,420,1689,CLASSIC,0,432,555,134,27,78,1,517,238,246,901,84,164,950,7,22,147,799,35,112,236,111,0,True
EUW1_7604559036,15.22.724.5161,420,1643,CLASSIC,0,246,114,107,61,23,1,432,91,84,145,555,126,78,8,804,111,83,254,893,22,201,0,True
EUW1_7604560462,15.22.724.5161,420,934,CLASSIC,0,98,432,-1,246,238,1,77,799,238,27,555,126,5,134,145,526,893,24,3,901,78,0,True
EUW1_7604563195,15.22.724.5161,420,1492,CLASSIC,0,131,799,84,800,555,1,517,43,68,27,40,777,76,13,202,161,67,246,134,21,85,0,True
EUW1_7604581452,15.22.724.5161,420,2091,CLASSIC,1,91,893,164,526,517,0,2,800,78,246,98,86,245,3,119,201,799,950,61,145,518,1,True
EUW1_7604610322,15.22.724.5161,420,1761,CLASSIC,1,799,134,432,67,91,0,804,13,800,104,432,98,76,126,145,526,10,131,133,236,44,1,True
EUW1_7604624644,15.22.724.5161,420,1444,CLASSIC,1,432,84,246,555,122,0,432,30,27,238,35,799,60,134,110,53,58,517,518,51,412,1,True
EUW1_7604635228,15.22.724.5161,420,2085,CLASSIC,0,-1,246,-1,234,107,1,107,126,78,246,238,421,80,800,202,40,27,59,163,804,526,0,True
EUW1_7604639291,15.22.724.5161,420,1708,CLASSIC,1,246,799,517,800,555,0,555,107,61,114,804,238,35,147,498,526,36,234,55,8,111,1,True
EUW1_7604655671,15.22.724.5161,420,1708,CLASSIC,0,27,246,432,238,91,1,555,111,246,58,84,799,5,25,145,53,39,64,134,51,40,0,True
EUW1_7604665874,15.22.724.5161,420,2056,CLASSIC,1,799,91,111,432,107,0,119,246,238,91,68,150,76,893,51,518,145,78,777,804,43,1,True
EUW1_7604691690,15.22.724.5161,420,1657,CLASSIC,1,238,555,432,91,98,0,799,518,804,35,78,266,246,8,42,267,39,950,84,145,44,1,True
EUW1_7604697478,15.22.724.5161,420,2218,CLASSIC,0,246,526,27,91,-1,1,246,950,67,114,13,98,59,90,22,40,14,143,55,202,432,0,True
EUW1_7604702844,15.22.724.5161,420,2429,CLASSIC,0,517,234,-1,432,58,1,27,804,107,800,91,92,35,134,145,555,133,36,147,81,89,0,True
EUW1_7604713729,15.22.724.5161,420,1551,CLASSIC,1,804,238,246,107,555,0,555,432,122,35,111,897,48,910,236,267,68,5,163,901,40,1,True
EUW1_7604740916,15.22.724.5161,420,1895,CLASSIC,0,27,246,20,51,107,1,55,555,13,68,246,39,238,163,15,43,164,950,134,133,432,0,True
EUW1_7604743644,15.22.724.5161,420,1707,CLASSIC,1,804,119,887,78,432,0,238,51,107,555,54,79,64,157,236,267,133,246,112,202,161,1,True
EUW1_7604751072,15.22.724.5161,420,1829,CLASSIC,0,110,67,14,799,13,1,107,246,55,432,91,875,76,517,51,43,126,59,134,800,111,0,True
EUW1_7604755339,15.22.724.5161,420,934,CLASSIC,1,13,238,804,555,107,0,555,67,126,69,35,58,104,55,22,40,92,517,799,145,432,1,True
EUW1_7604783784,15.22.724.5161,420,1799,CLASSIC,1,555,68,432,107,246,0,555,145,98,246,34,80,20,103,22,43,39,25,238,804,117,1,True
EUW1_7604789151,15.22.724.5161,420,1843,CLASSIC,1,517,555,114,804,432,0,-1,35,91,126,246,14,245,42,55,161,92,234,84,800,518,1,True
EUW1_7604791480,15.22.724.5161,420,1411,CLASSIC,1,-1,804,68,134,432,0,119,59,134,-1,30,114,64,4,22,497,777,107,69,42,526,1,True
EUW1_7604801063,15.22.724.5161,420,2071,CLASSIC,0,91,35,238,40,246,1,37,893,84,136,24,58,20,42,910,78,36,234,245,901,526,0,True
EUW1_7604804075,15.22.724.5161,420,1629,CLASSIC,0,35,246,126,145,238,1,555,27,240,238,91,74,76,777,804,350,13,59,518,51,40,0,True
EUW1_7604809063,15.22.724.5161,420,1410,CLASSIC,0,888,91,555,-1,39,1,804,432,91,555,68,266,234,84,22,40,67,64,161,145,16,0,True
EUW1_7604829127,15.22.724.5161,420,2201,CLASSIC,0,126,-1,134,246,804,1,98,800,238,555,233,421,6,13,22,518,266,25,777,245,526,0,True
EUW1_7604852311,15.22.724.5161,420,958,CLASSIC,1,-1,432,555,246,91,0,34,432,107,27,30,68,64,142,145,497,67,517,518,81,80,1,True
EUW1_7604862985,15.22.724.5161,420,1675,CLASSIC,0,24,555,91,107,517,1,39,78,555,804,55,777,35,126,22,60,13,246,432,202,40,0,True
EUW1_7604877452,15.22.724.5161,420,1774,CLASSIC,1,78,92,799,13,555,0,238,246,901,107,143,41,24,133,136,40,266,104,90,22,53,1,True
EUW1_7604898677,15.22.724.5161,420,1141,CLASSIC,0,91,83,134,-1,145,1,-1,142,91,800,246,421,234,45,81,111,68,120,910,202,526,0,True
EUW1_7604905892,15.22.724.5161,420,1936,CLASSIC,0,555,13,40,104,800,1,131,804,432,246,-1,14,30,91,136,412,36,238,134,115,526,0,True
EUW1_7604916925,15.22.724.5161,420,1890,CLASSIC,1,201,950,526,24,432,0,201,246,131,245,517,157,238,7,119,40,79,59,43,81,555,1,True
EUW1_7604921414,15.22.724.5161,420,1629,CLASSIC,1,91,58,555,7,246,0,114,126,238,432,7,41,950,103,804,40,27,5,517,429,111,1,True
EUW1_7604929112,15.22.724.5161,420,1858,CLASSIC,0,-1,91,142,246,107,1,246,67,804,901,27,68,120,157,202,99,799,238,90,18,432,0,True
EUW1_7604946971,15.22.724.5161,420,1821,CLASSIC,0,36,24,238,246,83,1,246,119,555,134,84,8,234,4,236,78,68,517,90,804,267,0,True
EUW1_7604968720,15.22.724.5161,420,1642,CLASSIC,0,84,246,92,432,555,1,-1,555,804,13,107,41,234,61,115,147,799,950,245,136,164,0,True
EUW1_7604981283,15.22.724.5161,420,1828,CLASSIC,1,27,13,-1,901,266,0,246,119,-1,68,27,14,234,777,90,111,887,120,69,236,201,1,True
EUW1_7604984179,15.22.724.5161,420,1895,CLASSIC,1,110,91,517,78,58,0,-1,13,246,432,35,126,245,112,145,526,799,64,38,81,60,1,True
EUW1_7604996445,15.22.724.5161,420,1495,CLASSIC,1,119,-1,432,7,107,0,39,804,134,64,91,799,120,61,236,267,42,950,26,115,89,1,True
EUW1_7604999900,15.22.724.5161,420,1691,CLASSIC,1,432,104,8,800,54,0,246,432,-1,84,163,31,30,166,15,526,110,238,245,145,555,1,True
EUW1_7605020466,15.22.724.5161,420,1619,CLASSIC,1,78,84,27,245,107,0,92,246,555,107,-1,3,131,777,157,235,893,5,799,136,40,1,True
EUW1_7605034036,15.22.724.5161,420,1974,CLASSIC,0,246,238,145,432,24,1,39,107,800,201,68,157,427,161,81,518,799,517,136,119,555,0,True
EUW1_7605040094,15.22.724.5161,420,1806,CLASSIC,1,526,90,91,555,246,0,39,901,91,555,804,58,64,1,51,432,799,120,26,202,16,1,True
EUW1_7605056920,15.22.724.5161,420,1906,CLASSIC,0,432,897,107,58,800,1,246,238,53,432,76,266,427,99,22,111,126,234,163,236,44,0,True
EUW1_7605100268,15.22.724.5161,420,1671,CLASSIC,0,53,126,555,107,876,1,246,90,91,157,68,27,234,134,804,16,10,245,166,22,89,0,True
EUW1_7605119491,15.22.724.5161,420,1510,CLASSIC,1,18,133,107,432,98,0,432,804,126,107,799,897,246,99,800,43,114,62,112,51,267,1,True
EUW1_7605126159,15.22.724.5161,420,1930,CLASSIC,1,163,36,64,246,238,0,800,555,238,246,92,799,59,134,236,267,83,5,910,136,80,1,True
EUW1_7605202741,15.22.724.5161,420,1537,CLASSIC,0,7,517,432,163,13,1,246,555,800,517,126,68,59,777,145,78,92,245,901,236,80,0,True
EUW1_7605217945,15.22.724.5161,420,938,CLASSIC,1,59,39,166,432,800,0,517,119,7,91,68,58,120,105,115,267,41,64,84,96,555,1,True
EUW1_7605307498,15.22.724.5161,420,1904,CLASSIC,0,555,91,799,950,246,1,201,800,517,136,799,82,59,103,804,37,2,245,163,901,78,0,True
EUW1_7605333532,15.22.724.5161,420,1411,CLASSIC,0,126,133,804,246,238,1,40,27,555,60,51,92,121,84,22,526,64,245,10,136,497,0,True
EUW1_7605541240,15.22.724.5161,420,1550,CLASSIC,0,58,61,902,107,-1,1,201,114,134,555,91,516,234,517,235,63,86,131,166,157,40,0,True
EUW1_7605543427,15.22.724.5161,420,1558,CLASSIC,1,134,555,51,104,246,0,555,7,98,246,119,799,64,61,145,53,164,78,161,110,800,1,True
EUW1_7605553416,15.22.724.5161,420,1666,CLASSIC,1,51,58,107,555,-1,0,238,246,107,61,84,92,517,163,21,78,799,200,134,236,37,1,True
EUW1_7605568504,15.22.724.5161,420,1812,CLASSIC,1,711,51,91,893,142,0,238,84,120,114,119,777,121,163,145,201,799,234,245,804,497,1,True
EUW1_7605580035,15.22.724.5161,420,1665,CLASSIC,1,245,134,238,517,98,0,84,517,107,555,134,14,234,90,800,37,54,246,69,50,235,1,True
EUW1_7605594074,15.22.724.5161,420,1742,CLASSIC,1,555,200,246,8,432,0,103,555,246,200,432,14,154,238,42,111,266,421,893,51,99,1,True
EUW1_7605603148,15.22.724.5161,420,1666,CLASSIC,0,91,7,84,555,517,1,50,37,245,134,98,897,246,13,222,40,799,234,90,42,497,0,True
EUW1_7605607865,15.22.724.5161,420,1643,CLASSIC,0,91,114,804,-1,238,1,245,246,555,233,107,36,131,104,81,526,43,59,84,15,40,0,True
EUW1_7605623190,15.22.724.5161,420,2120,CLASSIC,1,517,35,555,432,800,0,432,39,154,55,800,799,64,910,222,201,126,59,90,115,412,1,True
EUW1_7605635582,15.22.724.5161,420,1457,CLASSIC,0,98,555,107,246,238,1,134,238,246,432,98,68,91,84,15,40,897,131,157,523,53,0,True
EUW1_7605637335,15.22.724.5161,420,2600,CLASSIC,1,54,107,233,91,804,0,40,107,246,799,84,67,234,893,115,526,236,254,56,99,432,1,True
EUW1_7605639712,15.22.724.5161,420,1842,CLASSIC,1,134,83,119,-1,107,0,91,145,555,7,84,8,59,103,804,526,68,77,799,245,497,1,True
EUW1_7605656063,15.22.724.5161,420,1329,CLASSIC,1,78,13,555,98,234,0,238,246,134,126,51,799,35,55,157,40,92,60,777,22,235,1,True
EUW1_7605669797,15.22.724.5161,420,2247,CLASSIC,1,238,800,555,55,122,0,432,-1,800,246,55,421,200,893,51,99,799,24,142,42,111,1,True
EUW1_7605694026,15.22.724.5161,420,2311,CLASSIC,1,799,246,555,432,35,0,98,24,246,107,55,897,76,893,804,40,126,36,142,18,60,1,True
EUW1_7605698127,15.22.724.5161,420,1133,CLASSIC,0,245,133,25,35,58,1,92,799,91,517,254,150,246,142,81,497,98,59,3,800,432,0,True
EUW1_7605707962,15.22.724.5161,420,2503,CLASSIC,1,122,432,76,200,61,0,13,35,84,7,555,83,246,3,145,60,58,64,893,133,526,1,True
EUW1_7605745103,15.22.724.5161,420,1891,CLASSIC,1,78,35,51,799,91,0,-1,246,555,19,432,84,107,134,145,111,14,131,61,42,43,1,True
EUW1_7605753165,15.22.724.5161,420,1673,CLASSIC,1,246,136,98,55,107,0,555,246,238,114,131,104,427,7,901,201,54,950,134,21,526,1,True
EUW1_7605761393,15.22.724.5161,420,2165,CLASSIC,0,91,111,134,799,555,1,2,35,555,133,799,24,59,268,202,518,54,5,61,51,432,0,True
EUW1_7605785038,15.22.724.5161,420,1435,CLASSIC,1,555,8,234,119,24,0,27,83,246,119,40,150,35,131,22,432,67,154,103,29,111,1,True
EUW1_7605790965,15.22.724.5161,420,1228,CLASSIC,0,432,119,114,246,3,1,107,555,-1,84,799,39,5,711,42,147,24,950,893,236,267,0,True
EUW1_7605807554,15.22.724.5161,420,1675,CLASSIC,0,238,804,40,37,555,1,136,107,246,37,800,59,517,39,51,518,897,427,910,222,235,0,True
EUW1_7605816955,15.22.724.5161,420,1269,CLASSIC,0,432,555,246,799,91,1,246,238,131,-1,126,106,517,200,145,60,92,76,14,236,201,0,True
EUW1_7605827714,15.22.724.5161,420,1650,CLASSIC,1,555,28,804,12,143,0,114,35,27,800,238,799,56,517,99,432,164,234,103,22,888,1,True
EUW1_7605839091,15.22.724.5161,420,1539,CLASSIC,1,234,238,107,91,246,0,35,246,91,126,804,54,48,163,429,888,92,104,90,145,12,1,True
EUW1_7605843359,15.22.724.5161,420,1753,CLASSIC,1,555,432,133,98,246,0,432,131,59,555,517,2,60,90,804,526,54,421,39,145,40,1,True
EUW1_7605885867,15.22.724.5161,420,1345,CLASSIC,0,91,58,17,246,35,1,51,432,114,246,61,92,517,69,42,518,897,238,8,145,43,0,True
EUW1_7605892762,15.22.724.5161,420,1325,CLASSIC,0,518,246,107,76,432,1,234,119,120,7,126,799,59,84,51,111,92,35,61,22,43,0,True
EUW1_7605901709,15.22.724.5161,420,1393,CLASSIC,1,131,53,246,78,40,0,246,18,136,126,804,893,107,84,145,888,27,59,800,498,43,1,True
EUW1_7605944000,15.22.724.5161,420,1464,CLASSIC,1,950,40,-1,58,246,0,555,13,133,107,27,92,131,84,67,89,154,56,55,202,12,1,True
EUW1_7605953603,15.22.724.5161,420,1502,CLASSIC,1,13,234,117,18,-1,0,53,30,91,126,804,133,35,799,800,44,27,107,39,115,888,1,True
EUW1_7605975048,15.22.724.5161,420,1354,CLASSIC,1,246,238,799,114,119,0,92,246,91,432,238,887,59,163,202,497,14,56,61,51,78,1,True
EUW1_7605986982,15.22.724.5161,420,1124,CLASSIC,1,91,40,555,58,799,0,131,107,-1,134,145,92,60,518,42,432,164,427,90,236,111,1,True
EUW1_7606002496,15.22.724.5161,420,1625,CLASSIC,0,234,18,107,39,25,1,40,15,117,126,238,114,35,777,800,888,27,246,67,910,44,0,True
EUW1_7606003062,15.22.724.5161,420,1792,CLASSIC,0,246,7,13,145,555,1,799,78,107,555,-1,17,104,45,804,526,14,238,777,134,37,0,True
EUW1_7606025135,15.22.724.5161,420,1494,CLASSIC,1,555,799,800,68,91,0,246,43,61,133,163,114,59,84,804,497,78,131,8,901,80,1,True
EUW1_7606046088,15.22.724.5161,420,2486,CLASSIC,1,91,246,55,107,518,0,555,7,950,76,126,14,517,18,51,201,92,143,777,115,111,1,True
EUW1_7606063242,15.22.724.5161,420,1322,CLASSIC,0,133,131,126,78,246,1,107,13,76,7,555,27,64,69,145,89,17,517,14,67,201,0,True
EUW1_7606108138,15.22.724.5161,420,1558,CLASSIC,0,555,35,114,104,145,1,92,-1,432,107,246,126,517,142,81,40,83,64,163,67,111,0,True
EUW1_7606127655,15.22.724.5161,420,1921,CLASSIC,0,804,27,89,432,98,1,246,107,-1,27,13,799,234,69,800,497,17,517,777,18,12,0,True
EUW1_7606151335,15.22.724.5161,420,1739,CLASSIC,1,107,61,35,804,555,0,555,98,246,233,-1,14,238,13,81,526,799,950,69,202,432,1,True
EUW1_7606155920,15.22.724.5161,420,1619,CLASSIC,0,92,518,13,51,134,1,51,238,246,133,234,41,517,42,110,497,79,56,112,145,432,0,True
EUW1_7606170562,15.22.724.5161,420,1939,CLASSIC,0,246,7,-1,91,555,1,7,92,555,432,136,68,64,13,202,111,157,517,39,42,40,0,True
EUW1_7606190784,15.22.724.5161,420,1492,CLASSIC,1,432,245,78,-1,13,0,799,-1,27,246,98,17,107,4,523,12,14,120,163,202,111,1,True
EUW1_7606206030,15.22.724.5161,420,1454,CLASSIC,0,804,84,133,53,233,1,91,107,432,55,27,799,56,61,81,888,58,64,517,145,497,0,True
EUW1_7606222575,15.22.724.5161,420,1551,CLASSIC,0,246,517,117,44,238,1,555,-1,246,166,39,50,950,245,18,201,266,120,61,145,12,0,True
EUW1_7606253887,15.22.724.5161,420,928,CLASSIC,0,107,246,-1,27,59,1,245,526,107,64,40,58,76,39,804,111,84,131,126,202,117,0,True
EUW1_7606256594,15.22.724.5161,420,2133,CLASSIC,1,126,238,39,84,133,0,7,804,246,58,53,27,104,910,145,526,41,24,134,81,888,1,True
EUW1_7606288026,15.22.724.5161,420,2272,CLASSIC,0,901,76,432,887,131,1,133,91,64,107,134,67,246,84,90,89,893,59,910,145,78,0,True
EUW1_7606328018,15.22.724.5161,420,1197,CLASSIC,1,78,40,804,145,98,0,27,432,84,246,-1,799,143,39,157,89,8,59,163,42,201,1,True
EUW1_7606344207,15.22.724.5161,420,1950,CLASSIC,1,804,246,-1,517,555,0,246,107,78,58,432,79,234,10,22,201,92,6,84,145,518,1,True
EUW1_7606379349,15.22.724.5161,420,1699,CLASSIC,1,36,157,517,432,555,0,876,15,13,55,119,79,245,166,161,526,35,33,246,145,111,1,True
EUW1_7606387384,15.22.724.5161,420,1500,CLASSIC,0,246,238,107,84,13,1,67,17,799,64,30,31,517,29,804,12,14,121,518,145,201,0,True
EUW1_7606404319,15.22.724.5161,420,2240,CLASSIC,1,91,134,145,804,114,0,51,200,13,517,27,897,246,163,202,12,126,107,84,523,111,1,True
EUW1_7606423341,15.22.724.5161,420,1166,CLASSIC,1,27,238,799,432,518,0,246,91,-1,201,78,98,950,163,51,43,893,64,39,81,111,1,True
EUW1_7606455362,15.22.724.5161,420,1578,CLASSIC,1,799,246,432,78,-1,0,555,234,17,84,-1,14,107,518,15,43,266,35,61,81,101,1,True
EUW1_7606484815,15.22.724.5161,420,1901,CLASSIC,1,91,84,117,517,107,0,799,107,27,114,804,245,246,134,145,44,516,76,42,81,432,1,True
EUW1_7606494339,15.22.724.5161,420,2125,CLASSIC,1,13,238,-1,91,126,0,107,246,24,901,-1,27,64,163,804,85,777,62,90,21,201,1,True
EUW1_7606517405,15.22.724.5161,420,1145,CLASSIC,1,59,238,-1,555,58,0,432,77,134,246,67,799,517,901,161,12,62,234,112,51,43,1,True
EUW1_7606519158,15.22.724.5161,420,1477,CLASSIC,0,238,555,246,799,83,1,-1,91,13,233,119,79,62,518,804,75,17,24,103,429,432,0,True
EUW1_7606553117,15.22.724.5161,420,1674,CLASSIC,1,27,107,238,92,-1,0,804,91,555,246,126,897,950,163,22,111,164,64,61,81,16,1,True
EUW1_7606569079,15.22.724.5161,420,1522,CLASSIC,1,799,555,7,246,91,0,-1,17,246,901,799,516,64,112,145,526,114,517,777,90,432,1,True
EUW1_7606574863,15.22.724.5161,420,1612,CLASSIC,1,58,238,55,555,897,0,117,246,233,119,238,799,59,134,147,111,126,163,517,429,37,1,True
EUW1_7606594923,15.22.724.5161,420,932,CLASSIC,0,804,246,133,107,91,1,91,246,107,134,555,42,238,875,30,78,110,59,517,29,111,0,True
EUW1_7606611426,15.22.724.5161,420,1494,CLASSIC,1,555,91,432,90,246,0,432,91,92,78,-1,897,80,127,22,16,887,24,238,51,76,1,True
EUW1_7606651206,15.22.724.5161,420,1190,CLASSIC,1,-1,246,131,517,799,0,517,246,114,104,238,266,245,134,15,40,58,54,163,51,12,1,True
EUW1_7606661712,15.22.724.5161,420,2169,CLASSIC,1,91,51,145,60,7,0,107,136,134,92,7,799,64,61,804,518,897,76,101,901,78,1,True
EUW1_7606664094,15.22.724.5161,420,1128,CLASSIC,1,13,555,51,24,238,0,84,27,91,804,526,14,131,246,145,432,17,517,67,22,107,1,True
EUW1_7606702678,15.22.724.5161,420,1913,CLASSIC,1,114,555,13,51,245,0,246,799,119,67,107,516,234,84,136,267,897,238,804,30,526,1,True
EUW1_7606710046,15.22.724.5161,420,1328,CLASSIC,0,78,58,246,120,24,1,-1,804,92,24,114,799,30,897,157,40,122,163,39,202,60,0,True
EUW1_7606730138,15.22.724.5161,420,1644,CLASSIC,0,238,58,59,246,24,1,114,92,136,91,804,799,163,39,202,40,83,517,893,145,555,0,True
EUW1_7606753056,15.22.724.5161,420,1476,CLASSIC,1,78,136,91,799,238,0,7,145,799,246,91,39,517,134,81,43,79,64,800,804,117,1,True
EUW1_7606766149,15.22.724.5161,420,1707,CLASSIC,1,238,246,432,84,28,0,91,800,804,245,799,67,62,427,42,555,39,59,8,22,412,1,True
EUW1_7606781863,15.22.724.5161,420,1980,CLASSIC,0,517,28,84,555,246,1,91,432,246,427,804,887,238,268,51,526,68,59,8,202,26,0,True
EUW1_7606831441,15.22.724.5161,420,1723,CLASSIC,0,107,98,67,40,-1,1,238,131,246,555,799,266,64,517,804,32,39,48,163,145,235,0,True
EUW1_7606832517,15.22.724.5161,420,1667,CLASSIC,0,91,121,-1,29,555,1,76,39,555,67,84,799,238,112,31,43,157,107,245,145,40,0,True
EUW1_7606836442,15.22.724.5161,420,1968,CLASSIC,1,107,61,555,517,154,0,61,246,799,555,51,141,28,7,236,37,516,121,777,115,5,1,True
EUW1_7606848735,15.22.724.5161,420,1822,CLASSIC,0,51,107,18,24,91,1,526,91,432,39,555,799,246,8,145,53,114,30,112,42,40,0,True
EUW1_7606856828,15.22.724.5161,420,1433,CLASSIC,0,107,91,555,145,58,1,799,142,91,-1,60,887,246,893,81,432,126,517,14,15,9,0,True
EUW1_7606864505,15.22.724.5161,420,1719,CLASSIC,1,517,98,238,91,432,0,30,107,800,895,799,897,77,103,51,12,887,59,84,157,518,1,True
EUW1_7606867860,15.22.724.5161,420,2217,CLASSIC,0,51,-1,107,421,7,1,84,91,555,517,897,254,950,800,145,60,92,104,134,110,37,0,True
EUW1_7606869693,15.22.724.5161,420,1476,CLASSIC,1,201,246,122,91,107,0,203,114,895,61,246,266,517,799,21,111,31,120,238,157,526,1,True
EUW1_7606871228,15.22.724.5161,420,1458,CLASSIC,0,30,24,107,432,799,1,246,-1,432,91,98,39,64,84,429,89,58,131,3,145,78,0,True
EUW1_7606881855,15.22.724.5161,420,1703,CLASSIC,0,895,238,246,555,92,1,421,799,38,111,432,31,120,134,157,526,517,35,101,42,127,0,True
EUW1_7606887091,15.22.724.5161,420,1599,CLASSIC,1,14,254,76,122,67,0,-1,432,238,555,246,98,91,84,222,3,80,517,901,81,40,1,True
EUW1_7606887661,15.22.724.5161,420,1702,CLASSIC,1,555,91,887,517,92,0,555,246,122,-1,107,83,59,134,119,235,799,234,84,804,40,1,True
EUW1_7606892765,15.22.724.5161,420,1527,CLASSIC,1,800,555,78,84,58,0,555,800,238,246,517,92,254,245,51,267,897,59,3,81,142,1,True
EUW1_7606895505,15.22.724.5161,420,1351,CLASSIC,0,51,107,233,98,84,1,799,39,84,145,246,897,121,893,15,412,150,56,61,236,497,0,True
EUW1_7606899798,15.22.724.5161,420,949,CLASSIC,1,246,555,84,92,804,0,107,92,238,77,119,3,60,777,22,117,68,59,893,21,43,1,True
EUW1_7606900479,15.22.724.5161,420,918,CLASSIC,1,136,517,245,111,91,0,238,145,8,804,-1,799,5,910,236,37,266,200,163,202,12,1,True
EUW1_7606906184,15.22.724.5161,420,1700,CLASSIC,1,145,245,-1,91,800,0,35,136,517,111,245,799,30,134,51,43,164,246,7,236,37,1,True
EUW1_7606907378,15.22.724.5161,420,1849,CLASSIC,0,246,555,432,84,91,1,126,432,246,200,120,799,62,245,901,235,92,238,517,236,12,0,True
EUW1_7606912618,15.22.724.5161,420,1730,CLASSIC,1,-1,91,-1,238,233,0,67,246,555,799,23,104,60,777,145,37,14,56,61,15,432,1,True
EUW1_7606913809,15.22.724.5161,420,1611,CLASSIC,1,107,238,51,246,58,0,245,238,92,67,119,266,59,893,145,53,799,5,800,22,432,1,True
EUW1_7606923622,15.22.724.5161,420,1303,CLASSIC,1,-1,517,119,200,84,0,555,35,27,107,7,897,246,13,236,111,114,238,245,42,432,1,True
EUW1_7606926371,15.22.724.5161,420,1830,CLASSIC,0,60,555,-1,92,238,1,893,59,91,246,555,799,76,134,202,111,98,203,910,22,43,0,True
EUW1_7606932675,15.22.724.5161,420,1529,CLASSIC,0,238,24,246,114,67,1,119,432,67,238,98,14,517,13,236,3,2,36,910,222,43,0,True
EUW1_7606934833,15.22.724.5161,420,1619,CLASSIC,0,12,43,238,58,107,1,238,888,131,799,555,92,246,84,15,44,78,234,134,804,40,0,True
EUW1_7606952581,15.22.724.5161,420,1578,CLASSIC,1,76,517,432,55,240,0,246,107,555,24,7,799,91,268,96,43,133,36,777,51,143,1,True
EUW1_7606952834,15.22.724.5161,420,951,CLASSIC,0,238,555,60,246,98,1,-1,114,67,-1,91,799,5,61,81,89,58,517,134,21,432,0,True
EUW1_7606954201,15.22.724.5161,420,1533,CLASSIC,1,887,238,131,27,92,0,92,555,432,91,107,68,246,134,202,497,799,517,126,51,142,1,True
EUW1_7606962086,15.22.724.5161,420,913,CLASSIC,0,-1,804,-1,246,-1,1,555,40,35,58,126,14,104,90,145,12,92,60,893,42,432,0,True
EUW1_7606963498,15.22.724.5161,420,1694,CLASSIC,0,246,238,131,104,432,1,145,61,122,526,107,83,91,3,115,223,58,64,517,800,4,0,True
EUW1_7606972361,15.22.724.5161,420,2008,CLASSIC,1,555,28,91,246,55,0,67,55,246,526,92,799,24,3,145,235,83,234,134,804,432,1,True
EUW1_7606982005,15.22.724.5161,420,1275,CLASSIC,1,246,91,98,142,254,0,246,555,111,-1,84,2,76,3,202,432,897,950,266,115,235,1,True
EUW1_7606983768,15.22.724.5161,420,1563,CLASSIC,1,27,107,134,131,234,0,432,-1,238,-1,800,39,246,13,202,43,69,421,112,42,555,1,True
EUW1_7606994739,15.22.724.5161,420,1687,CLASSIC,0,9,114,84,432,122,1,166,58,67,799,893,126,517,134,22,526,92,163,518,901,3,0,True
EUW1_7607000139,15.22.724.5161,420,1133,CLASSIC,1,61,134,40,48,555,0,107,246,432,134,98,14,2,90,145,518,887,950,84,51,43,1,True
EUW1_7607011318,15.22.724.5161,420,1526,CLASSIC,0,432,166,91,120,35,1,246,91,-1,432,555,799,238,134,202,80,58,950,101,22,147,0,True
EUW1_7607020407,15.22.724.5161,420,1109,CLASSIC,1,114,90,799,555,107,0,92,238,40,432,91,98,246,61,804,117,14,64,25,145,526,1,True
EUW1_7607038766,15.22.724.5161,420,1651,CLASSIC,0,432,246,84,98,804,1,266,555,799,91,35,14,59,134,202,223,31,254,103,145,12,0,True
EUW1_7607039219,15.22.724.5161,420,924,CLASSIC,1,-1,432,35,-1,92,0,27,67,107,238,35,897,121,25,42,40,150,246,134,804,3,1,True
EUW1_7607064440,15.22.724.5161,420,1805,CLASSIC,1,104,432,64,-1,804,0,107,804,98,517,246,114,91,84,22,147,2,950,800,202,40,1,True
EUW1_7607064872,15.22.724.5161,420,911,CLASSIC,0,421,897,432,107,799,1,57,35,134,432,119,114,246,910,202,43,24,238,90,22,518,0,True
EUW1_7607074628,15.22.724.5161,420,1888,CLASSIC,1,7,126,432,67,-1,0,35,91,804,555,84,27,5,61,42,497,2,24,134,145,111,1,True
EUW1_7607081858,15.22.724.5161,420,2155,CLASSIC,0,555,-1,91,246,-1,1,91,432,799,145,27,14,64,134,67,40,266,36,45,202,43,0,True
EUW1_7607084047,15.22.724.5161,420,1414,CLASSIC,1,119,246,107,134,432,0,804,888,246,-1,61,58,234,90,22,40,799,245,238,81,497,1,True
EUW1_7607089332,15.22.724.5161,420,2043,CLASSIC,0,432,201,107,893,122,1,166,517,114,799,246,126,950,134,42,111,98,163,910,804,78,0,True
EUW1_7607103961,15.22.724.5161,420,1972,CLASSIC,1,800,432,35,266,-1,0,246,98,51,114,107,58,17,13,360,111,2,517,14,145,12,1,True
EUW1_7607108061,15.22.724.5161,420,1840,CLASSIC,1,84,432,-1,133,555,0,40,64,804,246,126,68,56,55,15,117,92,60,134,22,12,1,True
EUW1_7607116765,15.22.724.5161,420,1645,CLASSIC,1,246,517,804,-1,134,0,107,246,555,126,432,24,238,90,236,37,897,234,27,22,147,1,True
EUW1_7607131814,15.22.724.5161,420,1363,CLASSIC,1,60,134,84,119,246,0,81,555,-1,799,246,14,64,103,67,267,887,203,157,163,40,1,True
EUW1_7607141560,15.22.724.5161,420,2281,CLASSIC,0,114,246,84,107,800,1,555,246,432,92,245,98,238,163,145,53,122,121,61,15,43,0,True
EUW1_7607148171,15.22.724.5161,420,1768,CLASSIC,1,27,98,804,90,432,0,145,246,13,43,55,266,234,3,222,526,17,131,14,901,111,1,True
EUW1_7607157104,15.22.724.5161,420,2078,CLASSIC,1,555,804,120,55,91,0,799,104,432,14,-1,86,238,3,18,111,79,246,127,202,12,1,True
EUW1_7607169824,15.22.724.5161,420,1167,CLASSIC,1,555,107,67,517,799,0,78,804,246,14,60,98,254,103,81,432,266,950,39,800,25,1,True
EUW1_7607198958,15.22.724.5161,420,1102,CLASSIC,0,107,800,432,134,114,1,91,432,246,233,78,897,427,112,42,555,84,59,61,804,40,0,True
EUW1_7607205278,15.22.724.5161,420,1914,CLASSIC,0,55,201,91,39,526,1,84,55,-1,799,81,58,246,61,804,43,27,131,157,145,432,0,True
EUW1_7607212958,15.22.724.5161,420,1832,CLASSIC,1,107,98,166,91,950,0,246,51,64,555,7,150,427,134,804,201,145,163,99,897,111,1,True
EUW1_7607221033,15.22.724.5161,420,1653,CLASSIC,0,24,246,799,91,126,1,238,68,14,145,555,112,517,58,901,111,17,20,114,81,80,0,True
EUW1_7607228165,15.22.724.5161,420,1477,CLASSIC,0,246,114,234,432,804,1,39,91,804,134,119,42,80,901,81,518,67,64,90,202,800,0,True
EUW1_7607230031,15.22.724.5161,420,1462,CLASSIC,0,40,107,555,126,91,1,432,233,91,133,59,6,427,800,804,117,150,20,61,901,526,0,True
EUW1_7607270323,15.22.724.5161,420,1840,CLASSIC,0,-1,43,555,40,126,1,233,432,120,240,800,68,246,39,50,235,799,131,777,145,497,0,True
EUW1_7607280552,15.22.724.5161,420,2253,CLASSIC,1,134,234,126,804,8,0,133,238,432,107,91,27,131,29,22,43,2,950,13,115,555,1,True
EUW1_7607310674,15.22.724.5161,420,1629,CLASSIC,1,555,13,89,246,78,0,246,800,83,103,166,2,517,133,910,432,8,421,134,51,412,1,True
EUW1_7607325704,15.22.724.5161,420,1496,CLASSIC,1,27,78,166,555,35,0,107,555,804,799,246,98,950,142,157,43,114,121,800,81,40,1,True
EUW1_7607328393,15.22.724.5161,420,1771,CLASSIC,1,92,80,7,50,40,0,-1,84,111,17,432,41,131,39,157,526,143,120,98,360,12,1,True
EUW1_7607344073,15.22.724.5161,420,1554,CLASSIC,1,98,246,555,804,91,0,134,799,246,238,-1,58,64,101,22,89,68,62,84,145,800,1,True
EUW1_7607367878,15.22.724.5161,420,1693,CLASSIC,0,897,-1,799,432,134,1,555,131,91,246,58,69,517,800,202,80,777,76,29,22,526,0,True
EUW1_7607391753,15.22.724.5161,420,1552,CLASSIC,0,555,238,51,517,234,1,-1,238,246,43,799,68,59,7,236,37,516,120,61,202,40,0,True
EUW1_7607392561,15.22.724.5161,420,1175,CLASSIC,1,40,91,238,145,78,0,7,91,238,-1,432,421,246,39,800,555,887,234,134,42,497,1,True
EUW1_7607403748,15.22.724.5161,420,1479,CLASSIC,0,78,134,555,432,91,1,145,804,91,238,246,122,517,51,81,800,76,60,13,901,111,0,True
EUW1_7607426296,15.22.724.5161,420,2518,CLASSIC,1,246,131,-1,432,107,0,122,238,59,131,134,76,517,161,804,111,799,78,69,145,497,1,True
EUW1_7607445339,15.22.724.5161,420,1862,CLASSIC,0,888,-1,12,58,40,1,246,555,80,-1,107,799,234,39,34,89,164,950,45,136,16,0,True
EUW1_7607461957,15.22.724.5161,420,1414,CLASSIC,1,13,36,245,238,111,0,133,91,238,60,245,266,876,246,236,267,126,517,42,29,43,1,True
EUW1_7607475888,15.22.724.5161,420,1534,CLASSIC,0,107,51,78,800,83,1,517,246,-1,238,84,799,62,61,145,518,421,104,268,42,12,0,True
EUW1_7607509804,15.22.724.5161,420,1547,CLASSIC,1,246,117,91,234,238,0,246,35,27,804,238,43,120,142,42,526,83,950,163,145,111,1,True
EUW1_7607555798,15.22.724.5161,420,2223,CLASSIC,0,799,119,-1,429,142,1,51,950,-1,246,238,84,62,18,21,432,36,421,3,145,526,0,True
EUW1_7607583912,15.22.724.5161,420,1502,CLASSIC,1,432,-1,40,246,91,0,98,61,246,91,238,799,427,84,22,201,41,59,145,51,518,1,True
EUW1_7607647835,15.22.724.5161,420,1867,CLASSIC,0,107,-1,134,432,91,1,246,107,145,51,84,799,950,69,81,142,266,238,136,22,43,0,True
EUW1_7607725033,15.22.724.5161,420,360,CLASSIC,1,517,59,145,119,246,0,421,59,246,245,58,67,120,112,42,111,799,91,90,523,412,1,True
EUW1_7607738108,15.22.724.5161,420,1749,CLASSIC,0,64,13,136,119,58,1,799,119,432,38,246,897,131,91,18,111,887,76,163,202,555,0,True
EUW1_7607784771,15.22.724.5161,420,909,CLASSIC,1,38,13,432,136,799,0,58,91,27,800,40,157,131,246,498,201,24,517,84,145,111,1,True
EUW1_7607804636,15.22.724.5161,420,1813,CLASSIC,1,246,78,91,107,40,0,13,27,37,142,79,875,517,84,804,526,14,245,39,51,117,1,True
EUW1_7607808948,15.22.724.5161,420,1779,CLASSIC,0,7,38,37,154,555,1,84,246,136,114,117,157,121,99,901,76,240,5,134,236,16,0,True
EUW1_7607828295,15.22.724.5161,420,1660,CLASSIC,0,107,91,246,799,59,1,91,136,8,246,804,18,427,3,236,53,164,234,163,22,432,0,True
EUW1_7607834019,15.22.724.5161,420,1701,CLASSIC,1,8,119,-1,555,-1,0,35,91,266,555,246,3,64,38,804,99,68,121,18,21,526,1,True
EUW1_7607847796,15.22.724.5161,420,1481,CLASSIC,1,29,246,111,8,555,0,84,13,799,555,39,421,107,7,110,40,166,238,245,804,78,1,True
EUW1_7607901399,15.22.724.5161,420,912,CLASSIC,0,51,107,711,246,92,1,432,114,61,246,555,24,17,238,910,267,36,91,39,800,43,0,True
EUW1_7607901936,15.22.724.5161,420,1647,CLASSIC,0,134,111,107,555,517,1,92,246,238,432,114,110,75,777,145,26,17,950,34,22,43,0,True
EUW1_7607902445,15.22.724.5161,420,1528,CLASSIC,1,91,40,24,105,134,0,234,238,432,92,246,79,75,84,236,902,17,64,90,895,235,1,True
EUW1_7607904677,15.22.724.5161,420,1366,CLASSIC,0,53,166,246,131,164,1,238,107,126,246,58,86,56,112,119,40,92,799,84,202,43,0,True
EUW1_7607912240,15.22.724.5161,420,1842,CLASSIC,0,40,114,246,86,35,1,-1,246,11,238,84,24,5,61,804,111,27,143,777,145,43,0,True
EUW1_7607914559,15.22.724.5161,420,1907,CLASSIC,0,246,799,555,107,51,1,78,432,711,555,98,150,234,950,800,518,39,59,61,145,117,0,True
EUW1_7607916032,15.22.724.5161,420,1506,CLASSIC,1,555,63,84,246,800,0,804,10,142,43,77,58,76,234,498,235,68,64,245,145,40,1,True
EUW1_7607922146,15.22.724.5161,420,926,CLASSIC,1,246,76,142,51,27,0,246,517,91,40,555,24,5,103,145,111,84,203,134,804,201,1,True
EUW1_7607927327,15.22.724.5161,420,1543,CLASSIC,0,142,246,92,145,238,1,555,91,40,246,107,14,76,13,22,526,799,59,84,235,99,0,True
EUW1_7607933699,15.22.724.5161,420,1808,CLASSIC,0,555,517,800,266,3,1,517,37,421,122,-1,14,950,84,22,78,79,59,126,81,497,0,True
EUW1_7607935977,15.22.724.5161,420,1752,CLASSIC,1,98,35,804,51,432,0,-1,78,105,42,126,799,246,84,145,201,92,107,893,22,412,1,True
EUW1_7607942087,15.22.724.5161,420,1277,CLASSIC,1,157,121,804,107,40,0,555,246,91,142,84,68,80,134,145,111,897,238,893,202,526,1,True
EUW1_7607943705,15.22.724.5161,420,1808,CLASSIC,1,-1,799,238,517,40,0,887,240,-1,246,55,58,131,3,42,555,17,91,84,119,432,1,True
EUW1_7607944910,15.22.724.5161,420,1313,CLASSIC,1,83,800,517,-1,119,0,114,107,7,555,91,777,75,134,145,12,266,246,112,901,78,1,True
EUW1_7607957855,15.22.724.5161,420,1805,CLASSIC,0,233,246,432,555,51,1,238,246,67,92,887,68,91,61,145,40,83,78,84,119,43,0,True
EUW1_7607961205,15.22.724.5161,420,2389,CLASSIC,0,24,15,245,91,84,1,114,246,238,517,-1,266,107,134,42,432,14,120,13,804,26,0,True
EUW1_7607961732,15.22.724.5161,420,1118,CLASSIC,0,55,517,59,84,8,1,91,799,432,24,246,122,28,127,236,497,157,30,3,523,111,0,True
EUW1_7607962460,15.22.724.5161,420,1178,CLASSIC,1,114,91,421,86,800,0,134,517,246,119,107,24,143,63,18,526,79,75,777,145,7,1,True
EUW1_7607965203,15.22.724.5161,420,2025,CLASSIC,0,238,246,36,119,114,1,555,55,246,91,58,897,234,84,236,201,799,80,13,145,432,0,True
EUW1_7607970770,15.22.724.5161,420,1398,CLASSIC,1,51,67,234,800,78,0,246,126,238,166,555,19,200,268,96,412,58,64,134,222,99,1,True
EUW1_7607974858,15.22.724.5161,420,1354,CLASSIC,1,119,114,432,30,246,0,432,83,48,111,134,31,234,61,145,497,799,77,86,523,555,1,True
EUW1_7607976320,15.22.724.5161,420,2019,CLASSIC,1,91,-1,-1,35,84,0,804,421,432,233,107,897,246,13,119,526,78,950,61,145,111,1,True
EUW1_7607978524,15.22.724.5161,420,1807,CLASSIC,1,91,517,432,555,238,0,55,145,92,105,246,58,78,10,15,497,83,234,800,804,9,1,True
EUW1_7607982913,15.22.724.5161,420,2034,CLASSIC,1,238,19,53,59,24,0,64,114,238,35,51,164,200,3,901,526,266,421,112,145,111,1,True
EUW1_7607989130,15.22.724.5161,420,1370,CLASSIC,1,107,238,114,145,246,0,114,78,238,432,246,266,30,134,804,526,31,517,3,42,201,1,True
EUW1_7607989782,15.22.724.5161,420,1652,CLASSIC,0,432,76,51,517,114,1,27,119,246,238,98,14,64,13,22,201,799,131,84,202,526,0,True
EUW1_7607996916,15.22.724.5161,420,2005,CLASSIC,1,804,35,92,-1,55,0,246,105,91,432,254,887,234,134,145,57,58,238,84,22,201,1,True
EUW1_7608007631,15.22.724.5161,420,101,CLASSIC,0,555,91,107,40,799,1,-1,246,24,114,145,77,59,61,222,412,897,36,268,804,89,0,True
EUW1_7608036529,15.22.724.5161,420,103,CLASSIC,0,555,-1,254,246,142,1,119,14,134,84,238,897,950,61,22,518,150,62,13,222,800,0,True
EUW1_7608048063,15.22.724.5161,420,1978,CLASSIC,1,107,246,51,555,82,0,246,238,7,63,92,98,64,910,22,432,799,91,800,901,223,1,True
EUW1_7608089027,15.22.724.5161,420,1561,CLASSIC,0,-1,119,107,60,131,1,246,-1,92,238,107,126,517,18,145,89,41,64,13,498,526,0,True
EUW1_7608100322,15.22.724.5161,420,1484,CLASSIC,1,555,238,68,246,91,0,61,58,15,555,245,80,120,910,145,432,897,59,84,800,111,1,True
EUW1_7608119396,15.22.724.5161,420,1715,CLASSIC,0,517,38,60,119,246,1,107,64,555,238,119,67,35,61,22,111,43,876,14,15,235,0,True
EUW1_7608123081,15.22.724.5161,420,102,CLASSIC,0,119,91,24,517,145,1,432,91,555,112,58,86,246,61,81,267,799,36,711,804,117,0,True
EUW1_7608123638,15.22.724.5161,420,913,CLASSIC,1,40,38,432,800,246,0,107,55,91,432,24,157,131,39,51,43,6,517,61,804,16,1,True
EUW1_7608133430,15.22.724.5161,420,2143,CLASSIC,0,43,145,7,91,58,1,804,60,245,92,432,799,234,517,81,35,41,421,55,42,267,0,True
EUW1_7608133974,15.22.724.5161,420,108,CLASSIC,1,55,7,800,134,59,0,77,119,517,238,114,84,200,112,236,902,897,245,901,81,107,1,True
EUW1_7608148611,15.22.724.5161,420,1923,CLASSIC,0,517,555,246,39,432,1,15,38,104,84,555,266,245,101,202,800,157,30,99,110,526,0,True
EUW1_7608154753,15.22.724.5161,420,1975,CLASSIC,0,51,246,-1,432,122,1,107,142,555,517,24,897,20,90,145,235,10,35,3,119,888,0,True
EUW1_7608169233,15.22.724.5161,420,1909,CLASSIC,0,-1,55,246,131,133,1,246,555,238,59,58,799,120,893,202,518,39,91,517,51,235,0,True
EUW1_7608190896,15.22.724.5161,420,1623,CLASSIC,0,107,555,201,7,136,1,7,107,157,91,800,266,246,245,81,12,31,238,61,145,111,0,True
EUW1_7608191398,15.22.724.5161,420,1742,CLASSIC,1,166,246,360,122,517,0,555,35,14,7,432,157,245,268,51,43,126,107,55,29,117,1,True
EUW1_7608205829,15.22.724.5161,420,1275,CLASSIC,0,246,-1,-1,92,119,1,246,238,432,111,799,41,234,39,115,60,23,203,26,42,555,0,True
EUW1_7608218025,15.22.724.5161,420,2511,CLASSIC,1,16,91,107,-1,498,0,-1,166,246,35,126,799,76,103,42,555,92,20,163,18,78,1,True
EUW1_7608233554,15.22.724.5161,420,1782,CLASSIC,0,7,107,91,39,30,1,35,40,432,59,92,804,131,157,897,78,887,246,84,236,12,0,True
EUW1_7608234846,15.22.724.5161,420,1149,CLASSIC,0,432,233,91,804,39,1,64,107,90,13,98,8,950,61,81,555,799,246,84,202,43,0,True
EUW1_7608243786,15.22.724.5161,420,947,CLASSIC,1,107,91,432,800,80,0,126,40,517,84,254,164,246,13,42,555,27,245,777,22,117,1,True
EUW1_7608270840,15.22.724.5161,420,1797,CLASSIC,1,432,163,92,799,98,0,432,161,27,59,92,897,246,69,910,517,41,234,13,15,111,1,True
EUW1_7608272337,15.22.724.5161,420,1651,CLASSIC,1,84,799,27,246,517,0,59,145,555,39,800,126,245,61,804,12,8,238,14,85,235,1,True
EUW1_7608285936,15.22.724.5161,420,1903,CLASSIC,0,78,555,246,901,35,1,246,238,84,107,119,897,120,90,157,76,67,131,55,910,111,0,True
EUW1_7608301459,15.22.724.5161,420,1745,CLASSIC,0,432,238,27,61,555,1,238,126,432,91,-1,114,517,13,115,526,92,887,38,202,111,0,True
EUW1_7608326110,15.22.724.5161,420,1678,CLASSIC,1,134,432,107,246,41,0,432,13,517,98,107,67,64,90,81,111,897,245,91,51,201,1,True
EUW1_7608329029,15.22.724.5161,420,923,CLASSIC,1,91,107,432,119,80,0,804,432,246,92,526,164,59,103,22,89,41,76,133,202,555,1,True
EUW1_7608342220,15.22.724.5161,420,1575,CLASSIC,0,13,804,555,799,136,1,245,555,246,131,91,14,59,84,22,902,31,76,42,50,254,0,True
EUW1_7608344341,15.22.724.5161,420,1735,CLASSIC,0,238,13,901,84,432,1,78,238,246,800,80,266,62,55,90,412,58,30,777,157,154,0,True
EUW1_7608352477,15.22.724.5161,420,962,CLASSIC,0,27,134,91,-1,51,1,804,64,40,799,432,68,246,69,429,497,67,36,84,145,518,0,True
EUW1_7608364142,15.22.724.5161,420,1615,CLASSIC,1,238,145,432,134,91,0,92,119,107,78,268,67,64,166,800,526,54,246,266,804,12,1,True
EUW1_7608373040,15.22.724.5161,420,1575,CLASSIC,0,91,80,3,897,432,1,92,234,246,804,107,39,238,800,222,526,41,35,8,22,40,0,True
EUW1_7608384183,15.22.724.5161,420,1616,CLASSIC,0,432,35,91,-1,59,1,555,84,517,58,238,31,64,893,21,111,266,246,134,901,43,0,True
EUW1_7608400541,15.22.724.5161,420,1737,CLASSIC,0,35,517,91,804,136,1,-1,246,91,-1,131,245,64,4,22,432,24,76,39,910,12,0,True
EUW1_7608437330,15.22.724.5161,420,2019,CLASSIC,1,51,-1,58,432,246,0,-1,238,246,134,11,92,876,161,145,526,31,36,61,42,201,1,True
EUW1_7608463581,15.22.724.5161,420,1194,CLASSIC,1,64,43,90,246,91,0,91,35,804,51,14,24,517,800,901,78,82,143,523,429,60,1,True
EUW1_7608479256,15.22.724.5161,420,1661,CLASSIC,1,246,804,91,32,893,0,91,107,238,517,13,82,5,3,145,53,14,245,42,51,12,1,True
EUW1_7608496776,15.22.724.5161,420,1046,CLASSIC,1,67,30,799,238,136,0,119,238,104,55,555,79,59,157,115,432,266,141,777,910,60,1,True
EUW1_7608509254,15.22.724.5161,420,1416,CLASSIC,0,117,30,-1,136,238,1,91,901,246,78,84,36,5,163,236,37,266,76,90,429,24,0,True
EUW1_7608523513,15.22.724.5161,420,927,CLASSIC,0,-1,246,131,91,134,1,246,-1,27,134,126,86,76,90,804,111,92,59,518,69,12,0,True
EUW1_7608536047,15.22.724.5161,420,1128,CLASSIC,0,91,40,134,107,121,1,126,136,84,555,121,14,104,96,51,432,92,238,1,50,57,0,True
EUW1_7608551267,15.22.724.5161,420,1778,CLASSIC,0,27,91,266,30,134,1,84,246,91,121,555,50,104,36,69,37,799,24,112,804,432,0,True
EUW1_7608578414,15.22.724.5161,420,1706,CLASSIC,0,54,799,107,14,78,1,13,90,35,38,432,246,131,133,429,12,69,104,55,157,44,0,True
EUW1_7608625344,15.22.724.5161,420,1793,CLASSIC,1,27,7,17,37,804,0,61,91,555,246,107,69,950,45,51,412,134,62,39,145,111,1,True
EUW1_7608646508,15.22.724.5161,420,946,CLASSIC,1,800,91,-1,555,517,0,38,61,78,163,432,36,245,142,21,85,126,246,8,429,888,1,True
EUW1_7608671316,15.22.724.5161,420,1376,CLASSIC,1,84,-1,555,799,245,0,13,-1,163,91,78,777,246,34,51,432,14,234,85,429,412,1,True
EUW1_7608693876,15.22.724.5161,420,2059,CLASSIC,0,432,107,91,238,246,1,432,14,107,246,238,266,30,142,236,267,17,64,13,895,16,0,True
EUW1_7608720942,15.22.724.5161,420,1188,CLASSIC,1,799,13,-1,91,-1,0,238,432,78,13,799,24,246,245,202,223,79,64,163,429,111,1,True
EUW1_7608738966,15.22.724.5161,420,912,CLASSIC,1,246,84,134,799,517,0,246,84,30,80,91,68,64,142,804,12,897,254,800,429,99,1,True
EUW1_7608769552,15.22.724.5161,420,1614,CLASSIC,0,950,91,39,246,7,1,59,7,136,92,117,68,121,163,804,111,897,517,777,236,37,0,True
EUW1_7608773392,15.22.724.5161,420,1931,CLASSIC,0,13,30,133,245,8,1,432,238,246,92,555,950,67,84,90,35,421,517,800,145,111,0,True
EUW1_7608799621,15.22.724.5161,420,2177,CLASSIC,1,35,432,-1,92,91,0,122,246,53,-1,7,68,517,777,96,117,43,36,157,800,888,1,True
EUW1_7608803386,15.22.724.5161,420,2431,CLASSIC,1,119,68,517,91,246,0,799,145,28,7,114,150,56,3,42,432,516,238,13,800,78,1,True
EUW1_7608863193,15.23.726.9074,420,1905,CLASSIC,0,246,92,799,555,10,1,54,90,517,40,246,68,107,3,145,526,67,20,893,236,111,0,True
EUW1_7608864926,15.23.726.9074,420,1368,CLASSIC,0,107,40,517,804,8,1,517,238,897,51,30,887,246,84,145,78,39,234,103,202,497,0,True
EUW1_7608870572,15.23.726.9074,420,1395,CLASSIC,0,59,432,555,51,133,1,799,555,238,3,119,122,9,950,901,40,41,131,517,804,117,0,True
EUW1_7608875708,15.23.726.9074,420,1562,CLASSIC,1,40,24,18,107,84,0,517,887,555,799,24,114,17,103,202,526,14,91,61,15,37,1,True
EUW1_7608883526,15.23.726.9074,420,1567,CLASSIC,0,121,107,24,17,246,1,897,40,112,91,246,39,203,127,42,43,92,5,134,145,432,0,True
EUW1_7608894771,15.23.726.9074,420,1312,CLASSIC,1,114,238,517,54,254,0,238,246,114,517,54,84,59,134,221,497,240,131,157,202,432,1,True
EUW1_7608901780,15.23.726.9074,420,1726,CLASSIC,0,91,61,166,24,111,1,711,246,114,238,78,18,105,6,145,518,67,5,131,429,412,0,True
EUW1_7608911964,15.23.726.9074,420,1452,CLASSIC,1,517,893,246,202,901,0,246,40,145,117,114,98,76,127,21,235,122,238,84,81,37,1,True
EUW1_7608915151,15.23.726.9074,420,1805,CLASSIC,0,32,246,238,517,119,1,14,48,42,887,246,897,62,4,202,518,58,799,800,81,432,0,True
EUW1_7608921711,15.23.726.9074,420,980,CLASSIC,0,83,78,246,432,114,1,5,84,246,107,98,58,234,799,115,111,164,517,134,21,526,0,True
EUW1_7608923684,15.23.726.9074,420,2791,CLASSIC,0,131,432,54,27,246,1,950,40,233,518,893,799,126,25,21,117,114,31,84,51,111,0,True
EUW1_7608924978,15.23.726.9074,420,1302,CLASSIC,0,517,114,27,893,246,1,804,107,78,126,84,58,14,134,21,98,266,234,887,429,888,0,True
EUW1_7608936346,15.23.726.9074,420,1960,CLASSIC,1,246,134,203,98,117,0,517,887,238,893,-1,799,59,90,236,37,58,120,25,119,9,1,True
EUW1_7608939300,15.23.726.9074,420,1541,CLASSIC,1,432,111,67,134,119,0,517,238,246,432,119,19,120,13,18,555,54,203,901,145,497,1,True
EUW1_7608947831,15.23.726.9074,420,1114,CLASSIC,1,234,107,42,114,517,0,40,107,122,246,134,240,64,7,202,555,68,59,39,45,432,1,True
EUW1_7608953766,15.23.726.9074,420,1216,CLASSIC,0,78,91,799,246,-1,1,238,55,131,516,92,84,950,800,81,12,122,107,134,145,89,0,True
EUW1_7608960223,15.23.726.9074,420,1329,CLASSIC,1,104,-1,233,119,83,0,518,7,432,799,42,777,35,238,96,555,54,266,134,51,201,1,True
EUW1_7608966073,15.23.726.9074,420,912,CLASSIC,0,517,246,238,107,38,1,246,555,122,887,166,67,62,221,145,9,14,59,134,119,111,0,True
EUW1_7608969389,15.23.726.9074,420,1257,CLASSIC,0,64,107,893,516,134,1,91,78,246,40,114,98,59,143,51,43,58,266,84,429,412,0,True
EUW1_7608969493,15.23.726.9074,420,1703,CLASSIC,0,238,78,432,517,246,1,43,555,432,104,901,83,799,800,145,40,8,516,777,81,267,0,True
EUW1_7608971192,15.23.726.9074,420,910,CLASSIC,0,27,555,37,17,7,1,117,246,98,107,59,799,234,84,202,526,777,5,3,67,16,0,True
EUW1_7608974399,15.23.726.9074,420,1620,CLASSIC,1,246,122,517,555,107,0,517,114,432,67,246,14,36,134,15,117,83,54,157,50,9,1,True
EUW1_7608985588,15.23.726.9074,420,1236,CLASSIC,1,555,35,84,432,145,0,887,114,555,84,91,58,266,134,800,43,799,36,101,119,111,1,True
EUW1_7608992084,15.23.726.9074,420,1655,CLASSIC,0,432,37,246,98,76,1,7,40,37,107,114,27,56,61,498,517,122,64,39,800,526,0,True
EUW1_7609000257,15.23.726.9074,420,1715,CLASSIC,1,58,107,246,555,119,0,238,-1,246,107,887,150,799,800,804,432,106,31,84,18,43,1,True
EUW1_7609005938,15.23.726.9074,420,1744,CLASSIC,1,136,133,122,238,432,0,517,126,107,119,55,164,246,103,18,526,27,266,800,15,72,1,True
EUW1_7609009402,15.23.726.9074,420,1641,CLASSIC,1,246,98,107,36,84,0,246,58,91,107,555,54,517,901,804,80,92,126,800,145,518,1,True
EUW1_7609013727,15.23.726.9074,420,1688,CLASSIC,0,238,60,91,555,92,1,107,246,12,133,39,799,64,7,804,43,164,56,61,21,432,0,True
EUW1_7609025909,15.23.726.9074,420,1684,CLASSIC,1,91,800,887,76,35,0,58,-1,59,-1,7,98,799,163,81,432,54,107,84,21,412,1,True
EUW1_7609038283,15.23.726.9074,420,919,CLASSIC,0,246,-1,60,238,222,1,8,799,104,555,92,516,131,777,145,111,83,30,134,804,40,0,True
EUW1_7609042035,15.23.726.9074,420,1641,CLASSIC,0,27,91,246,432,555,1,246,107,61,121,555,76,131,81,804,117,68,238,45,145,111,0,True
EUW1_7609052041,15.23.726.9074,420,1134,CLASSIC,1,246,555,107,54,799,0,-1,5,-1,799,-1,114,131,64,67,40,24,36,126,145,60,1,True
EUW1_7609055714,15.23.726.9074,420,1594,CLASSIC,0,78,145,91,238,-1,1,61,800,432,91,114,799,92,142,22,201,58,31,13,119,497,0,True
EUW1_7609057178,15.23.726.9074,420,1479,CLASSIC,1,-1,246,55,107,711,0,30,119,145,246,432,126,799,897,360,57,58,238,61,498,12,1,True
EUW1_7609065315,15.23.726.9074,420,1684,CLASSIC,0,35,-1,246,800,91,1,91,555,119,24,238,14,104,134,202,517,23,56,3,221,117,0,True
EUW1_7609080528,15.23.726.9074,420,1928,CLASSIC,0,76,246,91,-1,238,1,246,107,134,555,98,41,799,268,202,142,39,517,800,145,518,0,True
EUW1_7609081583,15.23.726.9074,420,1309,CLASSIC,0,800,804,91,-1,432,1,246,35,799,27,432,517,59,221,202,518,114,266,103,222,412,0,True
EUW1_7609084513,15.23.726.9074,420,1741,CLASSIC,1,107,92,238,91,555,0,895,84,122,91,246,799,59,103,145,526,58,31,61,498,497,1,True
EUW1_7609085149,15.23.726.9074,420,1612,CLASSIC,0,107,246,91,238,134,1,92,246,89,27,107,897,799,61,143,40,126,62,133,21,910,0,True
EUW1_7609086707,15.23.726.9074,420,1325,CLASSIC,1,30,107,804,246,134,0,92,799,-1,55,91,421,31,64,360,32,266,950,163,800,12,1,True
EUW1_7609087610,15.23.726.9074,420,2075,CLASSIC,0,800,54,238,91,887,1,432,58,107,517,-1,429,266,61,119,555,92,126,910,236,267,0,True
EUW1_7609102552,15.23.726.9074,420,2307,CLASSIC,0,35,30,119,432,799,1,432,35,799,91,107,114,31,61,202,89,133,105,18,22,201,0,True
EUW1_7609115192,15.23.726.9074,420,925,CLASSIC,0,78,12,107,126,246,1,432,246,51,800,35,875,104,45,143,111,67,131,103,516,235,0,True
EUW1_7609131946,15.23.726.9074,420,1470,CLASSIC,1,7,54,-1,800,-1,0,555,104,84,92,42,799,245,166,110,350,141,64,134,81,43,1,True
EUW1_7609133218,15.23.726.9074,420,103,CLASSIC,0,517,799,-1,38,67,1,64,126,107,246,40,14,54,84,804,555,266,131,61,145,432,0,True
EUW1_7609143643,15.23.726.9074,420,1641,CLASSIC,1,804,35,91,24,107,0,35,246,55,145,134,110,950,112,22,517,67,59,101,800,526,1,True
EUW1_7609145192,15.23.726.9074,420,1769,CLASSIC,1,246,60,799,517,40,0,84,122,131,78,91,114,31,777,90,432,126,266,55,145,89,1,True
EUW1_7609149496,15.23.726.9074,420,1401,CLASSIC,1,91,799,35,800,119,0,517,92,107,134,432,114,246,142,221,63,14,31,90,145,25,1,True
EUW1_7609154041,15.23.726.9074,420,1534,CLASSIC,0,55,27,246,799,75,1,246,121,35,238,516,887,56,163,157,20,14,17,69,895,25,0,True
EUW1_7609169289,15.23.726.9074,420,1484,CLASSIC,0,119,40,950,804,76,1,246,91,104,238,555,897,517,39,15,12,901,131,30,145,888,0,True
EUW1_7609169555,15.23.726.9074,420,1354,CLASSIC,0,804,246,58,893,895,1,432,91,246,84,800,3,266,92,81,12,68,105,360,202,78,0,True
EUW1_7609172984,15.23.726.9074,420,1706,CLASSIC,1,91,804,92,35,107,0,54,145,-1,13,246,98,131,3,21,432,67,799,84,202,26,1,True
EUW1_7609180939,15.23.726.9074,420,2102,CLASSIC,0,555,800,35,103,107,1,119,799,432,117,134,98,246,79,221,111,114,91,90,202,497,0,True
EUW1_7609186848,15.23.726.9074,420,913,CLASSIC,0,2,107,136,27,91,1,432,799,804,37,91,887,126,13,18,526,54,266,518,21,497,0,True
EUW1_7609202649,15.23.726.9074,420,942,CLASSIC,0,59,55,24,27,78,1,107,432,234,246,98,897,799,61,236,201,2,60,134,360,12,0,True
EUW1_7609206101,15.23.726.9074,420,1584,CLASSIC,1,107,131,517,246,901,0,119,517,104,555,432,14,799,84,498,497,887,30,42,81,32,1,True
EUW1_7609213381,15.23.726.9074,420,1809,CLASSIC,1,266,804,799,238,555,0,238,134,800,246,84,41,76,103,202,432,67,126,163,145,78,1,True
EUW1_7609220514,15.23.726.9074,420,1408,CLASSIC,0,555,246,119,145,-1,1,28,799,114,7,119,41,516,61,42,89,98,64,99,21,80,0,True
EUW1_7609230560,15.23.726.9074,420,1825,CLASSIC,1,13,555,800,799,107,0,119,246,555,27,134,114,59,84,221,117,58,78,69,202,43,1,True
EUW1_7609234792,15.23.726.9074,420,1403,CLASSIC,1,91,800,246,432,-1,0,78,67,13,-1,40,43,107,34,804,497,122,105,133,110,555,1,True
EUW1_7609245788,15.23.726.9074,420,1673,CLASSIC,0,30,-1,804,134,83,1,14,119,30,432,40,266,105,517,498,497,39,799,13,202,53,0,True
EUW1_7609253693,15.23.726.9074,420,1312,CLASSIC,1,246,2,119,91,104,0,246,-1,83,7,91,150,30,777,202,432,8,36,142,221,555,1,True
EUW1_7609260262,15.23.726.9074,420,1350,CLASSIC,0,238,145,517,126,800,1,234,134,61,804,98,799,266,163,901,26,164,35,136,202,432,0,True
EUW1_7609270007,15.23.726.9074,420,1776,CLASSIC,0,13,134,555,92,91,1,799,-1,84,27,24,41,517,246,81,43,114,54,55,101,526,0,True
EUW1_7609277361,15.23.726.9074,420,1656,CLASSIC,1,154,-1,40,246,555,0,13,27,107,804,266,76,20,39,81,432,41,131,133,22,117,1,True
EUW1_7609287814,15.23.726.9074,420,2104,CLASSIC,0,555,78,83,804,91,1,555,59,246,107,7,8,799,81,236,432,31,254,163,202,235,0,True
EUW1_7609288059,15.23.726.9074,420,1688,CLASSIC,0,80,27,142,-1,67,1,98,799,246,107,76,14,200,103,81,432,266,238,517,498,53,0,True
EUW1_7609291805,15.23.726.9074,420,1728,CLASSIC,0,432,799,238,58,119,1,35,432,31,804,238,92,266,161,221,201,67,14,34,145,111,0,True
EUW1_7609295889,15.23.726.9074,420,1570,CLASSIC,0,238,84,804,432,799,1,-1,91,134,517,98,126,266,245,22,111,39,14,90,202,43,0,True
EUW1_7609326227,15.23.726.9074,420,1076,CLASSIC,1,121,98,800,517,246,0,799,804,67,107,40,24,30,23,134,497,86,266,7,55,44,1,True
EUW1_7609332287,15.23.726.9074,420,1631,CLASSIC,0,104,134,58,432,-1,1,432,91,68,517,246,84,30,14,18,497,3,54,799,202,78,0,True
EUW1_7609346596,15.23.726.9074,420,1731,CLASSIC,0,59,35,555,107,91,1,145,238,35,498,134,41,246,910,202,267,799,266,90,804,111,0,True
EUW1_7609355937,15.23.726.9074,420,1239,CLASSIC,0,107,91,246,59,45,1,-1,55,145,246,799,41,31,134,804,555,114,517,61,51,43,0,True
EUW1_7609369914,15.23.726.9074,420,1638,CLASSIC,0,-1,107,-1,893,35,1,236,98,246,78,238,27,126,91,800,432,14,799,61,145,60,0,True
EUW1_7609394145,15.23.726.9074,420,910,CLASSIC,1,246,59,-1,3,7,0,517,91,38,799,246,266,11,101,202,43,777,31,84,523,57,1,True
EUW1_7609400060,15.23.726.9074,420,2413,CLASSIC,0,246,799,13,238,78,1,145,27,238,432,114,39,517,133,804,526,897,266,103,202,12,0,True
EUW1_7609407770,15.23.726.9074,420,1708,CLASSIC,1,555,517,91,799,18,0,7,126,804,517,555,8,234,112,202,432,92,143,39,81,12,1,True
EUW1_7609421630,15.23.726.9074,420,1538,CLASSIC,0,76,134,526,804,166,1,246,200,107,91,7,58,799,90,21,555,36,78,266,523,432,0,True
EUW1_7609429542,15.23.726.9074,420,1619,CLASSIC,1,36,555,246,107,98,0,145,22,90,104,92,266,799,38,50,43,114,30,134,804,111,1,True
EUW1_7609433306,15.23.726.9074,420,1462,CLASSIC,1,555,31,238,432,163,0,31,432,804,134,-1,14,799,41,800,111,67,246,68,22,497,1,True
EUW1_7609454868,15.23.726.9074,420,1527,CLASSIC,1,78,80,7,804,246,0,81,432,266,246,421,68,131,157,202,40,8,59,893,42,111,1,True
EUW1_7609455187,15.23.726.9074,420,2338,CLASSIC,1,122,136,246,238,432,0,555,163,68,7,800,266,59,84,910,40,6,60,39,221,117,1,True
EUW1_7609474512,15.23.726.9074,420,1288,CLASSIC,0,800,107,90,246,432,1,555,134,432,517,121,421,80,84,147,43,126,245,3,22,235,0,True
EUW1_7609483833,15.23.726.9074,420,1538,CLASSIC,1,246,107,126,91,111,0,91,238,246,13,-1,27,80,134,221,201,904,31,133,145,555,1,True
EUW1_7609489661,15.23.726.9074,420,1568,CLASSIC,1,555,91,107,266,30,0,246,131,119,432,-1,41,799,127,429,37,31,950,163,145,12,1,True
EUW1_7609503651,15.23.726.9074,420,1745,CLASSIC,1,799,35,107,432,238,0,904,799,432,246,238,98,950,103,804,201,126,105,13,221,497,1,True
EUW1_7609534661,15.23.726.9074,420,1707,CLASSIC,0,145,55,92,24,555,1,517,238,799,432,904,41,246,84,50,526,27,266,112,901,78,0,True
EUW1_7609538561,15.23.726.9074,420,1264,CLASSIC,0,-1,238,245,555,904,1,497,35,246,3,134,897,30,84,81,43,799,59,69,800,432,0,True
EUW1_7609560841,15.23.726.9074,420,1773,CLASSIC,0,27,91,119,432,555,1,60,126,517,-1,800,904,62,163,145,89,68,799,6,221,12,0,True
EUW1_7609564763,15.23.726.9074,420,1890,CLASSIC,1,145,432,32,804,799,0,246,266,799,12,14,240,36,34,18,111,17,35,800,498,53,1,True
EUW1_7609585077,15.23.726.9074,420,1405,CLASSIC,0,91,80,-1,64,134,1,246,432,107,35,238,126,141,34,804,497,799,23,103,202,526,0,True
EUW1_7609607455,15.23.726.9074,420,1619,CLASSIC,0,555,28,92,246,13,1,799,804,55,-1,24,41,64,84,96,117,80,31,18,81,432,0,True
EUW1_7609651202,15.23.726.9074,420,1722,CLASSIC,1,91,117,78,238,145,0,246,64,35,875,432,904,266,163,69,37,58,59,3,221,43,1,True
EUW1_7609651843,15.23.726.9074,420,1879,CLASSIC,0,555,40,432,59,27,1,119,63,555,78,266,76,517,34,145,526,41,234,50,51,99,0,True
EUW1_7609661538,15.23.726.9074,420,1578,CLASSIC,0,107,2,134,35,904,1,432,246,40,61,126,799,154,90,21,37,266,238,893,202,518,0,True
EUW1_7609683279,15.23.726.9074,420,1288,CLASSIC,0,17,91,107,246,145,1,92,799,804,121,234,904,516,893,42,497,41,35,103,81,432,0,True
EUW1_7609713777,15.23.726.9074,420,947,CLASSIC,1,517,55,134,904,17,0,799,432,91,555,238,875,31,800,81,3,67,92,103,161,111,1,True
EUW1_7609734895,15.23.726.9074,420,1384,CLASSIC,1,24,238,69,246,201,0,166,-1,126,246,432,904,154,134,498,111,266,6,268,145,526,1,True
EUW1_7609744483,15.23.726.9074,420,1535,CLASSIC,0,59,41,432,555,904,1,119,246,799,163,904,897,31,34,18,16,887,56,893,804,78,0,True
EUW1_7609759972,15.23.726.9074,420,1560,CLASSIC,1,245,131,904,-1,893,0,555,91,799,-1,-1,897,76,41,145,111,777,31,69,81,432,1,True
EUW1_7609792917,15.23.726.9074,420,1125,CLASSIC,1,91,145,904,92,7,0,-1,245,904,78,246,41,107,893,51,43,166,238,163,81,555,1,True
EUW1_7609808561,15.23.726.9074,420,2529,CLASSIC,0,799,526,246,80,804,1,91,555,246,432,24,904,517,800,21,201,897,31,777,202,142,0,True
EUW1_7609825023,15.23.726.9074,420,1108,CLASSIC,0,897,91,804,238,136,1,117,246,904,107,266,58,517,360,21,555,41,799,84,15,235,0,True
EUW1_7609863560,15.23.726.9074,420,947,CLASSIC,0,92,134,517,246,432,1,904,246,91,804,134,83,421,34,21,518,126,11,103,498,201,0,True
EUW1_7609873229,15.23.726.9074,420,1476,CLASSIC,0,555,266,804,76,134,1,904,246,-1,799,432,41,131,202,157,12,68,59,58,360,40,0,True
EUW1_7609882851,15.23.726.9074,420,2268,CLASSIC,1,126,238,27,91,517,0,91,246,35,117,55,92,234,147,901,111,904,266,63,236,37,1,True
EUW1_7609896950,15.23.726.9074,420,1412,CLASSIC,1,78,163,35,799,24,0,246,53,233,799,904,126,54,14,429,40,114,91,517,22,201,1,True
EUW1_7609905675,15.23.726.9074,420,1283,CLASSIC,0,799,27,80,804,13,1,246,517,904,119,131,68,31,133,22,78,897,76,112,221,555,0,True
EUW1_7609921497,15.23.726.9074,420,1887,CLASSIC,0,-1,555,145,134,246,1,246,799,55,236,92,904,31,69,42,111,41,126,238,115,53,0,True
EUW1_7609940940,15.23.726.9074,420,2566,CLASSIC,0,27,92,91,432,201,1,246,43,799,67,904,887,234,13,202,111,106,62,163,50,497,0,True
EUW1_7609959806,15.23.726.9074,420,1727,CLASSIC,1,432,126,800,804,245,0,234,246,27,517,-1,6,121,134,22,60,69,5,39,63,526,1,True
EUW1_7610024860,15.23.726.9074,420,1329,CLASSIC,0,246,91,904,201,245,1,-1,91,-1,134,800,897,799,13,221,117,58,31,61,119,555,0,True
EUW1_7610051659,15.23.726.9074,420,942,CLASSIC,1,92,-1,-1,800,13,0,13,91,27,-1,904,98,31,84,221,80,126,799,34,133,526,1,True
EUW1_7610068646,15.23.726.9074,420,1130,CLASSIC,1,31,804,-1,904,13,0,800,-1,-1,91,555,68,799,84,202,80,897,516,61,221,142,1,True
EUW1_7610146764,15.23.726.9074,420,1754,CLASSIC,1,904,246,111,91,78,0,40,35,119,80,555,68,238,61,51,267,897,59,84,202,517,1,True
EUW1_7610150107,15.23.726.9074,420,1747,CLASSIC,0,40,246,427,3,799,1,246,421,-1,107,800,68,5,84,910,80,72,76,13,51,412,0,True
EUW1_7610155940,15.23.726.9074,420,1599,CLASSIC,1,555,61,14,91,800,0,7,91,107,145,904,92,245,3,804,53,58,517,157,21,518,1,True
EUW1_7610165621,15.23.726.9074,420,1786,CLASSIC,0,104,40,107,904,67,1,119,246,3,107,800,122,238,84,42,518,17,254,99,523,412,0,True
EUW1_7610174747,15.23.726.9074,420,1315,CLASSIC,1,114,246,800,119,61,0,121,246,711,800,119,904,517,134,804,40,75,48,84,222,412,1,True
EUW1_7610188176,15.23.726.9074,420,1571,CLASSIC,1,24,27,107,432,904,0,119,61,950,107,85,893,36,54,15,76,92,427,133,22,161,1,True
EUW1_7610191826,15.23.726.9074,420,1246,CLASSIC,1,111,555,91,7,92,0,203,59,67,799,246,41,517,157,498,350,19,54,904,145,526,1,True
EUW1_7610198899,15.23.726.9074,420,1271,CLASSIC,1,39,432,166,904,800,0,555,107,238,432,84,43,59,13,21,412,126,131,61,202,5,1,True
EUW1_7610209609,15.23.726.9074,420,1901,CLASSIC,0,91,517,27,799,13,1,56,107,42,55,98,240,60,39,21,897,887,238,134,202,432,0,True
EUW1_7610224932,15.23.726.9074,420,1545,CLASSIC,1,92,246,497,111,432,0,246,432,555,84,54,904,62,13,145,53,133,266,268,202,161,1,True
EUW1_7610235045,15.23.726.9074,420,913,CLASSIC,0,904,799,800,432,55,1,91,105,-1,-1,133,804,59,3,897,412,67,266,517,51,518,0,True
EUW1_7610240713,15.23.726.9074,420,959,CLASSIC,0,246,799,54,83,107,1,60,246,904,84,804,8,80,13,22,526,68,122,55,145,12,0,True
EUW1_7610245588,15.23.726.9074,420,2405,CLASSIC,0,517,799,119,555,-1,1,28,201,799,432,238,904,121,103,804,142,14,246,800,145,518,0,True
EUW1_7610248097,15.23.726.9074,420,1251,CLASSIC,1,432,517,7,54,238,0,555,904,240,35,111,68,246,157,202,32,106,107,711,804,40,1,True
EUW1_7610250622,15.23.726.9074,420,1715,CLASSIC,0,904,432,64,-1,14,1,107,35,55,432,27,17,121,103,21,31,68,59,268,202,98,0,True
EUW1_7610252136,15.23.726.9074,420,1330,CLASSIC,1,80,799,904,233,246,0,105,517,91,21,904,24,31,84,145,117,897,131,126,81,43,1,True
EUW1_7610269181,15.23.726.9074,420,1424,CLASSIC,1,-1,59,91,133,432,0,64,555,432,517,14,904,126,34,81,111,17,131,777,202,43,1,True
EUW1_7610271466,15.23.726.9074,420,1905,CLASSIC,1,246,91,78,-1,35,0,84,55,246,119,904,79,64,157,804,40,54,59,61,221,432,1,True
EUW1_7610285568,15.23.726.9074,420,927,CLASSIC,0,145,432,233,246,83,1,107,117,55,14,238,126,904,268,901,78,114,799,84,42,89,0,True
EUW1_7610285709,15.23.726.9074,420,1801,CLASSIC,0,78,114,59,246,432,1,432,246,80,904,27,897,799,134,145,555,58,950,893,236,497,0,True
EUW1_7610291118,15.23.726.9074,420,1826,CLASSIC,0,-1,92,432,13,42,1,246,24,555,517,238,41,60,904,18,526,19,76,103,804,43,0,True
EUW1_7610297559,15.23.726.9074,420,2276,CLASSIC,1,14,246,804,432,107,0,119,68,904,238,200,41,17,799,51,518,113,234,38,110,76,1,True
EUW1_7610300668,15.23.726.9074,420,1611,CLASSIC,1,35,432,201,360,55,0,246,-1,517,59,91,904,78,84,119,555,777,427,13,804,43,1,True
EUW1_7610311003,15.23.726.9074,420,2124,CLASSIC,0,91,799,131,904,80,1,432,55,246,35,122,887,59,13,804,497,150,105,142,21,78,0,True
EUW1_7610311427,15.23.726.9074,420,935,CLASSIC,0,24,246,91,950,432,1,246,-1,904,107,799,897,31,134,202,111,68,238,103,221,89,0,True
EUW1_7610325151,15.23.726.9074,420,1285,CLASSIC,1,31,24,246,800,91,0,246,904,804,92,497,799,266,112,81,432,41,234,134,202,111,1,True
EUW1_7610330391,15.23.726.9074,420,913,CLASSIC,1,432,14,904,799,119,0,555,35,11,68,800,17,238,84,18,32,887,59,134,221,43,1,True
EUW1_7610336596,15.23.726.9074,420,1887,CLASSIC,0,58,234,166,246,91,1,157,38,-1,119,246,904,20,105,21,111,17,266,55,202,12,0,True
EUW1_7610337749,15.23.726.9074,420,1991,CLASSIC,0,498,246,-1,799,27,1,18,40,61,76,92,904,59,134,145,60,31,427,238,202,432,0,True
EUW1_7610343186,15.23.726.9074,420,1733,CLASSIC,0,497,432,246,98,799,1,107,904,145,246,13,2,266,61,498,111,24,254,8,81,43,0,True
EUW1_7610345421,15.23.726.9074,420,1179,CLASSIC,0,-1,238,800,246,91,1,432,246,555,84,-1,39,31,777,51,111,904,126,13,42,267,0,True
EUW1_7610349434,15.23.726.9074,420,1507,CLASSIC,1,-1,432,92,800,-1,0,904,91,555,432,98,25,30,238,221,266,799,517,777,804,497,1,True
EUW1_7610362422,15.23.726.9074,420,1675,CLASSIC,1,13,-1,78,432,238,0,-1,904,432,131,246,84,107,43,18,526,39,799,518,221,76,1,True
EUW1_7610365403,15.23.726.9074,420,930,CLASSIC,0,166,555,111,17,107,1,76,246,27,91,904,58,799,245,804,43,893,92,163,21,497,0,True
EUW1_7610368203,15.23.726.9074,420,1883,CLASSIC,0,517,-1,55,92,119,1,246,498,-1,-1,517,41,91,142,236,267,904,799,134,360,526,0,True
EUW1_7610378045,15.23.726.9074,420,976,CLASSIC,0,27,804,84,904,800,1,555,904,-1,432,8,24,246,55,202,60,799,31,61,42,111,0,True
EUW1_7610383387,15.23.726.9074,420,1686,CLASSIC,0,30,238,904,777,804,1,904,30,799,105,40,14,76,13,22,555,114,517,157,202,432,0,True
EUW1_7610387273,15.23.726.9074,420,919,CLASSIC,1,800,904,58,131,246,0,-1,55,799,246,121,92,30,161,804,78,24,203,3,145,526,1,True
EUW1_7610400038,15.23.726.9074,420,1352,CLASSIC,0,28,904,799,-1,119,1,76,799,27,84,904,893,72,39,901,12,897,105,800,221,78,0,True
EUW1_7610405624,15.23.726.9074,420,1749,CLASSIC,1,27,-1,-1,799,804,0,91,904,246,107,-1,14,950,34,202,432,897,76,134,221,111,1,True
EUW1_7610409463,15.23.726.9074,420,1791,CLASSIC,0,84,-1,-1,246,-1,1,104,246,91,107,432,904,517,55,804,526,67,31,163,42,12,0,True
EUW1_7610417512,15.23.726.9074,420,1879,CLASSIC,1,246,254,904,-1,-1,0,76,122,432,-1,55,897,799,61,360,497,68,234,84,110,12,1,True
EUW1_7610419716,15.23.726.9074,420,1408,CLASSIC,1,432,-1,92,904,246,0,-1,107,432,91,233,41,59,134,21,78,799,516,238,800,497,1,True
EUW1_7610422194,15.23.726.9074,420,1433,CLASSIC,1,163,238,799,904,40,0,7,804,107,904,517,114,131,64,498,497,68,54,157,202,432,1,True
EUW1_7610431306,15.23.726.9074,420,1748,CLASSIC,0,119,246,238,122,904,1,800,-1,91,84,432,799,72,61,202,412,68,92,134,221,497,0,True
EUW1_7610448075,15.23.726.9074,420,1807,CLASSIC,1,107,799,555,7,122,0,432,-1,517,14,555,904,126,101,42,111,17,246,103,21,142,1,True
EUW1_7610454852,15.23.726.9074,420,1896,CLASSIC,1,40,804,64,119,-1,0,804,91,84,107,76,893,59,39,55,89,904,121,711,29,497,1,True
EUW1_7610459894,15.23.726.9074,420,1676,CLASSIC,1,54,904,246,107,40,0,246,92,-1,55,432,150,5,76,800,497,24,31,61,236,43,1,True
EUW1_7610465545,15.23.726.9074,420,914,CLASSIC,1,24,76,804,245,55,0,904,-1,134,-1,91,126,143,64,202,432,114,246,84,81,526,1,True
EUW1_7610470293,15.23.726.9074,420,1691,CLASSIC,1,246,27,91,24,78,0,526,238,59,799,904,67,950,134,21,154,39,266,45,221,6,1,True
EUW1_7610490139,15.23.726.9074,420,1565,CLASSIC,1,64,893,246,17,799,0,122,432,804,799,134,904,427,517,523,12,85,234,90,18,902,1,True
EUW1_7610491177,15.23.726.9074,420,1879,CLASSIC,1,799,432,904,27,92,0,804,78,904,40,112,85,121,800,498,497,84,517,133,21,57,1,True
EUW1_7610497003,15.23.726.9074,420,1866,CLASSIC,1,238,84,91,55,526,0,35,-1,799,166,40,114,104,800,134,117,904,266,10,910,432,1,True
EUW1_7610499239,15.23.726.9074,420,1941,CLASSIC,1,904,30,800,11,200,0,18,246,800,904,432,126,107,163,498,53,92,120,4,429,37,1,True
EUW1_7610510506,15.23.726.9074,420,932,CLASSIC,1,55,122,-1,904,91,0,804,134,131,107,799,68,59,142,81,497,897,76,69,42,412,1,True
EUW1_7610518877,15.23.726.9074,420,1477,CLASSIC,1,-1,555,238,-1,246,0,98,800,517,497,77,904,31,61,110,43,68,799,518,119,111,1,True
EUW1_7610520047,15.23.726.9074,420,1556,CLASSIC,0,200,555,27,246,904,1,799,246,104,-1,-1,14,421,134,18,267,114,30,238,800,12,0,True
EUW1_7610530763,15.23.726.9074,420,2056,CLASSIC,1,432,517,246,122,92,0,246,517,119,800,799,904,36,61,523,111,77,91,163,236,37,1,True
EUW1_7610539512,15.23.726.9074,420,1806,CLASSIC,1,246,904,134,799,91,0,31,-1,904,134,799,14,238,39,800,89,421,126,90,21,432,1,True
EUW1_7610547022,15.23.726.9074,420,1419,CLASSIC,1,-1,78,59,40,432,0,40,804,432,133,98,84,107,904,202,518,45,131,2,22,497,1,True
EUW1_7610551798,15.23.726.9074,420,1415,CLASSIC,0,-1,432,7,266,114,1,246,114,107,555,119,58,30,904,145,80,150,799,31,236,37,0,True
EUW1_7610561710,15.23.726.9074,420,1775,CLASSIC,1,799,904,246,133,145,0,91,246,904,126,-1,897,421,800,15,432,86,92,84,67,89,1,True
EUW1_7610572074,15.23.726.9074,420,1832,CLASSIC,1,107,40,30,91,799,0,58,-1,799,246,-1,67,64,134,81,89,92,31,157,145,518,1,True
EUW1_7610572852,15.23.726.9074,420,2286,CLASSIC,0,104,13,122,432,134,1,7,555,246,107,238,24,30,133,69,89,39,131,61,21,12,0,True
EUW1_7610579484,15.23.726.9074,420,2050,CLASSIC,1,800,92,904,84,14,0,55,904,145,91,92,17,799,134,119,26,80,106,142,96,201,1,True
EUW1_7610581312,15.23.726.9074,420,2345,CLASSIC,0,-1,107,40,-1,904,1,92,78,518,-1,238,266,126,84,202,432,41,517,163,51,350,0,True
EUW1_7610596162,15.23.726.9074,420,2117,CLASSIC,0,904,154,246,59,40,1,804,122,904,131,246,84,56,134,18,432,3,76,777,202,111,0,True
EUW1_7610598961,15.23.726.9074,420,1987,CLASSIC,1,64,246,238,7,799,0,119,266,91,7,904,68,121,893,51,76,14,59,134,110,432,1,True
EUW1_7610611927,15.23.726.9074,420,1535,CLASSIC,1,432,246,238,84,31,0,58,91,904,84,799,266,421,55,147,12,875,30,517,202,555,1,True
EUW1_7610628844,15.23.726.9074,420,1394,CLASSIC,0,35,800,904,119,-1,1,904,799,432,901,40,114,126,245,29,201,897,64,517,134,497,0,True
EUW1_7610642709,15.23.726.9074,420,1530,CLASSIC,0,134,119,517,904,114,1,804,-1,98,799,904,14,31,69,42,43,82,266,800,81,235,0,True
EUW1_7610649847,15.23.726.9074,420,1677,CLASSIC,0,-1,238,555,246,-1,1,76,13,799,555,67,904,14,893,901,43,887,105,133,119,16,0,True
EUW1_7610656784,15.23.726.9074,420,1352,CLASSIC,0,-1,91,145,166,799,1,246,799,13,7,35,904,59,101,202,111,8,120,800,18,432,0,True
EUW1_7610658484,15.23.726.9074,420,1478,CLASSIC,0,76,78,27,-1,799,1,238,40,804,555,799,43,107,126,145,518,39,203,163,202,142,0,True
EUW1_7610690565,15.23.726.9074,420,1651,CLASSIC,0,233,904,134,246,98,1,90,246,55,799,904,68,126,84,145,111,897,234,1,800,555,0,True
EUW1_7610693295,15.23.726.9074,420,926,CLASSIC,1,126,107,246,432,84,0,904,126,246,517,-1,83,799,55,523,235,6,516,800,202,40,1,True
EUW1_7610710978,15.23.726.9074,420,1706,CLASSIC,1,8,154,904,-1,901,0,8,800,246,517,119,41,54,518,18,80,68,104,55,804,37,1,True
EUW1_7610726279,15.23.726.9074,420,1576,CLASSIC,1,238,904,800,24,134,0,555,246,120,-1,84,39,266,69,22,147,777,31,245,157,518,1,True
EUW1_7610752863,15.23.726.9074,420,2137,CLASSIC,0,-1,13,799,107,432,1,800,246,40,84,-1,68,517,91,498,164,904,950,7,115,78,0,True
EUW1_7610765283,15.23.726.9074,420,1852,CLASSIC,1,246,555,107,432,904,0,432,245,-1,518,904,92,799,8,145,43,85,266,103,51,164,1,True
EUW1_7610769947,15.23.726.9074,420,1822,CLASSIC,1,78,246,54,36,7,0,24,800,43,91,799,904,266,84,202,141,58,35,3,518,89,1,True
EUW1_7610808263,15.23.726.9074,420,1868,CLASSIC,0,238,67,800,555,804,1,67,61,133,804,893,904,799,163,81,432,777,105,517,202,53,0,True
EUW1_7610822210,15.23.726.9074,420,1944,CLASSIC,1,904,555,-1,145,432,0,90,13,112,91,804,86,246,163,30,142,41,799,84,133,60,1,True
EUW1_7610828968,15.23.726.9074,420,1765,CLASSIC,0,134,39,246,92,804,1,246,799,43,35,904,41,64,61,69,497,126,36,910,901,40,0,True
EUW1_7610833060,15.23.726.9074,420,911,CLASSIC,0,517,69,84,119,432,1,799,-1,36,800,-1,58,54,134,42,89,904,60,246,145,497,0,True
EUW1_7610836834,15.23.726.9074,420,1707,CLASSIC,0,517,55,904,950,-1,1,799,238,904,893,246,114,105,126,119,518,36,203,84,236,201,0,True
EUW1_7610839202,15.23.726.9074,420,2201,CLASSIC,1,157,555,246,91,-1,0,246,432,799,92,517,14,31,3,202,43,875,54,245,950,53,1,True
EUW1_7610867973,15.23.726.9074,420,1622,CLASSIC,1,91,-1,246,134,107,0,432,901,92,119,91,904,31,133,145,235,799,516,90,21,111,1,True
EUW1_7610883110,15.23.726.9074,420,1767,CLASSIC,0,246,107,98,804,40,1,246,893,432,7,163,68,234,84,81,164,13,31,157,21,43,0,True
EUW1_7610901650,15.23.726.9074,420,1311,CLASSIC,1,800,246,92,804,91,0,-1,36,904,238,119,41,56,39,245,526,58,517,163,51,12,1,True
EUW1_7610907699,15.23.726.9074,420,1253,CLASSIC,1,555,11,904,91,-1,0,35,92,799,904,78,24,59,134,18,50,897,120,115,429,412,1,True
EUW1_7610920405,15.23.726.9074,420,1303,CLASSIC,0,107,84,904,246,14,1,91,34,92,517,246,17,950,13,804,12,85,54,238,145,89,0,True
EUW1_7610941708,15.23.726.9074,420,1415,CLASSIC,1,-1,84,35,-1,904,0,91,238,246,555,-1,41,799,245,18,76,266,31,112,804,78,1,True
EUW1_7610952793,15.23.726.9074,420,1445,CLASSIC,1,91,36,246,107,163,0,122,76,950,901,246,904,60,134,145,12,24,238,90,202,89,1,True
EUW1_7610962513,15.23.726.9074,420,1685,CLASSIC,1,84,238,81,904,163,0,54,893,40,804,246,164,126,910,202,60,67,516,39,115,111,1,True
EUW1_7610977096,15.23.726.9074,420,2262,CLASSIC,0,238,517,904,246,-1,1,55,92,-1,91,115,799,154,245,901,432,897,200,142,145,555,0,True
EUW1_7611001756,15.23.726.9074,420,1586,CLASSIC,0,131,35,-1,246,67,1,804,126,555,432,13,897,76,904,42,43,92,427,91,22,111,0,True
EUW1_7611009619,15.23.726.9074,420,1910,CLASSIC,0,112,107,432,-1,246,1,91,246,555,517,107,84,31,134,145,526,904,799,13,51,201,0,True
EUW1_7611021864,15.23.726.9074,420,2133,CLASSIC,0,246,78,98,245,901,1,555,98,-1,904,246,2,238,134,804,432,84,154,777,145,518,0,True
EUW1_7611039348,15.23.726.9074,420,1672,CLASSIC,0,518,246,54,107,91,1,238,78,92,246,107,67,799,8,51,12,41,31,163,202,111,0,True
EUW1_7611065465,15.23.726.9074,420,1926,CLASSIC,0,-1,31,555,133,40,1,91,266,76,-1,238,904,126,84,901,432,893,799,134,804,89,0,True
EUW1_7611091454,15.23.726.9074,420,1808,CLASSIC,0,246,-1,799,58,91,1,246,901,517,166,91,23,200,134,804,76,904,245,90,51,43,0,True
EUW1_7611104119,15.23.726.9074,420,954,CLASSIC,0,804,91,799,69,897,1,799,31,91,78,246,114,266,3,202,432,126,105,134,221,555,0,True
EUW1_7611104592,15.23.726.9074,420,1113,CLASSIC,0,91,119,904,54,-1,1,14,7,904,25,40,41,799,800,221,78,92,246,142,163,526,0,True
EUW1_7611119789,15.23.726.9074,420,1473,CLASSIC,1,246,238,107,432,92,0,114,91,799,804,246,904,266,163,18,60,41,54,517,22,201,1,True
EUW1_7611143789,15.23.726.9074,420,2681,CLASSIC,1,432,245,40,107,246,0,555,27,246,92,238,150,799,112,84,518,41,31,134,221,526,1,True
EUW1_7611165911,15.23.726.9074,420,1763,CLASSIC,0,31,111,555,901,904,1,246,91,799,68,150,893,126,90,221,526,92,106,26,51,235,0,True
EUW1_7611182892,15.23.726.9074,420,1147,CLASSIC,1,804,27,131,13,98,0,799,133,246,41,245,14,76,91,21,89,68,126,1,202,432,1,True
EUW1_7611200263,15.23.726.9074,420,1410,CLASSIC,1,122,555,54,36,799,0,78,38,111,800,904,67,60,126,202,432,114,246,518,69,142,1,True
EUW1_7611211211,15.23.726.9074,420,2590,CLASSIC,1,904,55,91,238,107,0,799,92,904,555,107,14,62,800,29,267,122,245,133,119,80,1,True
EUW1_7611227403,15.23.726.9074,420,1699,CLASSIC,1,136,904,799,804,432,0,92,27,246,904,245,107,517,61,22,201,41,31,777,202,89,1,True
EUW1_7611230998,15.23.726.9074,420,1813,CLASSIC,0,40,30,246,432,-1,1,133,246,131,238,904,126,266,84,800,526,887,76,777,901,12,0,True
EUW1_7611251842,15.23.726.9074,420,1717,CLASSIC,0,246,799,117,105,91,1,799,133,-1,27,-1,904,60,13,15,201,24,517,34,804,12,0,True
EUW1_7611258162,15.23.726.9074,420,1625,CLASSIC,1,904,245,893,145,122,0,246,55,904,555,800,887,799,126,119,164,58,238,84,202,432,1,True
EUW1_7611263703,15.23.726.9074,420,946,CLASSIC,1,-1,122,201,901,432,0,246,150,78,3,163,421,904,90,30,111,897,799,245,119,526,1,True
EUW1_7611287038,15.23.726.9074,420,1820,CLASSIC,0,131,555,804,432,67,1,27,40,904,92,799,86,76,18,202,142,41,246,105,800,526,0,True
EUW1_7611308564,15.23.726.9074,420,1490,CLASSIC,1,133,27,166,246,804,0,61,-1,238,432,799,904,31,157,22,497,266,105,145,202,57,1,True
EUW1_7611309497,15.23.726.9074,420,1628,CLASSIC,0,-1,8,24,799,804,1,43,804,555,799,85,68,517,39,202,44,897,266,163,50,235,0,True
EUW1_7611313399,15.23.726.9074,420,1296,CLASSIC,0,246,84,904,432,91,1,246,13,80,555,90,893,64,245,202,60,104,54,517,804,235,0,True
EUW1_7611313864,15.23.726.9074,420,2271,CLASSIC,1,24,246,799,266,28,0,134,136,114,904,92,39,36,163,901,12,126,517,45,81,555,1,True
EUW1_7611339905,15.23.726.9074,420,2434,CLASSIC,0,119,904,67,64,134,1,78,432,68,13,119,875,59,910,202,25,114,107,8,18,412,0,True
EUW1_7611347618,15.23.726.9074,420,1671,CLASSIC,0,246,799,245,517,555,1,246,893,45,136,80,266,54,238,115,111,150,234,84,29,432,0,True
EUW1_7611349685,15.23.726.9074,420,915,CLASSIC,1,432,92,245,555,39,0,246,8,40,91,157,893,904,799,115,111,74,31,84,119,78,1,True
EUW1_7611366687,15.23.726.9074,420,1634,CLASSIC,0,238,800,134,136,24,1,517,78,432,799,91,904,246,69,18,53,421,120,163,429,518,0,True
EUW1_7611378925,15.23.726.9074,420,1626,CLASSIC,1,246,238,69,91,119,0,7,111,134,432,238,24,904,103,498,497,61,105,39,202,555,1,True
EUW1_7611388091,15.23.726.9074,420,2480,CLASSIC,0,518,432,238,246,233,1,246,432,91,555,904,58,516,25,523,412,14,799,163,15,43,0,True
EUW1_7611400723,15.23.726.9074,420,1337,CLASSIC,1,60,7,555,31,64,0,48,111,119,91,68,83,121,517,145,40,150,54,13,202,267,1,True
EUW1_7611420187,15.23.726.9074,420,1683,CLASSIC,0,555,246,18,166,134,1,63,904,12,119,114,39,91,238,29,43,54,30,126,202,111,0,True
EUW1_7611423220,15.23.726.9074,420,1613,CLASSIC,1,78,40,92,119,121,0,98,201,91,904,3,79,141,84,157,526,58,246,7,15,12,1,True
EUW1_7611431741,15.23.726.9074,420,1365,CLASSIC,0,799,246,119,238,555,1,43,555,80,7,246,39,131,166,145,99,24,91,101,901,40,0,True
EUW1_7611436725,15.23.726.9074,420,2038,CLASSIC,0,40,61,164,5,904,1,904,246,105,119,107,86,59,84,202,43,64,17,34,804,526,0,True
EUW1_7611450310,15.23.726.9074,420,1467,CLASSIC,0,35,84,904,91,24,1,517,7,53,555,121,39,234,134,804,32,126,203,45,22,518,0,True
EUW1_7611450806,15.23.726.9074,420,1595,CLASSIC,0,80,-1,119,91,7,1,904,35,157,-1,114,24,517,161,202,555,6,107,126,910,99,0,True
EUW1_7611453658,15.23.726.9074,420,2014,CLASSIC,1,246,115,143,238,24,0,40,119,412,111,238,904,91,38,15,518,126,92,84,145,555,1,True
EUW1_7611457274,15.23.726.9074,420,1901,CLASSIC,0,555,61,904,83,517,1,18,107,-1,904,114,26,54,800,110,235,6,799,134,29,12,0,True
EUW1_7611472759,15.23.726.9074,420,1644,CLASSIC,0,27,904,555,254,107,1,91,904,126,84,799,113,246,112,221,99,114,14,134,800,43,0,True
EUW1_7611478036,15.23.726.9074,420,1408,CLASSIC,0,-1,61,78,-1,-1,1,555,134,64,114,804,904,72,112,236,43,31,91,777,800,235,0,True
EUW1_7611489052,15.23.726.9074,420,1771,CLASSIC,0,799,91,904,24,121,1,51,246,-1,904,91,157,14,18,800,43,31,266,84,81,432,0,True
EUW1_7611490693,15.23.726.9074,420,1850,CLASSIC,1,54,111,799,800,238,0,555,950,266,246,517,904,31,268,18,43,82,121,245,51,267,1,True
EUW1_7611496683,15.23.726.9074,420,1769,CLASSIC,1,107,114,-1,91,-1,0,30,91,904,432,84,777,36,31,429,111,887,799,134,69,12,1,True
EUW1_7611498510,15.23.726.9074,420,1882,CLASSIC,1,887,107,201,555,166,0,145,40,39,61,91,904,131,7,119,412,85,5,711,81,29,1,True
EUW1_7611511051,15.23.726.9074,420,2065,CLASSIC,0,799,904,246,91,119,1,163,78,54,246,92,58,30,221,15,43,122,64,112,51,25,0,True
EUW1_7611514657,15.23.726.9074,420,1162,CLASSIC,1,518,234,84,246,31,0,-1,804,107,800,91,904,76,134,21,37,67,238,157,63,267,1,True
EUW1_7611521690,15.23.726.9074,420,1611,CLASSIC,1,799,55,126,904,-1,0,91,555,117,107,432,6,76,13,145,57,10,59,84,804,40,1,True
EUW1_7611528399,15.23.726.9074,420,1110,CLASSIC,0,24,799,800,119,107,1,246,91,39,904,-1,19,121,34,221,32,893,950,61,18,350,0,True
EUW1_7611529984,15.23.726.9074,420,1657,CLASSIC,0,107,901,804,-1,518,1,804,555,91,432,904,31,246,90,29,497,887,5,134,42,43,0,True
EUW1_7611537144,15.23.726.9074,420,1365,CLASSIC,1,800,904,246,432,150,0,107,246,119,555,7,98,64,61,51,43,240,799,13,115,147,1,True
EUW1_7611549898,15.23.726.9074,420,2007,CLASSIC,1,432,238,246,67,800,0,246,117,904,36,517,122,200,13,202,555,85,799,69,145,111,1,True
EUW1_7611551138,15.23.726.9074,420,1887,CLASSIC,1,799,55,904,107,517,0,799,24,131,-1,27,31,126,103,110,432,39,76,61,81,32,1,True
EUW1_7611566118,15.23.726.9074,420,1650,CLASSIC,0,246,266,40,76,54,1,517,84,-1,246,904,6,60,39,804,111,887,154,134,51,78,0,True
EUW1_7611582674,15.23.726.9074,420,258,CLASSIC,0,246,432,107,24,950,1,804,119,-1,91,107,904,31,61,18,40,893,799,800,22,201,0,True
EUW1_7611586245,15.23.726.9074,420,1371,CLASSIC,0,893,107,201,555,105,1,804,904,107,432,91,887,246,84,222,111,24,799,163,22,517,0,True
EUW1_7611591051,15.23.726.9074,420,1678,CLASSIC,0,799,238,107,91,131,1,904,54,107,90,799,76,30,126,236,53,133,246,134,18,432,0,True
EUW1_7611599082,15.23.726.9074,420,1882,CLASSIC,1,150,432,804,555,78,0,27,238,904,119,114,897,131,39,63,111,799,246,800,115,89,1,True
EUW1_7611605617,15.23.726.9074,420,2086,CLASSIC,1,121,78,432,24,104,0,114,246,-1,43,517,904,107,84,119,526,266,91,103,145,12,1,True
EUW1_7611613366,15.23.726.9074,420,1730,CLASSIC,0,92,91,-1,7,432,1,22,246,238,904,13,799,517,134,15,117,58,516,245,145,526,0,True
EUW1_7611617860,15.23.726.9074,420,1781,CLASSIC,0,-1,201,432,14,107,1,157,238,517,78,432,904,799,163,119,526,54,64,99,21,43,0,True
EUW1_7611643081,15.23.726.9074,420,1455,CLASSIC,1,-1,84,98,91,32,0,68,904,201,60,107,893,799,777,81,497,80,234,112,119,555,1,True
EUW1_7611644520,15.23.726.9074,420,2060,CLASSIC,0,555,68,238,107,904,1,904,55,-1,517,246,114,126,3,110,142,58,799,103,15,432,0,True
EUW1_7611647280,15.23.726.9074,420,1763,CLASSIC,0,904,78,40,91,432,1,-1,555,904,61,92,799,107,84,202,60,83,14,8,51,43,0,True
EUW1_7611652664,15.23.726.9074,420,1017,CLASSIC,1,518,150,84,246,555,0,131,119,432,266,92,897,799,55,51,40,887,904,166,901,76,1,True
EUW1_7611653073,15.23.726.9074,420,922,CLASSIC,1,517,238,201,432,91,0,91,7,246,114,555,54,76,18,119,80,904,799,245,81,43,1,True
EUW1_7611662036,15.23.726.9074,420,1920,CLASSIC,1,804,18,24,134,246,0,-1,238,901,92,91,904,31,245,202,432,36,200,799,90,517,1,True
EUW1_7611672534,15.23.726.9074,420,2272,CLASSIC,0,432,98,904,246,238,1,904,432,799,555,54,897,203,134,22,143,516,266,103,202,76,0,True
EUW1_7611673410,15.23.726.9074,420,1487,CLASSIC,1,-1,74,59,8,131,0,74,21,107,7,-1,13,126,517,18,80,904,56,245,202,201,1,True
EUW1_7611678194,15.23.726.9074,420,1498,CLASSIC,1,98,107,246,904,432,0,-1,799,91,60,84,68,20,39,202,518,126,143,55,804,80,1,True
EUW1_7611689637,15.23.726.9074,420,2348,CLASSIC,0,517,119,134,126,904,1,555,40,91,-1,893,74,799,90,110,53,98,104,39,81,43,0,True
EUW1_7611707125,15.23.726.9074,420,1362,CLASSIC,1,517,91,-1,234,200,0,904,107,68,119,432,799,59,518,221,164,114,131,90,901,43,1,True
EUW1_7611713222,15.23.726.9074,420,1364,CLASSIC,0,107,904,432,61,117,1,78,904,163,92,432,799,266,910,18,89,31,64,134,81,16,0,True
EUW1_7611727769,15.23.726.9074,420,1708,CLASSIC,0,432,35,799,804,134,1,31,10,120,27,904,98,54,517,15,518,875,17,6,145,526,0,True
EUW1_7611733786,15.23.726.9074,420,1137,CLASSIC,1,517,246,134,432,91,0,904,91,238,60,32,799,20,26,22,555,54,36,800,145,80,1,True
EUW1_7611740519,15.23.726.9074,420,1233,CLASSIC,1,904,119,238,91,-1,0,555,55,517,92,134,897,799,901,145,103,126,246,90,202,432,1,True
EUW1_7611744794,15.23.726.9074,420,1739,CLASSIC,1,92,238,136,43,90,0,145,76,799,126,904,897,131,8,81,497,74,56,18,800,526,1,True
EUW1_7611750190,15.23.726.9074,420,1141,CLASSIC,0,91,107,799,-1,98,1,78,238,163,117,98,24,266,7,81,40,2,904,84,21,432,0,True
EUW1_7611770795,15.23.726.9074,420,1535,CLASSIC,1,904,432,91,799,134,0,804,517,84,904,246,150,516,90,42,111,58,31,147,51,201,1,True
EUW1_7611775002,15.23.726.9074,420,1783,CLASSIC,1,119,246,904,68,91,0,126,84,517,142,-1,114,799,800,429,12,27,203,55,21,80,1,True
EUW1_7611785567,15.23.726.9074,420,1555,CLASSIC,0,-1,245,27,92,246,1,134,432,67,-1,266,126,54,61,21,111,41,30,26,22,201,0,True
EUW1_7611789370,15.23.726.9074,420,1717,CLASSIC,0,107,904,432,134,799,1,40,246,126,145,238,800,59,14,18,37,74,131,39,81,53,0,True
EUW1_7611803422,15.23.726.9074,420,1507,CLASSIC,1,105,43,266,246,904,0,246,114,92,91,84,58,234,13,15,412,54,799,163,235,31,1,True
EUW1_7611809814,15.23.726.9074,420,1023,CLASSIC,1,246,254,266,555,61,0,91,60,-1,90,246,106,31,163,221,40,904,517,142,21,80,1,True
EUW1_7611821575,15.23.726.9074,420,1390,CLASSIC,0,518,150,904,555,55,1,804,-1,246,107,126,897,799,245,51,111,27,92,134,15,432,0,True
EUW1_7611826234,15.23.726.9074,420,1600,CLASSIC,1,91,107,-1,-1,163,0,904,92,27,246,26,887,799,84,22,497,41,266,134,119,78,1,True
EUW1_7611842479,15.23.726.9074,420,1577,CLASSIC,1,432,134,238,246,-1,0,-1,246,-1,432,27,904,76,69,21,555,266,31,51,22,117,1,True
EUW1_7611846245,15.23.726.9074,420,1707,CLASSIC,0,904,107,799,126,246,1,78,40,92,432,119,74,56,42,61,89,31,517,39,81,526,0,True
EUW1_7611853152,15.23.726.9074,420,1716,CLASSIC,1,518,163,517,904,24,0,799,91,-1,107,21,110,246,13,804,37,68,121,777,202,53,1,True
EUW1_7611853290,15.23.726.9074,420,1302,CLASSIC,1,166,246,904,235,432,0,555,804,61,36,246,126,60,163,157,497,14,799,55,901,80,1,True
EUW1_7611871500,15.23.726.9074,420,1382,CLASSIC,1,91,555,904,58,134,0,55,-1,432,54,804,92,799,26,498,111,24,105,777,51,37,1,True
EUW1_7611873659,15.23.726.9074,420,848,CLASSIC,0,107,432,55,904,136,1,799,35,804,800,98,897,60,84,21,111,164,266,142,119,201,0,True
EUW1_7611877374,15.23.726.9074,420,1384,CLASSIC,1,92,-1,84,104,60,0,246,904,800,54,8,41,30,517,81,555,48,799,34,22,12,1,True
EUW1_7611893848,15.23.726.9074,420,1416,CLASSIC,1,61,126,-1,119,91,0,432,67,157,904,246,517,131,122,81,12,54,64,34,222,40,1,True
EUW1_7611894556,15.23.726.9074,420,1239,CLASSIC,1,246,904,799,-1,43,0,7,92,555,904,145,150,234,134,21,40,36,31,91,800,267,1,True
EUW1_7611894660,15.23.726.9074,420,2032,CLASSIC,0,246,84,432,83,59,1,432,804,904,27,107,126,131,112,51,518,799,266,134,145,60,0,True
EUW1_7611900474,15.23.726.9074,420,1099,CLASSIC,0,246,799,30,78,432,1,40,517,107,432,98,154,254,163,145,32,114,60,39,901,201,0,True
EUW1_7611908891,15.23.726.9074,420,1329,CLASSIC,0,43,78,-1,51,107,1,555,13,145,-1,904,36,126,84,901,518,79,799,133,202,432,0,True
EUW1_7611921355,15.23.726.9074,420,2233,CLASSIC,0,41,126,136,92,555,1,119,107,98,-1,-1,74,246,904,21,526,24,517,22,81,103,0,True
EUW1_7611921881,15.23.726.9074,420,929,CLASSIC,1,64,904,31,238,54,0,200,89,904,84,246,126,91,55,202,432,39,141,43,22,111,1,True
EUW1_7611925603,15.23.726.9074,420,1942,CLASSIC,1,92,904,78,91,432,0,202,904,119,799,950,21,126,34,897,497,79,143,110,51,43,1,True
EUW1_7611930771,15.23.726.9074,420,2256,CLASSIC,1,246,799,39,-1,-1,0,84,78,-1,804,98,24,60,238,236,432,85,36,55,202,497,1,True
EUW1_7611932535,15.23.726.9074,420,1339,CLASSIC,1,104,904,246,134,39,0,800,107,92,432,119,166,30,69,18,53,1,59,91,804,117,1,True
EUW1_7611938882,15.23.726.9074,420,1814,CLASSIC,0,64,126,904,432,84,1,68,904,432,40,64,6,59,134,51,518,114,91,39,115,142,0,True
EUW1_7611945604,15.23.726.9074,420,1923,CLASSIC,1,432,107,141,91,799,0,91,107,119,-1,517,904,54,163,15,89,893,14,800,145,111,1,True
EUW1_7611948934,15.23.726.9074,420,1534,CLASSIC,1,13,246,904,804,91,0,51,98,432,246,27,85,517,799,202,78,266,234,84,145,518,1,True
EUW1_7611958430,15.23.726.9074,420,1764,CLASSIC,1,55,246,7,904,432,0,246,134,799,-1,517,69,92,800,804,111,67,91,910,18,80,1,True
EUW1_7611975688,15.23.726.9074,420,1667,CLASSIC,0,555,69,35,91,119,1,555,107,30,517,134,897,246,3,15,76,904,245,18,22,43,0,True
EUW1_7611977326,15.23.726.9074,420,1992,CLASSIC,1,904,555,92,432,91,0,804,92,432,91,13,31,799,800,202,89,41,266,133,115,60,1,True
EUW1_7611989279,15.23.726.9074,420,1697,CLASSIC,1,904,126,40,27,78,0,55,432,-1,27,804,74,64,39,202,526,107,246,61,21,60,1,True
EUW1_7611997347,15.23.726.9074,420,2020,CLASSIC,1,432,555,799,893,35,0,107,64,526,80,98,79,266,163,236,201,2,91,24,145,53,1,True
EUW1_7612005241,15.23.726.9074,420,1579,CLASSIC,1,246,58,804,904,78,0,91,555,246,904,36,92,517,39,134,111,266,799,13,236,201,1,True
EUW1_7612026148,15.23.726.9074,420,1652,CLASSIC,1,-1,78,-1,136,238,0,35,68,91,-1,799,904,246,163,22,154,114,517,804,119,16,1,True
EUW1_7612031238,15.23.726.9074,420,1758,CLASSIC,0,107,904,799,142,800,1,432,39,246,119,92,79,266,34,895,497,897,59,163,221,201,0,True
EUW1_7612037540,15.23.726.9074,420,2047,CLASSIC,1,91,517,238,246,136,0,114,901,432,246,517,904,64,61,21,518,266,245,103,221,117,1,True
EUW1_7612054347,15.23.726.9074,420,1889,CLASSIC,0,60,432,115,904,517,1,64,80,246,84,133,799,131,157,202,526,58,31,134,81,555,0,True
EUW1_7612070669,15.23.726.9074,420,1331,CLASSIC,1,30,799,432,51,893,0,53,30,39,76,238,904,64,517,134,111,8,91,14,804,201,1,True
EUW1_7612084050,15.23.726.9074,420,926,CLASSIC,1,904,27,-1,78,107,0,22,105,266,68,904,897,31,34,119,518,114,20,81,202,432,1,True
EUW1_7612089884,15.23.726.9074,420,1628,CLASSIC,1,804,-1,79,91,136,0,238,799,111,432,92,904,31,38,498,235,266,517,163,202,16,1,True
EUW1_7612105238,15.23.726.9074,420,2168,CLASSIC,1,78,904,126,517,555,0,904,254,901,119,27,516,107,518,18,12,887,246,90,145,526,1,True
EUW1_7612123904,15.23.726.9074,420,1556,CLASSIC,0,555,-1,55,114,136,1,40,119,555,107,68,36,126,238,800,44,2,54,1,236,526,0,True
EUW1_7612141548,15.23.726.9074,420,2145,CLASSIC,1,432,98,904,799,111,0,54,246,64,119,31,68,266,134,18,526,875,59,61,800,497,1,True
EUW1_7612147113,15.23.726.9074,420,1630,CLASSIC,1,114,119,13,92,799,0,246,904,14,91,799,36,31,55,804,117,85,48,893,67,43,1,True
EUW1_7612148990,15.23.726.9074,420,911,CLASSIC,1,98,-1,432,950,800,0,555,800,163,107,84,2,131,91,21,111,14,799,893,18,37,1,True
EUW1_7612165958,15.23.726.9074,420,911,CLASSIC,1,78,904,24,246,58,0,91,246,92,904,804,23,5,163,157,43,41,59,61,202,89,1,True
EUW1_7612173214,15.23.726.9074,420,2037,CLASSIC,1,238,555,432,804,76,0,55,432,30,246,35,904,78,163,136,526,893,799,4,498,111,1,True
EUW1_7612183689,15.23.726.9074,420,912,CLASSIC,1,555,432,92,238,78,0,91,432,246,901,904,68,163,14,22,526,122,20,90,202,12,1,True
EUW1_7612184040,15.23.726.9074,420,967,CLASSIC,1,78,904,432,145,68,0,246,245,107,432,234,114,62,103,202,497,31,799,134,804,117,1,True
EUW1_7612214126,15.23.726.9074,420,1553,CLASSIC,0,78,432,13,517,107,1,15,27,30,799,40,245,59,55,429,201,84,246,904,119,555,0,True
EUW1_7612222143,15.23.726.9074,420,2580,CLASSIC,1,30,799,238,432,27,0,8,133,39,238,800,904,107,34,115,25,58,20,777,143,267,1,True
EUW1_7612233484,15.23.726.9074,420,1798,CLASSIC,0,107,91,145,238,904,1,114,246,804,24,904,69,98,163,51,555,39,799,1,115,432,0,True
EUW1_7612243372,15.23.726.9074,420,1657,CLASSIC,0,58,804,92,76,246,1,39,-1,238,136,246,904,799,38,145,518,68,203,34,523,235,0,True
EUW1_7612257106,15.23.726.9074,420,924,CLASSIC,0,92,58,904,27,136,1,54,246,91,119,7,799,517,131,21,897,893,59,163,202,432,0,True
EUW1_7612273585,15.23.726.9074,420,2161,CLASSIC,1,27,84,61,246,555,0,904,432,800,804,126,266,56,3,202,497,6,60,893,22,888,1,True
EUW1_7612294238,15.23.726.9074,420,1628,CLASSIC,1,35,39,91,245,246,0,904,246,432,119,92,238,59,134,15,43,897,799,800,18,12,1,True
EUW1_7612324565,15.23.726.9074,420,1716,CLASSIC,0,58,238,904,246,804,1,517,246,84,904,799,92,91,163,145,111,79,62,245,202,432,0,True
EUW1_7612326114,15.23.726.9074,420,1638,CLASSIC,1,234,432,910,68,78,0,107,904,245,799,901,114,35,800,429,888,8,266,90,145,555,1,True
EUW1_7612361759,15.23.726.9074,420,1775,CLASSIC,0,804,27,238,114,246,1,246,54,72,432,904,42,59,61,51,43,67,234,134,81,518,0,True
EUW1_7612386707,15.23.726.9074,420,926,CLASSIC,0,246,804,904,238,107,1,432,555,136,76,114,36,31,268,202,235,14,799,163,21,80,0,True
EUW1_7612401971,15.23.726.9074,420,118,CLASSIC,1,92,246,107,91,904,0,799,92,91,114,84,14,64,8,145,79,516,238,245,202,555,1,True
EUW1_7612411160,15.23.726.9074,420,1759,CLASSIC,1,91,39,245,555,126,0,904,91,432,246,245,24,799,134,429,888,68,254,777,163,89,1,True
EUW1_7612437083,15.23.726.9074,420,1694,CLASSIC,0,119,517,24,897,246,1,91,432,134,126,904,58,59,910,429,555,27,799,84,804,16,0,True
EUW1_7612457795,15.23.726.9074,420,1116,CLASSIC,0,64,78,59,92,432,1,804,-1,432,901,555,41,246,13,429,142,904,799,90,69,32,0,True
EUW1_7612502865,15.23.726.9074,420,1103,CLASSIC,1,904,238,91,799,245,0,246,92,799,107,24,68,64,163,15,53,41,126,134,804,40,1,True
EUW1_7612506289,15.23.726.9074,420,1812,CLASSIC,1,27,107,134,28,904,0,36,432,517,804,122,246,105,61,21,12,421,60,245,202,32,1,True
EUW1_7612546687,15.23.726.9074,420,1408,CLASSIC,1,163,24,76,-1,39,0,804,246,-1,266,84,904,799,7,15,40,875,238,245,51,12,1,True
EUW1_7612552192,15.23.726.9074,420,1315,CLASSIC,1,78,904,91,-1,432,0,-1,238,54,-1,92,68,154,126,804,60,897,799,163,498,517,1,True
EUW1_7612567505,15.23.726.9074,420,1485,CLASSIC,1,-1,163,-1,432,246,0,804,54,799,103,27,904,517,777,119,111,421,950,136,21,201,1,True
EUW1_7612590988,15.23.726.9074,420,1477,CLASSIC,1,114,799,-1,432,91,0,78,800,91,107,77,904,234,103,145,53,76,517,134,429,412,1,True
EUW1_7612624658,15.23.726.9074,420,2110,CLASSIC,1,107,904,91,246,432,0,246,22,114,517,799,68,126,18,145,142,14,245,31,221,526,1,True
EUW1_7612633147,15.23.726.9074,420,1243,CLASSIC,0,119,134,24,432,107,1,-1,246,92,904,53,39,62,517,145,78,799,266,84,221,16,0,True
EUW1_7612636478,15.23.726.9074,420,1530,CLASSIC,1,30,804,40,432,163,0,238,27,904,91,40,875,799,800,21,518,897,246,134,523,117,1,True
EUW1_7612651024,15.23.726.9074,420,1439,CLASSIC,1,30,799,119,134,39,0,39,92,40,107,799,904,517,893,145,526,24,31,101,498,201,1,True
EUW1_7612659041,15.23.726.9074,420,1824,CLASSIC,1,27,238,432,13,246,0,246,804,60,432,24,54,799,84,42,111,904,517,901,22,526,1,True
EUW1_7612667214,15.23.726.9074,420,1866,CLASSIC,1,904,126,42,555,800,0,114,799,99,246,78,92,517,518,2,37,43,266,893,429,16,1,True
EUW1_7612671290,15.23.726.9074,420,1672,CLASSIC,0,54,904,800,77,7,1,58,91,107,61,78,8,24,103,51,412,92,799,517,236,37,0,True
EUW1_7612688261,15.23.726.9074,420,1769,CLASSIC,1,246,432,122,68,78,0,107,360,54,799,555,24,517,904,18,111,897,105,163,202,40,1,True
EUW1_7612697855,15.23.726.9074,420,1720,CLASSIC,0,78,555,246,904,799,1,799,134,904,13,92,68,131,157,429,40,14,266,163,804,432,0,True
EUW1_7612701279,15.23.726.9074,420,1810,CLASSIC,0,246,38,904,99,799,1,555,78,107,92,904,114,517,39,800,80,24,76,157,804,43,0,True
EUW1_7612728560,15.23.728.3286,420,1507,CLASSIC,1,78,69,201,91,120,0,799,904,90,804,120,10,421,61,800,164,8,234,897,901,267,1,True
EUW1_7612729220,15.23.728.3286,420,2033,CLASSIC,1,61,51,91,48,126,0,122,54,412,91,517,84,105,904,29,432,777,32,238,145,80,1,True
EUW1_7612745684,15.23.728.3286,420,2042,CLASSIC,1,904,91,8,238,950,0,555,114,104,800,246,240,107,61,21,43,98,234,84,29,517,1,True
EUW1_7612753547,15.23.728.3286,420,1678,CLASSIC,0,84,893,800,24,555,1,3,107,360,238,114,904,75,134,51,111,58,203,910,222,37,0,True
EUW1_7612756077,15.23.728.3286,420,1414,CLASSIC,0,238,804,59,39,119,1,78,432,105,555,17,150,56,84,145,40,157,64,36,800,63,0,True
EUW1_7612768161,15.23.728.3286,420,2287,CLASSIC,0,107,7,555,2,54,1,432,84,201,267,904,64,9,8,18,63,897,91,61,910,35,0,True
EUW1_7612780642,15.23.728.3286,420,1832,CLASSIC,1,107,55,166,246,114,0,64,800,238,904,266,86,799,61,236,432,8,104,91,145,526,1,True
EUW1_7612794014,15.23.728.3286,420,1774,CLASSIC,1,84,91,58,98,-1,0,432,800,517,166,67,904,31,238,221,12,126,516,268,99,111,1,True
EUW1_7612805995,15.23.728.3286,420,1331,CLASSIC,0,91,55,92,107,246,1,92,76,7,904,517,58,54,2,51,432,41,30,10,42,37,0,True
EUW1_7612828769,15.23.728.3286,420,911,CLASSIC,1,91,799,246,238,432,0,27,240,432,799,523,904,131,126,901,37,54,517,893,145,111,1,True
EUW1_7612838678,15.23.728.3286,420,2207,CLASSIC,0,3,43,804,98,64,1,555,54,55,59,517,24,121,84,15,35,39,131,904,523,432,0,True
EUW1_7612840253,15.23.728.3286,420,1950,CLASSIC,0,117,432,246,91,904,1,902,107,91,-1,432,31,62,112,42,89,122,266,163,800,12,0,True
EUW1_7612841375,15.23.728.3286,420,1747,CLASSIC,1,240,142,432,107,555,0,-1,800,904,-1,122,897,78,103,221,99,68,799,22,145,53,1,True
EUW1_7612845316,15.23.728.3286,420,1596,CLASSIC,0,53,142,799,904,48,1,78,555,92,799,893,516,2,134,81,37,98,104,800,145,235,0,True
EUW1_7612869150,15.23.728.3286,420,1659,CLASSIC,0,91,432,18,246,83,1,76,92,904,555,37,126,59,800,523,142,41,799,134,202,57,0,True
EUW1_7612882771,15.23.728.3286,420,1634,CLASSIC,0,432,107,27,78,-1,1,53,421,126,35,799,157,64,39,800,9,68,59,134,236,37,0,True
EUW1_7612890678,15.23.728.3286,420,1592,CLASSIC,1,246,11,799,234,13,0,64,799,27,91,246,904,35,133,145,555,84,59,103,804,432,1,True
EUW1_7612893051,15.23.728.3286,420,104,CLASSIC,0,904,-1,555,238,78,1,68,107,555,432,7,58,200,34,145,12,17,131,157,202,80,0,True
EUW1_7612907330,15.23.728.3286,420,1153,CLASSIC,1,238,119,517,904,27,0,91,432,200,-1,246,84,799,163,22,40,126,266,7,800,111,1,True
EUW1_7612913403,15.23.728.3286,420,1518,CLASSIC,0,904,246,799,526,238,1,92,517,21,804,107,114,98,112,15,43,41,950,103,119,12,0,True
EUW1_7612920721,15.23.728.3286,420,1600,CLASSIC,0,107,68,31,53,904,1,78,76,80,432,904,17,246,39,236,37,13,799,134,157,526,0,True
EUW1_7612926221,15.23.728.3286,420,1609,CLASSIC,1,7,91,432,246,35,0,104,246,799,904,555,68,62,157,134,16,14,30,61,145,12,1,True
EUW1_7612927612,15.23.728.3286,420,1243,CLASSIC,1,35,84,799,246,904,0,555,517,-1,122,133,24,131,134,18,98,36,266,13,145,99,1,True
EUW1_7612940931,15.23.728.3286,420,1827,CLASSIC,1,234,432,876,555,800,0,35,-1,13,246,107,904,31,163,21,12,67,36,777,133,526,1,True
EUW1_7612958822,15.23.728.3286,420,1959,CLASSIC,1,64,517,555,21,126,0,432,107,119,799,40,6,59,103,202,99,41,246,84,51,43,1,True
EUW1_7612978205,15.23.728.3286,420,1688,CLASSIC,1,91,799,35,246,119,0,84,799,98,904,27,516,238,134,18,60,887,234,103,221,350,1,True
EUW1_7613012662,15.23.728.3286,420,1874,CLASSIC,1,21,799,27,555,60,0,246,2,40,51,-1,114,64,103,18,902,41,56,84,202,63,1,True
EUW1_7613013304,15.23.728.3286,420,1648,CLASSIC,0,92,800,119,432,7,1,91,145,54,904,517,2,799,84,22,44,24,234,103,51,60,0,True
EUW1_7613033485,15.23.728.3286,420,1503,CLASSIC,0,246,555,126,904,245,1,-1,245,246,98,-1,27,14,134,221,99,2,64,161,18,111,0,True
EUW1_7613047829,15.23.728.3286,420,2289,CLASSIC,0,91,107,119,238,799,1,432,517,201,163,246,98,59,145,800,497,904,203,3,22,60,0,True
EUW1_7613058165,15.23.728.3286,420,1619,CLASSIC,0,114,78,432,-1,517,1,119,799,904,40,133,86,107,92,804,518,68,131,39,202,43,0,True
EUW1_7613071967,15.23.728.3286,420,914,CLASSIC,0,107,7,92,53,904,1,122,91,246,799,904,41,60,10,21,526,887,517,24,221,12,0,True
EUW1_7613088396,15.23.728.3286,420,2122,CLASSIC,1,246,904,799,432,-1,0,804,78,111,904,154,31,266,163,360,555,27,141,800,236,37,1,True
EUW1_7613098017,15.23.728.3286,420,1869,CLASSIC,1,39,799,-1,53,119,0,777,904,246,35,67,126,36,84,202,235,24,121,893,804,555,1,True
EUW1_7613102210,15.23.728.3286,420,913,CLASSIC,1,432,18,114,107,40,0,90,799,432,246,78,904,92,84,800,37,24,59,64,221,111,1,True
EUW1_7613107425,15.23.728.3286,420,1638,CLASSIC,0,126,134,799,84,60,1,28,904,238,91,799,122,516,90,55,555,8,246,800,901,12,0,True
EUW1_7613129881,15.23.728.3286,420,2398,CLASSIC,1,-1,21,103,517,246,0,432,98,246,799,517,126,31,904,18,497,2,91,45,523,142,1,True
EUW1_7613142476,15.23.728.3286,420,2052,CLASSIC,1,804,904,40,78,246,0,799,107,893,53,64,68,104,39,42,111,114,76,58,81,37,1,True
EUW1_7613149344,15.23.728.3286,420,1706,CLASSIC,0,107,555,163,24,432,1,904,-1,234,20,246,80,799,245,895,235,36,35,134,202,9,0,True
EUW1_7613169611,15.23.728.3286,420,1553,CLASSIC,1,98,432,13,27,904,0,27,555,117,904,238,266,126,134,133,78,79,246,84,145,111,1,True
EUW1_7613192386,15.23.728.3286,420,1795,CLASSIC,1,804,107,78,-1,246,0,31,246,78,432,517,904,131,34,21,497,799,245,103,202,12,1,True
EUW1_7613200787,15.23.728.3286,420,1505,CLASSIC,0,246,904,107,799,53,1,92,555,27,421,432,114,517,18,360,902,41,950,163,895,235,0,True
EUW1_7613211005,15.23.728.3286,420,1389,CLASSIC,1,412,166,107,555,98,0,27,799,904,246,555,2,234,50,136,526,24,266,105,901,43,1,True
EUW1_7613218861,15.23.728.3286,420,1430,CLASSIC,0,27,555,43,432,107,1,266,432,246,904,55,799,54,901,50,40,6,20,34,202,517,0,True
EUW1_7613246757,15.23.728.3286,420,1891,CLASSIC,1,517,246,119,799,107,0,14,21,238,60,234,904,245,84,42,111,24,31,800,18,526,1,True
EUW1_7613255214,15.23.728.3286,420,912,CLASSIC,1,91,78,517,31,432,0,432,53,107,804,246,904,64,103,51,555,83,60,777,202,37,1,True
EUW1_7613258367,15.23.728.3286,420,1994,CLASSIC,0,432,122,27,234,107,1,904,92,246,432,27,799,35,84,202,111,41,104,26,22,517,0,True
EUW1_7613290718,15.23.728.3286,420,1593,CLASSIC,1,555,92,107,518,246,0,246,-1,13,107,432,517,5,777,136,78,14,131,133,157,44,1,True
EUW1_7613301806,15.23.728.3286,420,1801,CLASSIC,0,119,246,24,432,-1,1,804,517,136,91,76,126,238,134,51,518,904,30,103,202,43,0,True
EUW1_7613304286,15.23.728.3286,420,1741,CLASSIC,0,245,60,904,13,134,1,800,245,30,904,107,68,59,55,145,555,897,105,61,901,111,0,True
EUW1_7613317940,15.23.728.3286,420,1956,CLASSIC,0,91,555,119,246,800,1,107,91,61,799,21,31,904,518,18,526,58,517,134,67,12,0,True
EUW1_7613325839,15.23.728.3286,420,1778,CLASSIC,0,526,555,-1,35,432,1,107,432,799,55,904,154,266,800,15,117,897,246,134,51,142,0,True
EUW1_7613340779,15.23.728.3286,420,1669,CLASSIC,1,119,238,432,61,-1,0,-1,41,246,91,432,904,14,800,21,555,150,6,90,22,147,1,True
EUW1_7613354375,15.23.728.3286,420,2049,CLASSIC,0,904,43,53,799,246,1,119,246,78,238,555,68,56,61,901,37,266,154,800,804,526,0,True
EUW1_7613382618,15.23.728.3286,420,1424,CLASSIC,1,432,122,-1,904,91,0,7,246,904,800,27,83,799,13,202,111,266,78,245,18,89,1,True
EUW1_7613394448,15.23.728.3286,420,2191,CLASSIC,0,904,555,246,24,432,1,432,517,-1,555,84,80,31,13,21,526,114,799,245,136,78,0,True
EUW1_7613394764,15.23.728.3286,420,1104,CLASSIC,1,517,18,54,904,92,0,18,432,234,134,114,41,246,103,21,526,14,35,245,202,12,1,True
EUW1_7613404071,15.23.728.3286,420,1918,CLASSIC,0,134,804,35,30,145,1,238,904,887,555,107,799,141,69,81,432,58,246,163,910,78,0,True
EUW1_7613433645,15.23.728.3286,420,1956,CLASSIC,1,119,133,904,83,131,0,246,91,98,904,134,126,950,518,21,526,799,517,3,202,78,1,True
EUW1_7613436287,15.23.728.3286,420,1320,CLASSIC,0,122,41,-1,107,432,1,800,555,-1,107,246,904,234,245,145,526,24,799,84,895,235,0,True
EUW1_7613471216,15.23.728.3286,420,1746,CLASSIC,0,30,91,804,84,555,1,-1,234,126,555,-1,904,799,103,800,432,92,35,7,236,267,0,True
EUW1_7613488084,15.23.728.3286,420,1200,CLASSIC,1,84,27,54,904,-1,0,76,91,246,27,107,266,234,3,145,78,24,799,69,895,79,1,True
EUW1_7613518617,15.23.728.3286,420,2088,CLASSIC,1,799,432,517,246,119,0,904,84,238,517,98,68,254,103,22,44,897,107,245,202,40,1,True
EUW1_7613532439,15.23.728.3286,420,1689,CLASSIC,1,517,15,246,555,58,0,78,35,711,-1,246,92,245,238,50,43,904,154,777,145,12,1,True
EUW1_7613545138,15.23.728.3286,420,1553,CLASSIC,1,950,119,432,799,107,0,895,432,555,904,92,39,203,8,15,201,517,121,134,67,12,1,True
EUW1_7613585293,15.23.728.3286,420,1720,CLASSIC,0,904,92,76,555,91,1,13,904,119,98,27,114,799,99,202,432,14,246,245,145,79,0,True
EUW1_7613616321,15.23.728.3286,420,1731,CLASSIC,0,78,126,517,799,800,1,38,-1,107,904,555,27,54,777,157,101,68,91,34,42,267,0,True
EUW1_7613624286,15.23.728.3286,420,1646,CLASSIC,1,517,246,134,904,39,0,904,24,126,799,15,76,245,61,42,78,92,427,800,18,555,1,True
EUW1_7613634537,15.23.728.3286,420,1243,CLASSIC,1,799,78,24,136,40,0,64,904,-1,39,432,68,517,777,221,526,897,59,126,30,76,1,True
EUW1_7613643319,15.23.728.3286,420,1512,CLASSIC,0,68,246,45,800,39,1,799,904,136,163,84,897,266,134,804,37,41,876,114,21,526,0,True
EUW1_7613677109,15.23.728.3286,420,1504,CLASSIC,1,64,246,78,7,24,0,91,246,83,119,904,39,60,163,202,12,897,234,26,51,89,1,True
EUW1_7613703068,15.23.728.3286,420,1474,CLASSIC,1,68,804,555,799,526,0,238,904,799,246,15,887,266,126,136,25,14,30,134,18,89,1,True
EUW1_7613739587,15.23.728.3286,420,1763,CLASSIC,0,804,13,119,24,-1,1,134,904,246,245,103,39,799,91,21,7,68,517,114,202,57,0,True
EUW1_7613741891,15.23.728.3286,420,1610,CLASSIC,0,432,904,60,246,119,1,245,78,246,76,134,84,59,163,901,40,14,131,69,51,526,0,True
EUW1_7613753950,15.23.728.3286,420,1320,CLASSIC,1,54,238,517,122,107,0,246,92,145,84,-1,14,799,163,804,12,41,904,245,202,89,1,True
EUW1_7613761152,15.23.728.3286,420,2042,CLASSIC,0,68,800,91,145,799,1,30,799,136,53,76,904,154,142,202,432,67,246,134,804,902,0,True
EUW1_7613779521,15.23.728.3286,420,1708,CLASSIC,0,246,904,18,27,136,1,122,555,246,91,799,126,35,800,221,432,266,518,8,67,40,0,True
EUW1_7613803597,15.23.728.3286,420,1566,CLASSIC,0,84,904,58,76,134,1,107,119,432,131,246,23,121,163,147,800,79,799,4,901,53,0,True
EUW1_7613812638,15.23.728.3286,420,1699,CLASSIC,1,13,804,799,28,163,0,-1,30,54,238,12,904,245,91,21,497,126,517,166,202,526,1,True
EUW1_7613828836,15.23.728.3286,420,2303,CLASSIC,1,800,68,40,43,517,0,432,7,799,111,904,114,266,84,30,53,126,92,161,910,78,1,True
EUW1_7613833183,15.23.728.3286,420,1926,CLASSIC,0,799,59,76,245,37,1,27,142,91,427,246,238,234,134,221,40,904,35,7,15,44,0,True
EUW1_7613850810,15.23.728.3286,420,1096,CLASSIC,1,39,107,136,112,91,0,517,68,904,246,799,34,200,90,21,111,69,120,8,145,53,1,True
EUW1_7613873642,15.23.728.3286,420,1406,CLASSIC,1,107,-1,246,134,432,0,901,76,904,246,10,799,163,42,498,497,67,59,800,145,518,1,True
EUW1_7613895654,15.23.728.3286,420,1378,CLASSIC,1,136,904,517,112,246,0,56,800,799,555,24,39,245,90,236,267,54,154,126,145,117,1,True
EUW1_7613920298,15.23.728.3286,420,1795,CLASSIC,0,91,246,-1,432,804,1,432,799,246,154,35,904,107,101,202,16,42,31,800,15,111,0,True
EUW1_7613936060,15.23.728.3286,420,1298,CLASSIC,1,91,107,246,111,800,0,246,136,555,200,24,904,517,157,50,526,39,54,887,202,432,1,True
EUW1_7613968821,15.23.728.3286,420,1445,CLASSIC,0,246,804,432,69,904,1,119,69,134,43,800,68,126,13,901,111,14,30,18,81,40,0,True
EUW1_7613981390,15.23.728.3286,420,1631,CLASSIC,0,30,555,950,432,246,1,157,904,35,799,245,14,76,901,804,142,887,238,800,221,350,0,True
EUW1_7614001400,15.23.728.3286,420,1694,CLASSIC,1,246,30,54,69,555,0,799,91,8,13,804,67,131,1,15,40,904,517,133,21,518,1,True
EUW1_7614024753,15.23.728.3286,420,1658,CLASSIC,1,800,245,31,246,904,0,13,800,92,-1,904,14,799,893,145,53,76,121,84,29,142,1,True
EUW1_7614040653,15.23.728.3286,420,1871,CLASSIC,1,133,432,39,131,904,0,34,555,-1,246,904,266,234,163,22,53,58,517,238,15,40,1,True
EUW1_7614058854,15.23.728.3286,420,1593,CLASSIC,1,-1,84,92,-1,39,0,7,432,804,-1,91,82,121,2,145,53,14,799,55,800,16,1,True
EUW1_7614067563,15.23.728.3286,420,1511,CLASSIC,0,27,246,134,91,432,1,107,122,893,800,432,69,517,238,222,201,904,56,84,202,111,0,True
EUW1_7614079325,15.23.728.3286,420,1927,CLASSIC,0,126,246,119,555,7,1,517,432,80,555,3,92,234,163,901,526,58,904,893,202,111,0,True
EUW1_7614087734,15.23.728.3286,420,1734,CLASSIC,0,92,107,-1,238,517,1,77,39,134,119,18,420,246,13,804,201,904,266,4,236,37,0,True
EUW1_7614097203,15.23.728.3286,420,1263,CLASSIC,1,122,8,134,246,119,0,432,904,711,91,54,80,238,4,145,111,36,92,800,202,518,1,True
EUW1_7614117994,15.23.728.3286,420,1554,CLASSIC,0,134,246,107,38,78,1,54,800,134,246,555,14,31,4,429,16,67,77,18,236,902,0,True
EUW1_7614129504,15.23.728.3286,420,1745,CLASSIC,1,904,134,-1,267,51,0,799,800,119,84,114,98,107,4,22,201,240,517,29,901,117,1,True
EUW1_7614132555,15.23.728.3286,420,1661,CLASSIC,0,246,555,84,-1,42,1,91,134,24,555,67,875,72,101,29,40,39,92,4,145,43,0,True
EUW1_7614134126,15.23.728.3286,420,1367,CLASSIC,1,10,91,555,78,4,0,246,67,432,134,29,68,904,39,222,518,86,799,90,42,89,1,True
EUW1_7614150017,15.23.728.3286,420,1106,CLASSIC,1,950,8,799,81,35,0,107,84,91,246,54,24,238,85,21,201,39,517,800,804,43,1,True
EUW1_7614159326,15.23.728.3286,420,1458,CLASSIC,1,800,799,555,134,18,0,799,18,54,84,246,6,121,4,236,37,14,131,39,22,497,1,True
EUW1_7614159965,15.23.728.3286,420,1720,CLASSIC,0,63,91,799,246,904,1,800,555,246,84,54,98,35,8,15,164,86,77,29,99,267,0,True
EUW1_7614180680,15.23.728.3286,420,1678,CLASSIC,1,84,246,799,238,904,0,904,800,799,39,145,78,76,29,42,412,14,107,18,161,497,1,True
EUW1_7614186066,15.23.728.3286,420,1821,CLASSIC,1,27,-1,107,51,84,0,91,432,904,246,107,799,238,134,63,89,887,131,126,22,40,1,True
EUW1_7614203633,15.23.728.3286,420,1201,CLASSIC,1,804,134,246,126,54,0,119,84,107,60,35,6,799,4,115,111,266,131,29,236,555,1,True
EUW1_7614206131,15.23.728.3286,420,1503,CLASSIC,0,421,799,-1,800,78,1,91,136,39,117,432,98,107,142,429,59,266,76,13,236,37,0,True
EUW1_7614220558,15.23.728.3286,420,1627,CLASSIC,1,799,24,904,40,126,0,7,555,-1,904,107,122,203,163,800,432,67,238,157,147,111,1,True
EUW1_7614220574,15.23.728.3286,420,1414,CLASSIC,1,107,432,555,91,92,0,-1,111,800,131,904,41,799,77,26,16,420,76,61,246,85,1,True
EUW1_7614230492,15.23.728.3286,420,2067,CLASSIC,0,-1,84,55,555,-1,1,-1,91,4,84,-1,904,59,134,901,16,799,266,29,202,89,0,True
EUW1_7614260421,15.23.728.3286,420,1705,CLASSIC,0,234,53,91,7,799,1,-1,238,555,246,76,904,59,245,202,37,777,56,517,115,16,0,True
EUW1_7614272314,15.23.728.3286,420,1803,CLASSIC,1,64,246,119,67,897,0,111,800,246,117,799,126,91,134,22,555,98,76,245,523,37,1,True
EUW1_7614272548,15.23.728.3286,420,1184,CLASSIC,1,122,517,901,91,904,0,29,799,246,136,904,266,30,893,18,26,126,254,134,21,497,1,True
EUW1_7614290322,15.23.728.3286,420,2210,CLASSIC,1,107,134,78,432,92,0,91,84,107,904,246,41,238,4,202,7,14,517,61,804,555,1,True
EUW1_7614306224,15.23.728.3286,420,1874,CLASSIC,0,800,107,67,76,799,1,800,-1,136,517,904,43,246,142,236,201,39,31,103,21,89,0,True
EUW1_7614331820,15.23.728.3286,420,1938,CLASSIC,1,-1,134,-1,804,555,0,27,35,61,246,-1,777,31,893,29,99,904,121,8,67,53,1,True
EUW1_7614332574,15.23.728.3286,420,1408,CLASSIC,1,35,55,555,40,8,0,804,107,904,13,42,897,517,3,15,432,150,246,84,145,111,1,True
EUW1_7614347792,15.23.728.3286,420,1782,CLASSIC,1,904,107,92,432,91,0,800,91,904,107,13,41,76,238,67,78,39,246,517,222,201,1,True
EUW1_7614348172,15.23.728.3286,420,2060,CLASSIC,0,555,13,799,107,145,1,122,901,234,-1,897,68,31,133,81,432,83,35,69,800,111,0,True
EUW1_7614355736,15.23.728.3286,420,1688,CLASSIC,1,800,517,893,904,91,0,-1,432,517,799,76,85,266,246,145,89,98,131,126,202,80,1,True
EUW1_7614381440,15.23.728.3286,420,1924,CLASSIC,1,91,8,555,904,55,0,-1,40,83,91,800,54,517,777,804,16,799,234,910,202,432,1,True
EUW1_7614401474,15.23.728.3286,420,1596,CLASSIC,1,-1,904,35,92,133,0,897,517,51,76,122,10,59,134,429,555,164,30,126,800,78,1,True
EUW1_7614429429,15.23.728.3286,420,925,CLASSIC,1,-1,84,800,68,117,0,800,134,904,13,27,799,120,55,51,432,58,143,91,21,111,1,True
EUW1_7614430853,15.23.728.3286,420,1964,CLASSIC,0,91,154,84,555,799,1,432,555,804,107,154,63,92,777,145,111,904,5,127,81,43,0,True
EUW1_7614452720,15.23.728.3286,420,1109,CLASSIC,1,157,92,517,16,804,0,432,64,134,122,-1,41,30,103,21,526,904,59,90,18,518,1,True
EUW1_7614476840,15.23.728.3286,420,2375,CLASSIC,1,13,238,78,40,24,0,555,107,800,91,-1,154,35,34,133,432,68,517,163,236,267,1,True
EUW1_7614487543,15.23.728.3286,420,1969,CLASSIC,0,555,7,77,119,799,1,904,107,246,91,114,63,54,517,18,412,36,234,893,22,40,0,True
EUW1_7614498589,15.23.728.3286,420,1567,CLASSIC,0,897,92,27,84,804,1,432,30,555,83,246,904,234,55,81,12,8,131,126,15,267,0,True
EUW1_7614511203,15.23.728.3286,420,1287,CLASSIC,1,16,92,136,126,84,0,517,107,76,78,92,39,904,13,81,432,897,799,103,145,555,1,True
EUW1_7614523158,15.23.728.3286,420,1125,CLASSIC,0,-1,799,555,904,21,1,904,246,84,799,27,114,120,161,51,16,126,72,134,498,40,0,True
EUW1_7614539802,15.23.728.3286,420,1568,CLASSIC,1,91,800,555,238,432,0,904,7,122,246,31,68,799,4,51,235,83,421,84,145,53,1,True
EUW1_7614546819,15.23.728.3286,420,2105,CLASSIC,0,246,43,904,55,61,1,904,432,78,27,804,83,131,80,202,85,23,517,126,81,12,0,True
EUW1_7614562222,15.23.728.3286,420,1245,CLASSIC,0,800,98,76,68,904,1,91,12,21,517,121,114,799,14,523,142,887,234,103,360,89,0,True
EUW1_7614567949,15.23.728.3286,420,1691,CLASSIC,1,555,30,246,800,92,0,98,-1,904,16,61,41,120,238,50,78,82,517,91,21,89,1,True
EUW1_7614579840,15.23.728.3286,420,1780,CLASSIC,0,246,904,240,245,555,1,117,517,39,904,234,799,59,134,202,16,85,35,14,18,44,0,True
EUW1_7614594247,15.23.728.3286,420,1166,CLASSIC,1,91,432,904,555,-1,0,91,901,432,234,4,14,799,13,202,40,31,517,126,18,12,1,True
EUW1_7614598419,15.23.728.3286,420,916,CLASSIC,1,78,7,904,92,517,0,246,555,78,55,91,141,245,157,110,111,154,56,800,21,432,1,True
EUW1_7614607066,15.23.728.3286,420,2201,CLASSIC,1,107,54,76,24,-1,0,555,13,432,27,517,904,30,126,119,53,110,421,133,136,43,1,True
EUW1_7614616019,15.23.728.3286,420,1409,CLASSIC,0,77,-1,91,13,799,1,90,40,804,58,78,17,904,18,145,902,92,517,39,81,60,0,True
EUW1_7614617038,15.23.728.3286,420,1521,CLASSIC,1,91,904,887,799,134,0,78,145,51,246,27,266,107,90,21,497,82,950,61,429,26,1,True
EUW1_7614618202,15.23.728.3286,420,1694,CLASSIC,0,904,126,13,246,238,1,27,8,236,517,107,6,30,91,145,53,266,72,127,498,111,0,True
EUW1_7614641698,15.23.728.3286,420,1987,CLASSIC,1,904,517,91,58,57,0,799,904,246,432,107,245,36,897,18,78,901,238,61,202,89,1,True
EUW1_7614671001,15.23.728.3286,420,1347,CLASSIC,0,131,-1,13,78,804,1,-1,27,107,91,904,17,266,246,81,120,897,517,157,202,60,0,True
EUW1_7614677389,15.23.728.3286,420,1020,CLASSIC,0,54,246,76,68,904,1,800,42,8,234,24,114,799,84,236,12,157,35,55,245,78,0,True
EUW1_7614677909,15.23.728.3286,420,1766,CLASSIC,1,904,35,901,92,90,0,-1,904,-1,14,134,41,266,1,800,12,31,799,61,236,267,1,True
EUW1_7614698469,15.23.728.3286,420,2819,CLASSIC,0,58,107,-1,61,555,1,67,799,43,904,800,92,266,134,51,40,122,30,14,498,53,0,True
EUW1_7614707760,15.23.728.3286,420,1741,CLASSIC,1,91,555,432,238,92,0,61,432,163,15,58,517,799,800,22,201,126,904,110,202,111,1,True
EUW1_7614717125,15.23.728.3286,420,2106,CLASSIC,1,107,13,517,804,120,0,526,120,799,107,13,17,36,904,81,43,114,60,91,202,555,1,True
EUW1_7614719569,15.23.728.3286,420,1088,CLASSIC,0,799,5,36,107,904,1,800,78,117,517,904,14,246,84,202,111,245,64,518,18,44,0,True
EUW1_7614737303,15.23.728.3286,420,1530,CLASSIC,1,-1,-1,13,432,78,0,107,41,234,134,-1,904,131,55,202,111,86,35,90,67,235,1,True
EUW1_7614737675,15.23.728.3286,420,1406,CLASSIC,1,-1,84,67,54,154,0,904,27,432,40,39,68,120,55,18,526,14,246,61,202,12,1,True
EUW1_7614750753,15.23.728.3286,420,960,CLASSIC,0,24,266,800,7,37,1,246,35,107,904,555,68,799,161,221,98,3,64,103,21,526,0,True
EUW1_7614761399,15.23.728.3286,420,1938,CLASSIC,0,107,92,901,-1,40,1,126,432,904,78,517,799,246,84,800,12,27,245,14,202,526,0,True
EUW1_7614769240,15.23.728.3286,420,1268,CLASSIC,1,91,804,800,13,15,0,517,555,238,92,432,79,799,133,21,40,41,904,112,202,526,1,True
EUW1_7614785706,15.23.728.3286,420,1396,CLASSIC,0,904,246,84,-1,799,1,-1,92,799,432,134,24,56,13,15,43,517,203,163,18,12,0,True
EUW1_7614787197,15.23.728.3286,420,1553,CLASSIC,1,35,800,555,114,58,0,711,432,54,27,904,92,131,84,246,235,68,517,157,901,89,1,True
EUW1_7614796223,15.23.728.3286,420,1809,CLASSIC,1,18,55,555,35,114,0,804,800,35,799,904,36,517,69,202,235,14,246,50,81,53,1,True
EUW1_7614811580,15.23.728.3286,420,2072,CLASSIC,1,64,166,119,107,432,0,517,246,234,42,13,34,91,163,498,111,17,35,127,18,526,1,True
EUW1_7614830698,15.23.728.3286,420,1443,CLASSIC,0,432,31,804,91,526,1,107,246,799,518,133,516,904,84,22,201,17,234,134,21,497,0,True
EUW1_7614832756,15.23.728.3286,420,2150,CLASSIC,0,133,53,13,92,78,1,107,799,432,15,904,55,154,41,21,40,54,238,127,81,555,0,True
EUW1_7614848709,15.23.728.3286,420,2243,CLASSIC,0,90,246,799,-1,27,1,107,32,13,54,800,266,121,134,202,497,904,517,133,245,235,0,True
EUW1_7614863512,15.23.728.3286,420,1388,CLASSIC,1,432,200,84,904,107,0,904,134,78,517,67,799,64,245,18,12,122,246,69,804,526,1,True
EUW1_7614864656,15.23.728.3286,420,910,CLASSIC,1,126,804,55,555,50,0,40,107,517,799,904,74,64,711,81,432,114,245,39,910,111,1,True
EUW1_7614872738,15.23.728.3286,420,1625,CLASSIC,1,-1,800,246,555,43,0,246,91,800,24,40,904,30,18,202,235,164,517,950,50,432,1,True
EUW1_7614898577,15.23.728.3286,420,1746,CLASSIC,1,24,555,432,234,799,0,804,904,246,78,799,98,35,134,202,40,67,64,61,21,89,1,True
EUW1_7614924448,15.23.728.3286,420,1826,CLASSIC,0,246,90,555,432,40,1,-1,24,421,432,904,17,56,39,81,89,54,107,134,18,111,0,True
EUW1_7614935637,15.23.728.3286,420,1731,CLASSIC,0,134,21,30,136,555,1,92,246,432,13,799,31,517,904,800,12,41,876,91,115,32,0,True
EUW1_7614950599,15.23.728.3286,420,2013,CLASSIC,0,91,27,126,163,517,1,133,800,799,246,13,74,904,103,202,89,777,76,17,81,12,0,True
EUW1_7614974652,15.23.728.3286,420,1878,CLASSIC,1,107,800,-1,122,904,0,904,134,246,119,107,24,799,69,202,89,14,950,163,245,111,1,True
EUW1_7614998130,15.23.728.3286,420,2001,CLASSIC,1,12,555,67,7,136,0,92,804,117,35,134,122,904,517,15,235,41,266,84,81,44,1,True
EUW1_7615024532,15.23.728.3286,420,923,CLASSIC,1,555,107,904,246,85,0,163,904,901,517,246,92,91,13,202,43,245,799,90,221,117,1,True
EUW1_7615024735,15.23.728.3286,420,1622,CLASSIC,0,-1,517,91,163,13,1,13,133,92,555,904,17,76,777,202,12,39,131,246,136,89,0,True
EUW1_7615025247,15.23.728.3286,420,1651,CLASSIC,1,136,432,904,246,92,0,517,78,904,799,555,126,91,13,21,43,14,245,18,26,60,1,True
EUW1_7615031092,15.23.728.3286,420,1610,CLASSIC,1,246,804,904,238,799,0,799,17,163,126,238,14,234,134,202,555,74,48,103,145,497,1,True
EUW1_7615050361,15.23.728.3286,420,2081,CLASSIC,1,119,904,421,40,799,0,92,800,35,84,432,897,143,39,523,78,122,950,245,22,147,1,True
EUW1_7615078510,15.23.728.3286,420,1917,CLASSIC,1,41,8,517,432,134,0,42,432,122,107,246,24,59,34,202,40,54,91,163,21,111,1,True
EUW1_7615079248,15.23.728.3286,420,1416,CLASSIC,1,91,43,555,246,432,0,78,92,799,804,555,904,427,55,202,111,41,131,893,81,201,1,True
EUW1_7615086918,15.23.728.3286,420,1723,CLASSIC,1,74,134,76,133,117,0,555,67,904,92,84,2,131,69,18,44,122,266,13,22,78,1,True
EUW1_7615106867,15.23.728.3286,420,1619,CLASSIC,0,904,246,-1,517,126,1,13,80,904,24,136,74,234,112,901,497,31,54,84,236,267,0,True
EUW1_7615115051,15.23.728.3286,420,1583,CLASSIC,1,517,119,134,78,555,0,91,904,804,39,53,897,154,26,236,267,266,62,61,202,37,1,True
EUW1_7615124199,15.23.728.3286,420,2099,CLASSIC,1,134,43,107,421,91,0,78,904,134,432,800,799,30,81,119,40,69,238,1,18,111,1,True
EUW1_7615142765,15.23.728.3286,420,1428,CLASSIC,1,91,800,246,200,432,0,203,98,555,904,133,114,234,163,18,518,897,799,61,115,43,1,True
EUW1_7615147264,15.23.728.3286,420,1807,CLASSIC,1,67,904,92,76,246,0,-1,-1,804,799,84,41,427,8,15,432,266,517,245,81,53,1,True
EUW1_7615169329,15.23.728.3286,420,1713,CLASSIC,1,119,432,61,67,91,0,555,111,91,40,92,134,799,122,157,12,136,246,39,236,78,1,True
EUW1_7615187577,15.23.728.3286,420,1289,CLASSIC,1,799,78,555,119,13,0,555,800,804,517,904,98,154,246,15,40,126,64,103,22,43,1,True
EUW1_7615223310,15.23.728.3286,420,1506,CLASSIC,1,799,67,30,59,91,0,84,799,-1,904,-1,24,246,134,21,26,897,254,245,157,78,1,True
EUW1_7615230159,15.23.728.3286,420,2139,CLASSIC,1,136,800,27,-1,126,0,92,16,246,67,799,904,517,110,163,497,41,30,8,202,43,1,True
EUW1_7615249593,15.23.728.3286,420,1171,CLASSIC,0,40,83,555,238,804,1,35,246,-1,-1,904,875,30,39,202,16,79,56,142,145,497,0,True
EUW1_7615267829,15.23.728.3286,420,1618,CLASSIC,1,432,91,18,246,200,0,904,555,27,107,13,90,799,69,21,526,68,5,517,222,43,1,True
EUW1_7615292581,15.23.728.3286,420,912,CLASSIC,0,238,526,67,800,35,1,517,893,246,904,126,2,92,518,136,78,150,64,134,429,57,0,True
EUW1_7615294083,15.23.728.3286,420,2215,CLASSIC,1,-1,-1,16,804,432,0,107,555,30,114,-1,904,246,99,21,43,5,60,134,523,78,1,True
EUW1_7615303790,15.23.728.3286,420,1642,CLASSIC,1,246,91,800,40,107,0,800,107,126,432,43,904,517,163,145,111,27,266,39,236,902,1,True
EUW1_7615311915,15.23.728.3286,420,2134,CLASSIC,0,7,110,91,15,27,1,92,246,67,136,7,23,517,799,800,555,41,904,84,145,432,0,True
EUW1_7615332634,15.23.728.3286,420,2157,CLASSIC,1,107,799,800,24,30,0,799,238,-1,555,91,893,904,163,145,53,126,64,42,136,432,1,True
EUW1_7615334005,15.23.728.3286,420,1107,CLASSIC,1,555,246,92,804,91,0,43,517,78,91,904,39,799,84,145,40,58,238,245,30,80,1,True
EUW1_7615347083,15.23.728.3286,420,1622,CLASSIC,0,163,78,7,246,91,1,246,254,432,904,245,24,238,134,96,154,36,131,42,523,412,0,True
EUW1_7615369506,15.23.728.3286,420,1155,CLASSIC,1,-1,119,555,40,246,0,60,804,27,432,59,904,131,39,110,16,13,799,800,22,53,1,True
EUW1_7615381832,15.23.728.3286,420,1638,CLASSIC,1,904,799,7,122,92,0,7,517,246,78,91,266,203,13,163,555,804,421,518,157,89,1,True
EUW1_7615404462,15.23.728.3286,420,1606,CLASSIC,1,92,804,40,246,238,0,111,432,555,-1,904,68,131,777,21,526,24,31,126,145,78,1,True
EUW1_7615407848,15.23.728.3286,420,1418,CLASSIC,0,40,904,800,799,8,1,107,-1,904,517,30,875,105,64,21,142,54,245,84,119,267,0,True
EUW1_7615419327,15.23.728.3286,420,1955,CLASSIC,1,800,78,799,136,7,0,432,92,904,134,555,14,30,13,246,526,517,238,4,145,12,1,True
EUW1_7615429189,15.23.728.3286,420,1342,CLASSIC,1,27,800,9,799,107,0,91,-1,799,92,-1,893,246,268,22,254,41,904,13,202,555,1,True
EUW1_7615497639,15.23.728.3286,420,1420,CLASSIC,0,421,432,804,126,238,1,904,119,134,555,91,92,246,7,202,16,114,121,893,136,40,0,True
EUW1_7615502126,15.23.728.3286,420,1451,CLASSIC,1,432,134,35,555,126,0,89,7,266,246,200,114,64,69,800,40,6,131,112,157,526,1,True
EUW1_7615524494,15.23.728.3286,420,1630,CLASSIC,1,136,246,421,950,517,0,799,166,111,421,54,41,24,13,21,432,8,234,134,119,267,1,True
EUW1_7615533852,15.23.728.3286,420,1593,CLASSIC,0,246,904,76,24,555,1,238,92,432,800,246,39,234,13,523,111,875,64,133,115,37,0,True
EUW1_7615545471,15.23.728.3286,420,1868,CLASSIC,1,64,497,119,804,799,0,904,92,119,432,35,114,91,518,901,555,68,238,163,498,57,1,True
EUW1_7615546707,15.23.728.3286,420,921,CLASSIC,1,107,91,246,145,-1,0,-1,23,117,133,246,799,131,893,202,59,39,76,13,42,555,1,True
EUW1_7615553620,15.23.728.3286,420,1670,CLASSIC,0,246,7,-1,76,432,1,-1,107,91,117,-1,799,238,517,202,40,24,59,163,51,43,0,True
EUW1_7615560626,15.23.728.3286,420,946,CLASSIC,0,555,799,432,904,897,1,432,76,78,24,800,98,246,13,21,267,157,421,103,901,40,0,True
EUW1_7615561874,15.23.728.3286,420,1520,CLASSIC,1,134,246,7,24,91,0,904,39,134,804,157,164,77,777,161,40,799,421,517,81,555,1,True
EUW1_7615567761,15.23.728.3286,420,1711,CLASSIC,1,122,67,555,-1,134,0,134,-1,23,904,29,266,234,69,221,60,39,238,4,81,432,1,True
EUW1_7615581862,15.23.728.3286,420,1132,CLASSIC,0,119,117,555,799,134,1,246,119,91,800,92,114,104,50,804,43,517,131,950,145,40,0,True
EUW1_7615583610,15.23.728.3286,420,1474,CLASSIC,0,91,804,117,134,904,1,117,8,800,119,904,54,517,157,901,421,85,234,84,145,111,0,True
EUW1_7615588848,15.23.728.3286,420,1518,CLASSIC,1,117,238,24,799,904,0,555,800,91,117,92,164,62,61,804,432,39,517,103,29,37,1,True
EUW1_7615593131,15.23.728.3286,420,1273,CLASSIC,0,804,107,78,246,555,1,-1,800,91,246,432,904,238,7,81,526,23,131,39,51,267,0,True
EUW1_7615602113,15.23.728.3286,420,1616,CLASSIC,1,134,35,246,92,107,0,119,59,904,105,121,58,76,238,18,111,777,234,517,81,37,1,True
EUW1_7615602519,15.23.728.3286,420,1616,CLASSIC,0,950,800,54,119,555,1,800,101,107,92,43,904,517,777,42,267,39,17,45,18,412,0,True
EUW1_7615613833,15.23.728.3286,420,1334,CLASSIC,0,91,-1,904,711,246,1,804,92,7,84,904,64,131,126,145,518,517,121,134,202,432,0,True
EUW1_7615616027,15.23.728.3286,420,1632,CLASSIC,0,799,432,238,246,126,1,76,555,59,201,246,164,120,893,804,526,58,36,134,81,37,0,True
EUW1_7615620932,15.23.728.3286,420,1915,CLASSIC,0,904,166,91,27,24,1,800,76,166,432,91,799,246,14,119,89,31,143,901,145,201,0,True
EUW1_7615627128,15.23.728.3286,420,1459,CLASSIC,1,246,254,517,91,92,0,246,238,122,119,117,24,131,157,221,26,904,5,800,910,37,1,True
EUW1_7615633750,15.23.728.3286,420,1776,CLASSIC,1,8,804,105,92,246,0,37,145,121,246,904,517,266,84,22,497,799,234,800,161,555,1,True
EUW1_7615639096,15.23.728.3286,420,2100,CLASSIC,1,266,904,117,119,166,0,17,799,7,31,40,79,64,800,202,37,893,200,112,21,432,1,True
EUW1_7615648898,15.23.728.3286,420,1352,CLASSIC,0,92,-1,55,84,43,1,904,8,122,105,246,799,72,910,236,60,10,266,517,145,12,0,True
EUW1_7615649479,15.23.728.3286,420,914,CLASSIC,0,432,107,59,39,7,1,3,238,246,432,904,14,54,157,800,12,56,131,84,15,497,0,True
EUW1_7615667862,15.23.728.3286,420,1717,CLASSIC,1,13,80,98,37,432,0,246,799,-1,91,98,2,234,84,110,518,150,76,134,21,78,1,True
EUW1_7615688223,15.23.728.3286,420,1466,CLASSIC,1,246,38,59,119,24,0,39,800,518,238,89,799,56,134,21,12,14,64,245,236,201,1,True
EUW1_7615690085,15.23.728.3286,420,1577,CLASSIC,0,555,92,84,134,35,1,92,105,203,166,799,904,64,112,18,117,110,238,61,119,78,0,True
EUW1_7615690633,15.23.728.3286,420,1696,CLASSIC,1,27,799,91,555,266,0,432,77,246,54,53,904,30,42,202,43,24,31,910,18,412,1,True
EUW1_7615714980,15.23.728.3286,420,2281,CLASSIC,0,166,39,904,432,35,1,-1,800,238,-1,246,14,266,134,202,111,799,31,84,21,60,0,True
EUW1_7615715425,15.23.728.3286,420,919,CLASSIC,1,91,61,107,51,246,0,-1,40,-1,497,800,67,76,8,202,78,84,517,904,804,412,1,True
EUW1_7615726806,15.23.728.3286,420,2129,CLASSIC,0,800,555,904,67,78,1,92,111,51,238,-1,122,234,142,136,517,41,131,157,81,43,0,True
EUW1_7615734502,15.23.728.3286,420,1213,CLASSIC,1,-1,799,30,107,246,0,238,-1,-1,91,-1,904,92,69,145,412,240,131,134,67,111,1,True
EUW1_7615736456,15.23.728.3286,420,1562,CLASSIC,0,-1,904,950,98,40,1,121,246,166,-1,14,2,64,134,202,432,26,234,69,804,555,0,True
EUW1_7615738007,15.23.728.3286,420,1644,CLASSIC,0,78,517,111,91,114,1,37,904,107,91,804,516,246,103,202,40,14,17,42,81,43,0,True
EUW1_7615741248,15.23.728.3286,420,1764,CLASSIC,0,-1,432,134,91,904,1,432,246,134,800,91,84,31,126,202,53,54,64,90,21,12,0,True
EUW1_7615748889,15.23.728.3286,420,1485,CLASSIC,1,238,91,43,58,166,0,122,517,-1,432,92,36,246,13,30,78,904,76,39,145,497,1,True
EUW1_7615749752,15.23.728.3286,420,1727,CLASSIC,1,31,246,904,40,-1,0,799,98,61,238,36,897,131,39,145,78,266,107,84,51,37,1,True
EUW1_7615757466,15.23.728.3286,420,1912,CLASSIC,0,107,246,555,117,7,1,910,119,67,40,-1,904,72,3,136,37,122,238,800,202,432,0,True
EUW1_7615759446,15.23.728.3286,420,1967,CLASSIC,0,107,78,800,119,53,1,904,799,432,134,53,68,104,157,21,517,266,64,245,221,412,0,True
EUW1_7615768328,15.23.728.3286,420,1768,CLASSIC,1,136,897,800,517,92,0,90,266,555,35,134,91,904,25,21,12,6,234,14,4,518,1,True
EUW1_7615778480,15.23.728.3286,420,1873,CLASSIC,0,107,246,904,98,119,1,91,238,246,800,-1,2,72,84,498,497,240,56,13,901,142,0,True
EUW1_7615778658,15.23.728.3286,420,1733,CLASSIC,0,555,134,40,107,904,1,-1,-1,61,31,58,79,60,777,901,235,92,30,39,429,111,0,True
EUW1_7615779427,15.23.728.3286,420,1106,CLASSIC,0,246,111,2,555,134,1,40,107,142,246,555,64,20,84,22,147,79,203,893,110,432,0,True
EUW1_7615787236,15.23.728.3286,420,911,CLASSIC,0,-1,7,904,58,76,1,432,904,119,246,41,92,799,84,81,555,79,266,13,51,43,0,True
EUW1_7615796403,15.23.728.3286,420,1707,CLASSIC,1,238,804,84,122,497,0,134,37,119,91,92,58,31,13,81,78,517,799,8,145,12,1,True
EUW1_7615804102,15.23.728.3286,420,1958,CLASSIC,1,799,35,76,-1,131,0,517,254,41,40,-1,904,234,34,145,111,133,120,103,800,432,1,True
EUW1_7615807360,15.23.728.3286,420,1588,CLASSIC,1,107,-1,51,238,58,0,92,61,246,91,76,36,799,163,498,518,41,5,134,21,43,1,True
EUW1_7615816935,15.23.728.3286,420,1321,CLASSIC,1,114,43,-1,7,119,0,887,904,555,101,246,36,30,115,18,201,79,59,34,42,12,1,True
EUW1_7615820854,15.23.728.3286,420,1482,CLASSIC,1,84,555,904,98,91,0,904,98,40,-1,517,897,950,55,145,80,68,72,39,30,2,1,True
EUW1_7615823672,15.23.728.3286,420,1518,CLASSIC,0,238,800,-1,84,67,1,432,141,8,58,246,122,80,134,81,111,92,54,13,21,517,0,True
EUW1_7615837585,15.23.728.3286,420,1780,CLASSIC,1,54,804,799,432,517,0,91,53,266,517,555,126,246,134,81,111,897,904,950,800,37,1,True
EUW1_7615844612,15.23.728.3286,420,1684,CLASSIC,1,157,804,238,246,54,0,40,107,517,22,58,904,31,18,800,267,36,59,103,145,432,1,True
EUW1_7615847313,15.23.728.3286,420,1666,CLASSIC,1,27,246,92,-1,107,0,904,-1,126,78,61,41,20,517,804,497,31,59,84,15,555,1,True
EUW1_7615856710,15.23.728.3286,420,1461,CLASSIC,0,84,30,555,67,91,1,246,39,13,904,432,122,799,134,81,40,60,59,55,18,53,0,True
EUW1_7615864048,15.23.728.3286,420,967,CLASSIC,1,78,-1,18,904,91,0,432,904,-1,517,246,98,163,777,804,526,799,54,238,21,40,1,True
EUW1_7615864767,15.23.728.3286,420,1295,CLASSIC,1,92,76,30,91,166,0,555,76,904,238,246,517,799,69,498,80,14,254,134,136,526,1,True
EUW1_7615871225,15.23.728.3286,420,1830,CLASSIC,0,114,800,76,145,799,1,246,804,904,555,122,36,30,126,236,267,39,131,238,147,43,0,True
EUW1_7615874774,15.23.728.3286,420,1645,CLASSIC,1,136,238,83,134,24,0,904,432,799,58,53,8,131,90,21,555,92,246,142,145,37,1,True
EUW1_7615882414,15.23.728.3286,420,1204,CLASSIC,0,904,875,432,20,238,1,904,-1,58,517,18,98,107,7,202,40,122,246,800,804,26,0,True
EUW1_7615882928,15.23.728.3286,420,1478,CLASSIC,1,40,91,67,904,61,0,246,799,166,61,517,122,131,157,202,432,893,266,163,145,111,1,True
EUW1_7615889279,15.23.728.3286,420,1254,CLASSIC,0,246,107,35,555,114,1,-1,91,904,61,432,31,517,18,21,37,799,266,13,202,53,0,True
EUW1_7615899530,15.23.728.3286,420,1138,CLASSIC,1,78,-1,-1,107,-1,0,246,92,-1,166,799,68,904,34,804,517,41,62,69,21,89,1,True
EUW1_7615907395,15.23.728.3286,420,1219,CLASSIC,1,432,126,238,517,246,0,134,107,904,950,901,74,799,39,202,526,83,234,61,800,43,1,True
EUW1_7615917755,15.23.728.3286,420,1464,CLASSIC,0,246,-1,904,54,30,1,91,18,904,432,233,234,5,84,800,12,98,799,3,804,526,0,True
EUW1_7615925841,15.23.728.3286,420,1292,CLASSIC,1,517,555,904,246,92,0,13,904,61,432,98,14,91,103,22,40,266,17,157,145,43,1,True
EUW1_7615931485,15.23.728.3286,420,1737,CLASSIC,0,114,166,-1,517,555,1,904,76,92,107,-1,14,64,163,136,111,39,246,7,51,432,0,True
EUW1_7615931615,15.23.728.3286,420,917,CLASSIC,1,54,-1,432,134,-1,0,27,18,904,40,91,799,246,84,145,111,39,36,163,202,43,1,True
EUW1_7615943076,15.23.728.3286,420,2347,CLASSIC,1,126,59,107,555,36,0,-1,804,238,107,114,516,904,101,202,432,14,76,34,81,111,1,True
EUW1_7615950169,15.23.728.3286,420,1724,CLASSIC,1,30,904,35,136,54,0,91,-1,904,18,233,126,517,134,498,78,875,799,84,804,526,1,True
EUW1_7615953612,15.23.728.3286,420,915,CLASSIC,1,126,8,800,13,78,0,897,246,92,107,136,74,799,55,245,12,893,266,45,901,526,1,True
EUW1_7615958015,15.23.728.3286,420,1703,CLASSIC,0,142,-1,246,-1,40,1,432,517,91,246,13,904,77,126,51,518,17,31,103,145,16,0,True
EUW1_7615965282,15.23.728.3286,420,1617,CLASSIC,0,114,117,517,246,64,1,126,39,432,555,246,904,91,13,145,44,266,62,69,800,235,0,True
EUW1_7615970129,15.23.728.3286,420,1689,CLASSIC,0,107,55,517,78,246,1,13,126,92,107,904,799,20,42,134,80,39,31,133,429,111,0,True
EUW1_7615981188,15.23.728.3286,420,1295,CLASSIC,0,55,74,432,78,904,1,897,13,134,555,799,133,266,84,145,526,98,517,246,136,12,0,True
EUW1_7615990293,15.23.728.3286,420,1473,CLASSIC,1,904,84,90,107,518,0,119,92,40,238,904,24,246,55,42,497,85,799,39,18,12,1,True
EUW1_7616000992,15.23.728.3286,420,1630,CLASSIC,1,555,85,246,-1,-1,0,134,18,91,517,804,904,31,142,15,43,54,799,26,202,432,1,True
EUW1_7616015191,15.23.728.3286,420,1295,CLASSIC,0,238,20,117,555,246,1,54,238,432,145,13,904,76,18,134,44,17,200,103,222,78,0,True
EUW1_7616020342,15.23.728.3286,420,1720,CLASSIC,0,92,7,107,804,12,1,-1,119,246,904,800,517,131,166,360,412,23,234,134,21,60,0,True
EUW1_7616025570,15.23.728.3286,420,2400,CLASSIC,1,145,20,78,154,107,0,78,904,897,432,246,887,64,18,84,526,68,799,3,429,12,1,True
EUW1_7616036481,15.23.728.3286,420,1244,CLASSIC,1,126,40,74,799,84,0,126,117,119,904,555,2,516,893,51,432,92,20,777,136,111,1,True
EUW1_7616040088,15.23.728.3286,420,965,CLASSIC,0,904,40,800,67,238,1,904,83,122,497,432,516,799,84,51,12,82,91,157,21,526,0,True
EUW1_7616054783,15.23.728.3286,420,1825,CLASSIC,1,904,55,18,555,76,0,74,32,107,134,904,114,246,90,202,40,799,31,26,42,800,1,True
EUW1_7616063101,15.23.728.3286,420,2221,CLASSIC,0,432,39,91,246,800,1,517,126,904,246,238,86,54,69,523,267,27,245,42,50,80,0,True
EUW1_7616073957,15.23.728.3286,420,1608,CLASSIC,0,246,-1,432,555,107,1,111,246,13,91,145,904,31,800,15,526,799,131,133,115,89,0,True
EUW1_7616076461,15.23.728.3286,420,1689,CLASSIC,0,107,17,233,119,266,1,78,13,54,432,799,98,246,777,800,517,85,234,134,901,32,0,True
EUW1_7616102388,15.23.728.3286,420,2202,CLASSIC,0,-1,555,78,107,432,1,-1,-1,13,35,18,887,120,61,81,517,904,60,246,21,7,0,True
EUW1_7616122894,15.23.728.3286,420,1579,CLASSIC,0,107,517,233,-1,78,1,134,432,799,119,40,126,20,90,81,555,14,238,26,202,103,0,True
EUW1_7616129539,15.23.728.3286,420,2096,CLASSIC,1,114,432,238,13,54,0,799,107,68,17,91,85,36,84,901,497,904,48,800,21,111,1,True
EUW1_7616130671,15.23.728.3286,420,913,CLASSIC,0,517,246,555,24,91,1,238,3,555,145,904,39,245,42,21,40,58,76,84,800,235,0,True
EUW1_7616134946,15.23.728.3286,420,1783,CLASSIC,1,246,107,432,904,517,0,64,145,887,517,39,98,799,84,81,43,122,35,14,800,37,1,True
EUW1_7616152573,15.23.728.3286,420,1546,CLASSIC,0,40,136,84,799,163,1,126,432,800,246,35,76,31,777,18,497,904,517,103,42,111,0,True
EUW1_7616166518,15.23.728.3286,420,1510,CLASSIC,0,136,799,238,555,133,1,432,555,92,27,517,897,131,84,523,235,904,246,245,202,40,0,True
EUW1_7616190034,15.23.728.3286,420,1657,CLASSIC,0,143,221,432,78,-1,1,246,904,555,55,799,41,141,163,202,526,98,517,61,145,37,0,True
EUW1_7616193658,15.23.728.3286,420,1701,CLASSIC,0,78,-1,897,92,134,1,432,119,24,107,120,41,517,893,110,526,904,234,163,145,111,0,True
EUW1_7616211821,15.23.728.3286,420,1855,CLASSIC,0,246,799,901,68,13,1,904,800,39,517,555,17,131,893,21,114,14,238,103,245,43,0,True
EUW1_7616226922,15.23.728.3286,420,2282,CLASSIC,1,799,126,238,555,432,0,84,15,904,799,555,897,76,112,18,111,67,36,134,26,235,1,True
EUW1_7616234164,15.23.728.3286,420,1389,CLASSIC,1,114,246,18,904,7,0,92,799,35,59,904,36,131,157,804,201,887,31,58,202,12,1,True
EUW1_7616254014,15.23.728.3286,420,1842,CLASSIC,1,246,40,904,54,800,0,55,-1,24,517,238,58,76,103,804,555,777,245,163,202,60,1,True
EUW1_7616264886,15.23.728.3286,420,1757,CLASSIC,0,91,246,119,432,799,1,13,246,904,555,432,68,126,163,202,526,50,60,133,21,111,0,True
EUW1_7616277309,15.23.728.3286,420,1689,CLASSIC,1,107,91,-1,238,119,0,246,107,245,13,64,887,36,61,145,412,17,5,800,202,432,1,True
EUW1_7616294671,15.23.728.3286,420,911,CLASSIC,1,91,114,238,67,246,0,107,91,114,-1,17,897,799,84,21,60,904,59,134,18,78,1,True
EUW1_7616317577,15.23.728.3286,420,1197,CLASSIC,0,517,-1,92,555,800,1,126,26,-1,98,517,904,54,163,147,24,114,36,518,804,164,0,True
EUW1_7616322385,15.23.728.3286,420,2059,CLASSIC,0,55,40,76,107,-1,1,40,-1,517,432,51,114,25,246,15,117,19,245,42,498,12,0,True
EUW1_7616343789,15.23.728.3286,420,1514,CLASSIC,0,432,91,133,122,40,1,-1,432,91,904,517,14,238,43,15,497,31,799,134,202,555,0,True
EUW1_7616366647,15.23.728.3286,420,1974,CLASSIC,1,126,-1,78,107,18,0,432,107,84,555,800,904,246,13,804,53,39,64,50,26,40,1,True
EUW1_7616398163,15.23.728.3286,420,2275,CLASSIC,0,800,246,904,91,555,1,555,904,246,245,-1,43,120,238,163,26,83,799,517,145,267,0,True
EUW1_7616402510,15.23.728.3286,420,1156,CLASSIC,0,555,200,91,432,131,1,800,163,432,799,904,897,266,7,145,201,114,60,142,21,111,0,True
EUW1_7616428829,15.23.728.3286,420,1469,CLASSIC,0,893,246,-1,119,-1,1,904,432,800,91,58,110,31,84,804,201,61,799,92,115,555,0,True
EUW1_7616441045,15.23.728.3286,420,2218,CLASSIC,1,246,238,432,904,800,0,136,904,432,800,246,799,517,84,895,267,69,421,142,21,60,1,True
EUW1_7616453634,15.23.728.3286,420,1634,CLASSIC,0,114,18,134,78,92,1,59,799,68,142,107,14,131,26,804,43,904,234,1,202,76,0,True
EUW1_7616495984,15.23.728.3286,420,1086,CLASSIC,1,238,-1,246,38,134,0,8,245,904,92,91,69,35,7,145,12,800,266,517,202,432,1,True
EUW1_7616496367,15.23.728.3286,420,1679,CLASSIC,0,238,53,904,800,246,1,163,92,555,134,246,41,799,910,804,37,82,91,69,145,111,0,True
EUW1_7616528011,15.23.728.3286,420,1830,CLASSIC,1,107,799,-1,904,163,0,904,117,432,26,246,68,48,39,51,60,98,92,1,800,80,1,True
EUW1_7616538071,15.23.728.3286,420,1729,CLASSIC,1,555,28,107,92,800,0,245,8,122,-1,18,904,36,142,145,526,24,887,246,21,111,1,True
EUW1_7616565382,15.23.728.3286,420,2068,CLASSIC,0,134,246,432,122,91,1,27,-1,92,800,3,41,60,39,21,80,904,266,84,202,76,0,True
EUW1_7616579677,15.23.728.3286,420,1662,CLASSIC,0,246,78,58,904,166,1,126,37,91,163,107,92,154,39,145,526,799,131,64,51,80,0,True
EUW1_7616593661,15.23.728.3286,420,912,CLASSIC,1,432,246,126,8,245,0,246,18,555,13,-1,92,904,7,51,12,24,131,133,804,117,1,True
EUW1_7616614186,15.23.728.3286,420,1296,CLASSIC,1,13,-1,246,24,432,0,28,91,799,92,246,904,131,133,221,117,68,76,777,498,80,1,True
EUW1_7616623090,15.23.728.3286,420,1379,CLASSIC,1,904,136,517,126,91,0,246,904,432,555,134,92,131,238,21,50,58,36,61,18,117,1,True
EUW1_7616643613,15.23.728.3286,420,1796,CLASSIC,0,69,432,27,107,91,1,91,904,126,-1,246,893,104,266,222,412,13,31,114,523,80,0,True
EUW1_7616667319,15.23.728.3286,420,1623,CLASSIC,1,126,246,234,432,800,0,-1,119,238,91,84,904,20,50,202,60,58,266,103,21,80,1,True
EUW1_7616687726,15.23.728.3286,420,1294,CLASSIC,0,7,555,28,136,-1,1,91,800,246,799,107,24,904,13,145,111,68,234,517,22,432,0,True
EUW1_7616726585,15.23.728.3286,420,2135,CLASSIC,0,134,246,22,58,800,1,145,119,432,134,64,799,36,4,498,412,69,91,105,804,43,0,True
EUW1_7616743784,15.23.728.3286,420,1350,CLASSIC,1,200,555,799,114,78,0,157,238,-1,555,114,240,35,101,145,432,777,131,103,18,40,1,True
EUW1_7616750719,15.23.728.3286,420,1361,CLASSIC,1,105,904,119,799,91,0,91,114,119,13,432,2,76,126,523,412,31,131,246,804,40,1,True
EUW1_7616756296,15.23.728.3286,420,1686,CLASSIC,0,246,799,61,38,800,1,58,91,555,904,76,238,31,893,804,40,80,30,517,523,35,0,True
EUW1_7616759576,15.23.728.3286,420,1524,CLASSIC,0,238,39,107,432,893,1,78,238,246,105,799,14,76,91,37,40,36,131,157,800,497,0,True
EUW1_7616781942,15.23.728.3286,420,1113,CLASSIC,0,58,35,904,246,555,1,904,91,61,799,79,114,266,134,15,12,68,238,800,202,25,0,True
EUW1_7616784542,15.23.728.3286,420,1728,CLASSIC,0,904,555,78,91,246,1,91,799,246,-1,67,897,141,112,202,43,39,121,517,21,111,0,True
EUW1_7616788348,15.23.728.3286,420,1557,CLASSIC,0,91,36,904,13,555,1,-1,246,555,64,238,113,5,84,18,99,266,121,4,901,43,0,True
EUW1_7616788781,15.23.728.3286,420,1572,CLASSIC,1,55,91,555,98,107,0,432,67,800,59,238,2,131,516,145,9,19,246,134,236,37,1,True
EUW1_7616796865,15.23.728.3286,420,925,CLASSIC,0,54,91,904,39,799,1,78,131,24,145,246,67,30,950,429,53,17,31,4,157,40,0,True
EUW1_7616797662,15.23.728.3286,420,1001,CLASSIC,1,799,904,91,150,101,0,800,-1,39,517,246,19,950,61,236,267,24,141,84,145,555,1,True
EUW1_7616798092,15.23.728.3286,420,1471,CLASSIC,1,904,246,24,-1,517,0,238,555,246,134,122,157,82,99,145,111,14,131,268,21,43,1,True
EUW1_7616806584,15.23.728.3286,420,1680,CLASSIC,1,432,8,117,238,107,0,904,84,29,518,92,126,72,38,236,37,39,104,134,901,43,1,True
EUW1_7616806718,15.23.728.3286,420,2044,CLASSIC,0,904,517,107,246,92,1,555,37,91,112,58,266,234,13,22,111,164,799,90,145,432,0,True
EUW1_7616806849,15.23.728.3286,420,938,CLASSIC,0,131,122,53,105,238,1,-1,555,799,246,67,4,266,517,901,888,39,234,800,26,12,0,True
EUW1_7616816824,15.23.728.3286,420,2084,CLASSIC,1,131,555,53,904,799,0,39,799,238,555,-1,68,266,800,429,888,157,76,42,145,526,1,True
EUW1_7616826875,15.23.728.3286,420,1488,CLASSIC,0,517,246,555,266,133,1,134,555,904,18,58,14,141,268,145,111,36,950,4,221,40,0,True
EUW1_7616827612,15.23.728.3286,420,2227,CLASSIC,1,59,92,-1,131,84,0,432,904,555,92,799,10,246,101,51,111,126,60,134,42,43,1,True
EUW1_7616835213,15.23.728.3286,420,1531,CLASSIC,1,39,904,14,246,107,0,131,-1,59,84,24,26,517,126,901,526,92,91,245,236,37,1,True
EUW1_7616837238,15.23.728.3286,420,1555,CLASSIC,1,131,799,904,119,78,0,-1,799,555,895,238,39,266,13,202,80,126,5,800,145,432,1,True
EUW1_7616838545,15.23.728.3286,420,2416,CLASSIC,1,246,107,-1,800,119,0,904,432,39,121,107,41,17,112,202,526,14,517,134,67,117,1,True
EUW1_7616858733,15.23.728.3286,420,1425,CLASSIC,0,14,13,92,131,799,1,-1,78,904,238,30,51,31,246,221,526,266,76,134,67,517,0,True
EUW1_7616858850,15.23.728.3286,420,2043,CLASSIC,0,35,904,799,266,432,1,126,91,107,84,804,41,31,800,202,12,27,246,29,42,78,0,True
EUW1_7616866744,15.23.728.3286,420,1825,CLASSIC,0,432,904,246,114,238,1,799,497,904,517,246,897,56,7,145,12,98,31,103,18,555,0,True
EUW1_7616874618,15.23.728.3286,420,1818,CLASSIC,0,36,904,112,67,800,1,800,107,517,555,246,75,238,134,90,432,887,59,901,145,40,0,True
EUW1_7616879452,15.23.728.3286,420,1891,CLASSIC,0,134,84,432,35,39,1,-1,804,518,114,-1,126,76,777,4,89,904,950,18,800,60,0,True
EUW1_7616879911,15.23.728.3286,420,1699,CLASSIC,0,107,266,24,246,432,1,84,904,799,-1,136,897,517,777,22,43,14,64,134,145,526,0,True
EUW1_7616887283,15.23.728.3286,420,1428,CLASSIC,0,60,119,904,804,238,1,246,103,107,91,555,799,266,517,81,78,150,131,157,29,44,0,True
EUW1_7616888320,15.23.728.3286,420,1770,CLASSIC,1,107,92,517,799,-1,0,266,246,42,-1,-1,126,31,103,18,78,39,516,800,67,12,1,True
EUW1_7616903047,15.23.728.3286,420,1524,CLASSIC,1,901,555,91,43,-1,0,-1,800,91,136,246,904,30,134,202,40,126,799,101,81,53,1,True
EUW1_7616905504,15.23.728.3286,420,1728,CLASSIC,1,31,-1,904,78,555,0,119,904,107,92,-1,68,36,163,498,497,799,30,245,222,432,1,True
EUW1_7616907352,15.23.728.3286,420,1761,CLASSIC,1,246,555,800,105,107,0,84,555,8,432,904,777,131,157,202,201,58,799,55,21,12,1,True
EUW1_7616914130,15.23.728.3286,420,1928,CLASSIC,1,107,799,53,119,117,0,43,-1,92,517,-1,904,54,18,221,37,41,266,134,21,80,1,True
EUW1_7616916406,15.23.728.3286,420,924,CLASSIC,0,904,804,55,122,24,1,555,432,119,134,39,799,266,84,145,497,6,64,61,29,117,0,True
EUW1_7616922070,15.23.728.3286,420,1489,CLASSIC,0,61,92,246,555,904,1,432,517,246,904,31,83,131,81,145,60,887,266,103,429,526,0,True
EUW1_7616928604,15.23.728.3286,420,1668,CLASSIC,1,166,78,526,-1,800,0,58,904,59,107,36,420,246,61,81,53,887,421,45,804,43,1,True
EUW1_7616937169,15.23.728.3286,420,1163,CLASSIC,1,246,799,904,55,41,0,233,119,107,555,799,98,131,67,157,518,68,266,84,51,40,1,True
EUW1_7616937722,15.23.728.3286,420,1762,CLASSIC,0,432,13,122,904,107,1,800,8,799,432,84,150,17,246,81,29,68,266,103,202,555,0,True
EUW1_7616942055,15.23.728.3286,420,1788,CLASSIC,0,107,904,246,799,84,1,800,804,91,799,-1,266,427,105,895,235,887,36,238,21,518,0,True
EUW1_7616951629,15.23.728.3286,420,2384,CLASSIC,1,42,246,107,517,145,0,-1,-1,31,92,163,24,56,777,115,432,85,904,61,81,12,1,True
EUW1_7616953134,15.23.728.3286,420,911,CLASSIC,1,7,119,432,78,83,0,107,904,119,804,81,799,246,101,800,111,79,104,45,202,89,1,True
EUW1_7616962299,15.23.728.3286,420,1990,CLASSIC,0,-1,904,18,432,30,1,54,246,30,804,904,110,131,34,21,526,799,517,67,202,111,0,True
EUW1_7616967123,15.23.728.3286,420,1436,CLASSIC,0,246,166,904,78,134,1,893,-1,800,555,84,69,30,901,498,526,799,126,61,236,267,0,True
EUW1_7616972133,15.23.728.3286,420,1837,CLASSIC,0,7,799,432,804,91,1,134,799,119,800,904,114,5,163,99,78,54,59,26,21,526,0,True
EUW1_7616981452,15.23.728.3286,420,1463,CLASSIC,1,518,134,107,246,83,0,61,41,432,246,904,126,31,800,51,111,799,266,8,202,43,1,True
EUW1_7616997885,15.23.728.3286,420,1495,CLASSIC,1,84,800,-1,107,517,0,904,92,35,78,246,36,76,777,429,60,41,131,126,145,12,1,True
EUW1_7617001681,15.23.728.3286,420,1717,CLASSIC,1,67,799,91,233,117,0,246,804,238,799,81,122,266,893,236,44,897,163,39,202,40,1,True
EUW1_7617002233,15.23.728.3286,420,1821,CLASSIC,0,555,799,517,904,24,1,122,91,904,432,800,14,35,90,51,99,875,54,142,21,12,0,True
EUW1_7617009477,15.23.728.3286,420,1507,CLASSIC,0,517,133,-1,18,904,1,27,246,119,904,54,110,266,103,804,43,67,131,42,22,201,0,True
EUW1_7617012618,15.23.728.3286,420,1306,CLASSIC,1,202,60,526,126,21,0,119,8,35,904,84,27,266,134,222,78,122,799,245,18,111,1,True
EUW1_7617029763,15.23.728.3286,420,1461,CLASSIC,1,893,246,78,800,35,0,84,-1,517,107,-1,98,24,18,21,60,904,143,777,51,111,1,True
EUW1_7617041592,15.23.728.3286,420,1587,CLASSIC,1,114,84,904,119,92,0,18,432,84,131,27,41,60,67,145,111,14,238,910,21,89,1,True
EUW1_7617042401,15.23.728.3286,420,988,CLASSIC,0,136,-1,92,-1,897,1,799,517,55,83,145,39,266,34,21,555,904,64,518,81,432,0,True
EUW1_7617064844,15.23.728.3286,420,1117,CLASSIC,0,555,35,-1,37,43,1,107,122,43,117,78,904,30,81,21,497,266,517,13,895,44,0,True
EUW1_7617068037,15.23.728.3286,420,1518,CLASSIC,1,432,904,-1,91,92,0,893,432,61,107,-1,517,104,13,145,111,24,799,8,119,98,1,True
EUW1_7617070921,15.23.728.3286,420,1366,CLASSIC,0,804,517,238,83,-1,1,68,897,-1,136,134,904,266,518,90,432,114,799,69,18,555,0,True
EUW1_7617080024,15.23.728.3286,420,1737,CLASSIC,1,518,107,7,166,92,0,84,40,107,432,-1,904,517,103,51,99,420,799,29,895,43,1,True
EUW1_7617080113,15.23.728.3286,420,1372,CLASSIC,0,18,13,17,555,31,1,119,41,246,904,27,266,421,133,804,526,150,131,221,800,32,0,True
EUW1_7617090533,15.23.728.3286,420,1882,CLASSIC,1,39,-1,91,55,246,0,432,61,555,904,799,14,36,163,202,57,114,64,134,21,235,1,True
EUW1_7617091355,15.23.728.3286,420,927,CLASSIC,0,37,119,30,84,126,1,555,238,107,904,122,58,895,134,221,350,68,80,163,145,235,0,True
EUW1_7617107020,15.23.728.3286,420,916,CLASSIC,1,78,69,799,238,804,0,8,246,897,238,107,904,131,18,115,432,887,266,103,202,555,1,True
EUW1_7617112310,15.23.728.3286,420,1583,CLASSIC,0,555,76,91,17,-1,1,-1,246,800,518,134,799,238,1,202,78,8,131,69,804,111,0,True
EUW1_7617115476,15.23.728.3286,420,2018,CLASSIC,1,24,432,27,35,-1,0,799,266,804,246,555,39,517,134,145,111,897,64,800,81,40,1,True
EUW1_7617115604,15.23.728.3286,420,1859,CLASSIC,0,40,21,904,266,92,1,-1,904,136,800,266,517,5,238,202,432,98,122,133,51,60,0,True
EUW1_7617127118,15.23.728.3286,420,1502,CLASSIC,1,119,432,134,555,92,0,166,432,83,904,-1,41,64,29,90,6,266,5,142,145,111,1,True
EUW1_7617131304,15.23.728.3286,420,920,CLASSIC,0,799,246,107,91,432,1,897,145,904,233,-1,68,104,103,202,78,14,203,61,115,526,0,True
EUW1_7617145034,15.23.728.3286,420,2153,CLASSIC,1,84,246,30,555,-1,0,555,68,-1,13,904,799,107,34,134,43,114,143,133,429,16,1,True
EUW1_7617155958,15.23.728.3286,420,1916,CLASSIC,0,24,91,43,518,134,1,246,432,800,58,555,904,30,26,51,235,875,266,163,136,40,0,True
EUW1_7617160256,15.23.728.3286,420,1719,CLASSIC,1,904,246,238,51,35,0,45,799,432,27,69,126,76,3,81,12,84,131,236,15,16,1,True
EUW1_7617172846,15.23.728.3286,420,2031,CLASSIC,0,233,238,107,799,246,1,799,91,432,84,904,150,266,3,202,350,517,24,55,145,518,0,True
EUW1_7617187068,15.23.728.3286,420,1616,CLASSIC,0,245,166,555,7,517,1,91,8,555,904,41,126,421,84,29,26,799,120,13,51,43,0,True
EUW1_7617201820,15.23.728.3286,420,1554,CLASSIC,0,91,904,432,107,7,1,246,39,432,91,799,10,234,157,804,111,114,104,90,901,12,0,True
EUW1_7617207169,15.23.728.3286,420,1755,CLASSIC,0,238,904,246,555,800,1,432,13,904,91,246,83,120,163,26,40,887,799,133,115,89,0,True
EUW1_7617233564,15.23.728.3286,420,1700,CLASSIC,1,40,517,27,54,233,0,35,432,107,799,517,34,246,103,81,518,68,104,245,202,497,1,True
EUW1_7617251880,15.23.728.3286,420,1747,CLASSIC,0,238,7,24,555,800,1,246,91,134,39,245,904,31,893,119,40,58,76,90,901,412,0,True
EUW1_7617255305,15.23.728.3286,420,913,CLASSIC,0,238,799,91,54,800,1,799,432,163,555,84,421,31,268,81,78,904,76,126,67,111,0,True
EUW1_7617269488,15.23.728.3286,420,2012,CLASSIC,1,91,98,800,246,92,0,13,804,119,799,35,41,904,163,202,78,24,517,84,21,518,1,True
EUW1_7617279142,15.23.728.3286,420,1294,CLASSIC,0,904,517,246,134,799,1,904,238,555,799,246,41,120,26,804,111,114,266,13,800,99,0,True
EUW1_7617289064,15.23.728.3286,420,1687,CLASSIC,1,7,904,91,145,266,0,54,799,103,200,246,98,64,127,115,526,893,238,163,523,12,1,True
EUW1_7617306456,15.23.728.3286,420,923,CLASSIC,1,904,13,-1,804,76,0,92,39,804,245,800,799,30,133,145,497,14,2,163,81,555,1,True
EUW1_7617317451,15.23.728.3286,420,1415,CLASSIC,1,246,24,114,7,201,0,427,-1,134,246,555,48,131,893,119,111,904,30,34,21,43,1,True
EUW1_7617322282,15.23.728.3286,420,1558,CLASSIC,0,-1,246,799,40,800,1,119,35,54,555,-1,236,92,147,145,44,126,24,134,804,432,0,True
EUW1_7617340736,15.23.728.3286,420,1251,CLASSIC,1,84,91,266,432,-1,0,-1,246,136,799,266,904,131,55,498,111,777,107,14,145,98,1,True
EUW1_7617360756,15.23.728.3286,420,1943,CLASSIC,1,432,517,893,904,804,0,238,246,432,126,904,98,24,103,202,89,92,266,13,800,78,1,True
EUW1_7617372696,15.23.728.3286,420,1657,CLASSIC,1,84,-1,897,432,126,0,-1,201,133,904,54,61,799,114,523,526,24,131,3,119,78,1,True
EUW1_7617390264,15.23.728.3286,420,925,CLASSIC,0,238,92,246,555,78,1,246,92,799,904,120,41,154,86,800,518,54,76,897,202,432,0,True
EUW1_7617394492,15.23.728.3286,420,924,CLASSIC,1,-1,238,246,432,91,0,35,432,13,107,246,904,54,134,901,12,887,266,133,800,40,1,True
EUW1_7617420172,15.23.728.3286,420,1694,CLASSIC,0,246,432,799,-1,91,1,91,800,246,904,76,24,266,134,18,89,2,517,777,804,518,0,True
EUW1_7617431879,15.23.728.3286,420,2095,CLASSIC,0,92,133,114,30,238,1,904,432,54,238,107,41,131,134,21,78,799,517,84,523,526,0,True
EUW1_7617435003,15.23.728.3286,420,1319,CLASSIC,0,122,43,13,555,107,1,91,246,432,517,904,24,30,133,136,12,86,131,39,21,518,0,True
EUW1_7617443984,15.23.728.3286,420,2647,CLASSIC,0,44,799,246,134,432,1,904,24,517,154,107,777,91,893,21,12,23,131,103,145,111,0,True
EUW1_7617467179,15.23.728.3286,420,1324,CLASSIC,0,126,119,91,13,517,1,91,35,904,800,246,266,799,55,901,526,58,234,61,18,60,0,True
EUW1_7617485604,15.23.728.3286,420,1779,CLASSIC,1,91,432,245,517,246,0,427,246,136,91,-1,68,35,161,202,497,904,31,134,236,555,1,True
EUW1_7617502717,15.23.728.3286,420,1861,CLASSIC,0,238,13,800,91,27,1,91,246,134,897,13,240,131,84,804,12,69,799,133,145,78,0,True
EUW1_7617521243,15.23.728.3286,420,1795,CLASSIC,0,246,92,-1,7,18,1,30,67,78,21,800,41,245,799,51,50,904,131,157,145,60,0,True
EUW1_7617535060,15.23.728.3286,420,1503,CLASSIC,1,799,55,54,91,-1,0,246,145,904,30,61,67,17,134,18,555,83,427,8,22,201,1,True
EUW1_7617538976,15.23.728.3286,420,2043,CLASSIC,1,432,904,119,35,238,0,233,246,91,40,145,98,799,910,21,497,41,59,777,800,267,1,True
EUW1_7617560734,15.23.728.3286,420,919,CLASSIC,1,238,37,91,246,107,0,91,555,134,432,800,68,121,777,115,111,893,799,81,136,40,1,True
EUW1_7617566980,15.23.728.3286,420,1218,CLASSIC,0,84,246,799,166,154,1,800,13,517,154,799,24,5,134,498,432,904,131,91,202,497,0,True
EUW1_7617586891,15.23.728.3286,420,912,CLASSIC,1,136,28,92,134,432,0,893,799,119,55,78,240,904,69,145,111,98,421,61,51,526,1,True
EUW1_7617593654,15.23.728.3286,420,1926,CLASSIC,1,43,901,555,432,92,0,432,24,555,133,245,41,30,90,804,526,23,131,517,51,12,1,True
EUW1_7617610876,15.23.728.3286,420,1593,CLASSIC,0,800,904,35,799,7,1,98,246,119,154,107,58,31,711,804,526,68,131,777,42,432,0,True
EUW1_7617626291,15.23.728.3286,420,1768,CLASSIC,1,800,78,555,40,13,0,83,800,-1,246,-1,92,154,133,134,111,897,799,61,901,904,1,True
EUW1_7617626499,15.23.728.3286,420,1812,CLASSIC,1,98,91,432,246,134,0,432,114,27,13,119,58,126,516,202,60,904,799,84,901,43,1,True
EUW1_7617648142,15.23.728.3286,420,1706,CLASSIC,0,799,107,134,30,804,1,91,246,-1,432,92,67,131,238,81,526,41,234,34,18,111,0,True
EUW1_7617660970,15.23.728.3286,420,2131,CLASSIC,1,800,-1,799,901,119,0,35,432,246,39,107,79,30,90,21,267,904,266,38,202,518,1,True
EUW1_7617675820,15.23.728.3286,420,1767,CLASSIC,1,133,432,245,904,18,0,84,18,427,800,27,68,799,61,202,12,887,421,134,22,497,1,True
EUW1_7617677196,15.23.728.3286,420,1256,CLASSIC,0,114,12,78,-1,91,1,107,61,432,17,13,904,154,517,21,92,266,141,246,145,60,0,True
EUW1_7617688739,15.23.728.3286,420,1590,CLASSIC,0,7,246,84,904,800,1,238,904,122,432,246,58,107,115,18,518,516,799,43,134,78,0,True
EUW1_7617706135,15.23.728.3286,420,1830,CLASSIC,0,432,78,799,92,107,1,13,91,800,555,92,41,154,134,145,32,887,35,133,901,12,0,True
EUW1_7617710213,15.23.728.3286,420,1522,CLASSIC,0,432,133,246,92,91,1,13,154,54,18,24,110,799,69,221,117,904,234,84,202,114,0,True
EUW1_7617726896,15.23.728.3286,420,1609,CLASSIC,0,30,136,799,246,80,1,432,133,136,91,904,897,238,800,202,40,98,517,13,804,12,0,True
EUW1_7617738969,15.23.728.3286,420,1726,CLASSIC,1,246,555,800,799,39,0,92,121,904,119,58,6,76,34,145,267,68,203,122,21,526,1,True
EUW1_7617741724,15.23.728.3286,420,1246,CLASSIC,1,24,432,133,-1,13,0,119,800,432,203,92,904,517,246,22,201,114,31,163,145,111,1,True
EUW1_7617753742,15.23.728.3286,420,2021,CLASSIC,0,145,432,89,98,134,1,36,7,53,114,40,887,517,126,202,497,85,246,800,81,888,0,True
EUW1_7617770464,15.23.728.3286,420,2286,CLASSIC,0,107,126,246,92,799,1,800,804,13,432,799,83,517,112,145,114,68,266,91,21,80,0,True
EUW1_7617782800,15.23.728.3286,420,959,CLASSIC,1,117,7,92,39,245,0,236,246,432,67,234,84,80,799,498,26,904,126,20,145,497,1,True
EUW1_7617786292,15.23.728.3286,420,1540,CLASSIC,0,246,421,432,904,84,1,-1,-1,126,800,13,41,154,45,15,526,27,799,134,804,497,0,True
EUW1_7617793056,15.23.728.3286,420,1549,CLASSIC,0,145,78,114,-1,246,1,246,904,238,67,555,68,799,142,107,10,43,60,31,21,64,0,True
EUW1_7617801044,15.23.728.3286,420,1829,CLASSIC,1,134,-1,800,43,246,0,555,10,246,126,-1,904,64,13,21,40,27,91,7,96,432,1,True
EUW1_7617804450,15.23.728.3286,420,918,CLASSIC,1,799,517,432,13,238,0,246,799,91,497,-1,14,60,245,145,32,897,76,34,804,555,1,True
EUW1_7617813150,15.23.728.3286,420,1613,CLASSIC,1,24,904,799,91,555,0,60,432,51,134,35,114,32,517,21,497,68,120,163,29,201,1,True
EUW1_7617845711,15.23.728.3286,420,2285,CLASSIC,1,64,904,555,119,799,0,555,119,904,122,91,9,121,800,15,117,4,68,246,18,432,1,True
EUW1_7617860012,15.23.728.3286,420,1258,CLASSIC,1,114,78,238,43,246,0,799,523,800,92,904,240,131,126,157,517,41,141,38,804,432,1,True
EUW1_7617872772,15.23.728.3286,420,1128,CLASSIC,1,121,246,110,8,-1,0,800,53,78,246,91,14,203,134,81,432,154,68,777,21,518,1,True
EUW1_7617875378,15.23.728.3286,420,1774,CLASSIC,1,91,54,69,134,246,0,69,904,555,119,114,67,266,17,21,412,85,107,14,804,267,1,True
EUW1_7617876667,15.23.728.3286,420,1339,CLASSIC,1,40,92,34,904,59,0,-1,799,238,904,555,41,2,517,202,89,17,131,157,800,16,1,True
EUW1_7617881559,15.23.728.3286,420,1929,CLASSIC,0,246,904,150,76,238,1,35,904,517,37,105,897,143,777,236,555,36,799,84,22,432,0,True
EUW1_7617886113,15.23.728.3286,420,1600,CLASSIC,1,238,893,40,904,800,0,904,555,799,-1,518,110,76,777,429,526,2,36,134,202,99,1,True
EUW1_7617894597,15.23.728.3286,420,1474,CLASSIC,0,517,238,799,904,58,1,246,895,58,53,3,92,200,61,81,432,126,76,84,157,518,0,True
EUW1_7617899240,15.23.728.3286,420,930,CLASSIC,1,107,800,518,517,555,0,35,233,117,555,39,904,76,126,51,40,893,31,238,18,53,1,True
EUW1_7617902515,15.23.728.3286,420,1749,CLASSIC,0,37,48,105,27,904,1,238,90,92,119,555,799,2,517,145,432,68,107,887,895,26,0,True
EUW1_7617907365,15.23.728.3286,420,2026,CLASSIC,1,799,246,145,518,39,0,91,246,84,555,35,6,64,61,800,12,110,80,105,15,432,1,True
EUW1_7617915896,15.23.728.3286,420,1691,CLASSIC,0,48,246,37,58,517,1,233,119,246,-1,24,92,2,7,202,432,79,234,84,15,267,0,True
EUW1_7617918695,15.23.728.3286,420,2075,CLASSIC,0,91,107,800,13,58,1,84,517,799,904,246,897,131,887,21,555,24,76,134,222,412,0,True
EUW1_7617924805,15.23.728.3286,420,1303,CLASSIC,1,246,432,92,40,555,0,166,24,904,107,555,41,76,99,145,12,91,17,34,21,111,1,True
EUW1_7617925998,15.23.728.3286,420,1466,CLASSIC,0,117,904,517,131,-1,1,58,517,134,238,246,114,141,38,42,37,92,76,26,236,555,0,True
EUW1_7617931066,15.23.728.3286,420,1796,CLASSIC,0,35,555,518,238,904,1,107,134,799,800,904,98,266,38,901,12,150,246,517,21,432,0,True
EUW1_7617940731,15.23.728.3286,420,1570,CLASSIC,0,432,266,555,799,92,1,-1,904,92,517,246,41,59,800,804,43,887,31,126,145,497,0,True
EUW1_7617949885,15.23.728.3286,420,1804,CLASSIC,0,246,119,35,15,432,1,432,246,904,141,58,114,234,800,18,555,799,76,134,202,526,0,True
EUW1_7617952832,15.23.728.3286,420,1790,CLASSIC,1,517,-1,246,-1,107,0,39,78,904,238,61,150,141,13,800,12,76,91,134,18,526,1,True
EUW1_7617957597,15.23.728.3286,420,1146,CLASSIC,0,64,555,-1,904,54,1,800,166,246,117,904,67,91,38,134,526,98,131,34,21,37,0,True
EUW1_7617962561,15.23.728.3286,420,1684,CLASSIC,0,17,-1,-1,432,555,1,555,904,246,39,92,24,266,134,42,40,126,517,157,110,99,0,True
EUW1_7617964643,15.23.728.3286,420,932,CLASSIC,0,432,134,13,904,238,1,43,266,246,904,517,24,64,84,804,16,897,91,103,21,44,0,True
EUW1_7617971951,15.23.728.3286,420,1543,CLASSIC,0,246,904,800,517,32,1,238,799,246,7,555,98,131,103,21,518,240,76,134,498,89,0,True
EUW1_7617974055,15.23.728.3286,420,1698,CLASSIC,0,246,107,141,134,804,1,76,122,91,904,61,150,31,777,800,526,266,799,84,145,201,0,True
EUW1_7617976983,15.23.728.3286,420,1478,CLASSIC,0,43,145,238,904,24,1,421,107,246,555,432,799,92,134,901,44,14,17,84,804,26,0,True
EUW1_7617982234,15.23.728.3286,420,917,CLASSIC,1,555,517,910,98,-1,0,246,-1,166,40,44,14,141,800,81,518,421,163,777,145,12,1,True
EUW1_7617983656,15.23.728.3286,420,1810,CLASSIC,1,-1,950,799,37,13,0,246,84,91,107,126,41,203,517,21,432,904,266,245,22,111,1,True
EUW1_7617989104,15.23.728.3286,420,1112,CLASSIC,1,904,246,36,58,526,0,64,246,799,800,432,92,131,901,147,89,897,56,61,51,12,1,True
EUW1_7617995702,15.23.728.3286,420,1527,CLASSIC,0,35,119,432,54,246,1,800,246,-1,84,799,67,64,13,18,111,904,104,79,145,89,0,True
EUW1_7618002671,15.23.728.3286,420,2041,CLASSIC,1,432,904,119,92,517,0,799,84,246,111,555,893,234,103,18,117,14,266,245,202,40,1,True
EUW1_7618005886,15.23.728.3286,420,1198,CLASSIC,1,31,107,910,432,799,0,134,107,555,246,91,41,517,897,21,43,27,904,893,800,32,1,True
EUW1_7618009780,15.23.728.3286,420,912,CLASSIC,0,92,107,246,432,799,1,-1,799,13,107,238,41,131,800,202,111,887,266,84,236,526,0,True
EUW1_7618015659,15.23.728.3286,420,2555,CLASSIC,1,800,555,432,84,266,0,91,105,517,107,246,6,799,55,26,40,2,126,163,145,22,1,True
EUW1_7618019439,15.23.728.3286,420,1214,CLASSIC,1,799,35,800,40,78,0,555,64,238,76,92,68,904,84,51,154,79,517,246,804,99,1,True
EUW1_7618024696,15.23.728.3286,420,923,CLASSIC,0,555,8,53,799,517,1,107,517,246,799,102,41,516,131,81,518,82,238,13,51,60,0,True
EUW1_7618025006,15.23.728.3286,420,1689,CLASSIC,1,91,799,904,800,107,0,78,58,134,432,-1,68,266,910,246,235,92,517,61,51,111,1,True
EUW1_7618037197,15.23.728.3286,420,1810,CLASSIC,1,904,246,238,799,58,0,799,555,54,84,904,36,76,45,21,53,80,5,245,145,40,1,True
EUW1_7618042110,15.23.728.3286,420,1539,CLASSIC,1,238,246,904,92,31,0,246,7,12,83,134,266,20,800,498,53,114,799,90,42,412,1,True
EUW1_7618056492,15.23.728.3286,420,1589,CLASSIC,1,517,523,107,904,804,0,58,30,91,-1,105,67,56,103,246,78,92,131,157,236,518,1,True
EUW1_7618060893,15.23.728.3286,420,1644,CLASSIC,1,111,76,107,40,13,0,804,904,-1,30,517,897,245,91,21,267,799,246,84,202,432,1,True
EUW1_7618065879,15.23.728.3286,420,1296,CLASSIC,1,799,117,246,28,432,0,555,136,92,-1,245,875,517,39,236,37,904,266,61,202,12,1,True
EUW1_7618076301,15.23.728.3286,420,1555,CLASSIC,1,-1,58,804,904,246,0,246,107,61,83,555,92,60,134,202,497,126,517,238,498,432,1,True
EUW1_7618076367,15.23.728.3286,420,2102,CLASSIC,0,246,58,-1,526,133,1,98,893,61,246,800,92,36,103,901,117,516,126,163,21,412,0,True
EUW1_7618082942,15.23.728.3286,420,1417,CLASSIC,1,31,246,517,83,-1,0,904,91,114,105,800,8,20,78,429,888,266,131,157,145,497,1,True
EUW1_7618095163,15.23.728.3286,420,1573,CLASSIC,0,800,107,-1,43,27,1,-1,84,126,35,799,904,517,69,246,44,6,120,8,145,526,0,True
EUW1_7618107224,15.23.728.3286,420,1617,CLASSIC,0,246,91,24,800,-1,1,31,800,804,799,904,157,131,90,81,432,2,238,163,21,78,0,True
EUW1_7618122613,15.23.728.3286,420,1125,CLASSIC,0,107,246,55,800,517,1,-1,904,61,114,800,36,799,103,21,555,39,64,8,145,78,0,True
EUW1_7618123492,15.23.728.3286,420,1129,CLASSIC,1,517,800,24,555,904,0,107,58,-1,40,904,110,91,13,895,37,150,72,134,15,117,1,True
EUW1_7618126044,15.23.728.3286,420,1674,CLASSIC,1,799,40,166,81,-1,0,91,119,800,83,-1,897,904,61,236,267,67,203,84,21,111,1,True
EUW1_7618142647,15.23.728.3286,420,1691,CLASSIC,0,40,904,246,266,799,1,35,13,432,904,800,41,60,1,498,555,83,107,91,142,518,0,True
EUW1_7618147687,15.23.728.3286,420,1675,CLASSIC,0,555,517,53,107,83,1,904,107,157,35,134,8,126,518,119,40,98,238,90,145,432,0,True
EUW1_7618153121,15.23.728.3286,420,1049,CLASSIC,0,800,122,107,238,497,1,246,107,517,526,84,58,76,13,804,60,904,799,3,115,267,0,True
EUW1_7618157709,15.23.728.3286,420,1119,CLASSIC,0,43,50,55,266,76,1,107,91,904,555,39,6,126,7,895,44,60,246,134,498,16,0,True
EUW1_7618160785,15.23.728.3286,420,1548,CLASSIC,0,114,166,555,107,-1,1,800,40,72,92,517,904,36,134,21,432,41,266,163,22,412,0,True
EUW1_7618171331,15.23.728.3286,420,1553,CLASSIC,1,134,78,432,107,246,0,800,13,799,68,-1,41,36,1,15,526,114,126,133,245,235,1,True
EUW1_7618180012,15.23.728.3286,420,1864,CLASSIC,0,800,234,266,107,904,1,107,43,799,517,246,6,35,134,21,432,14,131,18,804,44,0,True
EUW1_7618189569,15.23.728.3286,420,1714,CLASSIC,0,119,134,103,555,92,1,107,55,246,799,-1,122,516,517,202,526,67,238,800,145,432,0,True
EUW1_7618191233,15.23.728.3286,420,1761,CLASSIC,1,799,107,555,-1,904,0,84,555,800,91,58,68,246,910,498,40,92,517,134,18,432,1,True
EUW1_7618192326,15.23.728.3286,420,1970,CLASSIC,0,238,-1,-1,-1,114,1,-1,119,800,517,432,68,72,134,236,235,516,120,157,63,26,0,True
EUW1_7618214607,15.23.728.3286,420,2088,CLASSIC,0,119,246,107,134,40,1,432,91,-1,78,92,41,234,114,42,267,904,517,142,81,43,0,True
EUW1_7618221681,15.23.728.3286,420,1774,CLASSIC,1,41,800,555,43,39,0,799,432,35,84,904,60,30,80,523,201,2,32,105,145,526,1,True
EUW1_7618223049,15.23.728.3286,420,1623,CLASSIC,1,120,904,800,134,13,0,800,120,78,246,904,58,105,133,202,432,54,20,163,21,526,1,True
EUW1_7618231623,15.23.728.3286,420,1439,CLASSIC,0,800,517,432,-1,43,1,238,804,555,800,246,904,516,84,21,44,799,64,61,81,40,0,True
EUW1_7618237032,15.23.728.3286,420,1513,CLASSIC,1,799,15,526,107,35,0,432,43,234,910,98,904,246,8,81,555,24,154,800,67,40,1,True
EUW1_7618243936,15.23.728.3286,420,2087,CLASSIC,0,134,92,35,76,114,1,-1,84,904,526,92,98,62,1,145,43,517,54,238,81,53,0,True
EUW1_7618261350,15.23.728.3286,420,912,CLASSIC,0,517,800,234,904,799,1,-1,246,35,133,904,98,516,163,18,164,2,31,238,145,518,0,True
EUW1_7618263578,15.23.728.3286,420,1727,CLASSIC,1,13,-1,107,555,800,0,9,107,555,240,904,897,163,55,222,526,106,59,777,893,43,1,True
EUW1_7618273017,15.23.728.3286,420,1411,CLASSIC,1,555,432,800,25,238,0,246,800,98,-1,39,904,5,142,804,40,14,107,134,21,526,1,True
EUW1_7618274197,15.23.728.3286,420,916,CLASSIC,0,246,35,904,517,126,1,432,904,55,246,517,114,799,134,22,40,14,245,25,804,12,0,True
EUW1_7618277180,15.23.728.3286,420,1479,CLASSIC,0,84,-1,526,107,7,1,134,92,107,432,246,904,105,13,145,555,41,30,517,21,32,0,True
EUW1_7618292430,15.23.728.3286,420,915,CLASSIC,0,432,799,76,517,91,1,904,555,246,35,-1,523,31,103,897,43,150,48,126,115,12,0,True
EUW1_7618300284,15.23.728.3286,420,2018,CLASSIC,0,35,804,114,800,555,1,246,238,39,555,245,98,143,904,21,111,6,91,1,51,99,0,True
EUW1_7618301026,15.23.728.3286,420,1688,CLASSIC,0,27,43,13,39,804,1,799,246,35,7,904,17,54,133,81,897,83,266,517,145,518,0,True
EUW1_7618303370,15.23.728.3286,420,1719,CLASSIC,1,91,246,799,555,40,0,134,-1,432,799,800,904,131,61,42,117,114,234,1,145,518,1,True
EUW1_7618319386,15.23.728.3286,420,1571,CLASSIC,1,432,107,68,799,800,0,800,30,78,799,517,904,64,163,21,526,14,246,893,804,201,1,True
EUW1_7618323427,15.23.728.3286,420,2556,CLASSIC,1,76,13,55,35,904,0,107,91,-1,-1,246,98,238,84,81,432,150,799,142,901,78,1,True
EUW1_7618332718,15.23.728.3286,420,1519,CLASSIC,1,78,40,901,266,904,0,-1,904,92,246,432,166,76,90,51,43,893,107,91,21,111,1,True
EUW1_7618346621,15.23.728.3286,420,1856,CLASSIC,1,904,91,432,39,35,0,555,799,134,893,246,266,19,90,21,78,58,517,6,145,201,1,True
EUW1_7618355224,15.23.728.3286,420,1661,CLASSIC,0,246,-1,37,131,-1,1,30,904,107,13,40,897,35,777,800,432,67,517,133,901,12,0,True
EUW1_7618376910,15.23.728.3286,420,1838,CLASSIC,1,432,58,904,246,800,0,163,126,119,800,51,92,517,61,21,111,266,64,134,145,201,1,True
EUW1_7618385316,15.23.728.3286,420,1605,CLASSIC,0,432,-1,800,526,78,1,901,897,39,31,-1,19,107,25,804,12,904,64,90,15,79,0,True
EUW1_7618399093,15.23.728.3286,420,1429,CLASSIC,0,246,800,904,804,91,1,799,91,35,904,92,126,31,61,51,60,41,143,950,221,518,0,True
EUW1_7618401875,15.23.728.3286,420,1626,CLASSIC,1,238,-1,246,55,107,0,800,-1,68,555,-1,887,266,34,236,432,6,799,3,30,235,1,True
EUW1_7618405294,15.23.728.3286,420,1440,CLASSIC,1,133,904,35,246,432,0,145,13,799,555,904,14,131,157,18,12,2,517,91,115,40,1,True
EUW1_7618420686,15.23.728.3286,420,2244,CLASSIC,0,107,804,893,30,799,1,22,238,246,234,555,68,126,103,81,432,78,35,800,145,40,0,True
EUW1_7618423141,15.23.728.3286,420,1811,CLASSIC,0,35,804,91,43,39,1,555,904,517,107,246,14,799,61,145,44,54,245,18,21,267,0,True
EUW1_7618452411,15.23.728.3286,420,1120,CLASSIC,0,238,92,35,107,246,1,31,163,432,84,800,41,131,523,202,43,904,517,134,21,555,0,True
EUW1_7618454534,15.23.728.3286,420,1568,CLASSIC,0,432,122,107,897,7,1,-1,107,28,246,163,904,131,157,15,79,887,427,58,804,12,0,True
EUW1_7618462060,15.23.728.3286,420,1389,CLASSIC,1,432,13,78,24,904,0,904,84,145,266,800,887,517,246,202,518,98,64,103,115,526,1,True
EUW1_7618470048,15.23.728.3286,420,1512,CLASSIC,1,166,92,-1,246,804,0,91,904,245,24,39,54,517,112,145,78,23,799,84,202,111,1,True
EUW1_7618487912,15.23.728.3286,420,1908,CLASSIC,1,31,517,246,555,81,0,804,-1,904,55,800,887,421,777,910,40,126,266,897,115,432,1,True
EUW1_7618499012,15.23.728.3286,420,1426,CLASSIC,0,555,246,238,800,517,1,163,35,107,800,92,245,76,166,119,43,54,234,711,804,201,0,True
EUW1_7618511552,15.23.728.3286,420,2015,CLASSIC,1,78,432,107,84,119,0,897,107,266,122,432,887,24,134,157,12,904,200,893,30,79,1,True
EUW1_7618523144,15.23.728.3286,420,1943,CLASSIC,0,887,555,904,13,432,1,92,904,98,246,238,799,131,91,221,40,58,234,134,15,517,0,True
EUW1_7618546301,15.23.728.3286,420,1628,CLASSIC,1,-1,35,800,432,245,0,800,41,238,-1,58,893,266,7,895,555,92,246,163,145,526,1,True
EUW1_7618584472,15.23.728.3286,420,1401,CLASSIC,0,799,904,246,107,-1,1,122,804,517,103,897,14,30,134,21,432,777,245,161,81,555,0,True
EUW1_7618584905,15.23.728.3286,420,1361,CLASSIC,0,517,800,904,136,-1,1,91,134,432,107,31,68,266,18,145,526,893,64,6,67,117,0,True
EUW1_7618606588,15.23.728.3286,420,1592,CLASSIC,1,98,246,84,904,800,0,-1,131,91,13,904,517,64,777,145,497,58,266,245,804,201,1,True
EUW1_7618617643,15.23.728.3286,420,911,CLASSIC,0,58,800,432,555,246,1,800,35,163,27,245,92,266,134,21,99,114,234,4,202,53,0,True
EUW1_7618622347,15.23.728.3286,420,1277,CLASSIC,0,246,432,114,78,800,1,555,246,799,800,904,266,76,105,21,497,58,64,4,18,12,0,True
EUW1_7618626357,15.23.728.3286,420,1696,CLASSIC,0,804,800,246,245,555,1,432,166,799,107,245,74,28,777,81,43,30,56,904,21,89,0,True
EUW1_7618641397,15.23.728.3286,420,1500,CLASSIC,1,799,246,107,897,119,0,134,31,246,67,122,904,121,800,804,555,887,36,69,21,26,1,True
EUW1_7618655737,15.23.728.3286,420,1962,CLASSIC,0,800,27,92,238,91,1,163,432,13,107,-1,904,266,910,804,897,31,517,246,523,111,0,True
EUW1_7618698600,15.23.728.3286,420,933,CLASSIC,1,58,800,85,432,30,0,799,81,904,246,91,92,31,1,21,53,897,28,238,221,117,1,True
EUW1_7618704166,15.23.728.3286,420,1344,CLASSIC,0,246,126,804,432,134,1,30,78,238,897,92,904,131,69,81,526,110,154,777,800,80,0,True
EUW1_7618714120,15.23.728.3286,420,1680,CLASSIC,0,154,246,432,92,800,1,555,68,13,904,163,126,254,910,81,43,6,234,84,145,518,0,True
EUW1_7618728180,15.23.728.3286,420,1683,CLASSIC,1,432,92,-1,246,111,0,133,246,107,163,904,58,799,1,30,267,114,131,134,804,117,1,True
EUW1_7618746656,15.23.728.3286,420,1977,CLASSIC,0,800,432,92,246,91,1,246,238,555,91,13,799,126,142,21,111,58,421,133,115,99,0,True
EUW1_7618782563,15.23.728.3286,420,1309,CLASSIC,0,555,55,800,904,114,1,799,13,76,91,31,58,131,157,21,117,79,107,246,804,432,0,True
EUW1_7618784253,15.23.728.3286,420,1135,CLASSIC,1,246,800,432,114,53,0,119,91,800,107,904,14,421,13,18,888,266,517,163,145,111,1,True
EUW1_7618786778,15.23.728.3286,420,1786,CLASSIC,1,55,904,555,107,35,0,800,-1,904,246,432,41,517,25,21,111,266,799,84,136,267,1,True
EUW1_7618809525,15.23.728.3286,420,1986,CLASSIC,1,555,76,800,799,246,0,67,60,13,555,114,68,107,4,202,43,904,62,133,50,111,1,True
EUW1_7618812254,15.23.728.3286,420,1543,CLASSIC,0,51,78,517,24,13,1,800,246,53,238,904,14,799,84,21,432,114,421,3,202,888,0,True
EUW1_7618816252,15.23.728.3286,420,912,CLASSIC,0,800,126,246,555,111,1,904,800,78,245,-1,92,62,163,136,267,266,238,161,119,43,0,True
EUW1_7618832712,15.23.728.3286,420,1243,CLASSIC,0,246,84,40,887,35,1,7,904,107,114,246,245,234,2,18,888,67,64,55,15,12,0,True
EUW1_7618838245,15.23.728.3286,420,1752,CLASSIC,1,91,799,3,238,-1,0,119,134,800,904,555,58,266,38,81,40,114,64,45,523,432,1,True
EUW1_7618845880,15.23.728.3286,420,910,CLASSIC,1,107,246,800,92,904,0,800,517,133,13,54,58,427,163,523,12,67,91,61,804,526,1,True
EUW1_7618847346,15.23.728.3286,420,910,CLASSIC,1,119,266,84,432,246,0,800,44,107,59,72,6,121,910,29,412,39,427,517,804,267,1,True
EUW1_7618848817,15.23.728.3286,420,1479,CLASSIC,0,246,238,67,904,107,1,53,7,19,200,13,887,141,84,145,80,24,5,133,55,888,0,True
EUW1_7618855025,15.23.728.3286,420,2108,CLASSIC,1,53,54,64,555,11,0,555,-1,-1,111,904,67,91,7,136,80,897,234,142,145,432,1,True
EUW1_7618859923,15.23.728.3286,420,2569,CLASSIC,0,5,904,432,84,246,1,910,163,799,904,13,68,107,800,804,78,897,245,91,202,526,0,True
EUW1_7618866170,15.23.728.3286,420,1861,CLASSIC,0,7,-1,904,59,126,1,904,800,246,54,555,27,517,161,119,526,799,76,777,99,40,0,True
EUW1_7618870770,15.23.728.3286,420,1714,CLASSIC,1,800,69,84,266,555,0,800,497,39,526,134,8,904,238,18,40,13,246,799,22,142,1,True
EUW1_7618881421,15.23.728.3286,420,1801,CLASSIC,0,67,91,800,245,-1,1,246,134,40,84,91,904,799,61,804,432,58,76,69,157,111,0,True
EUW1_7618891060,15.23.728.3286,420,2293,CLASSIC,1,119,24,78,84,555,0,555,432,29,246,126,114,421,112,81,99,92,62,800,202,32,1,True
EUW1_7618896447,15.23.728.3286,420,1274,CLASSIC,0,246,200,136,517,84,1,555,83,904,800,91,39,234,245,202,111,79,799,50,81,40,0,True
EUW1_7618905256,15.23.728.3286,420,1786,CLASSIC,1,904,40,114,134,799,0,246,78,238,84,107,68,234,126,804,526,39,59,99,221,800,1,True
EUW1_7618908904,15.23.728.3286,420,1556,CLASSIC,1,76,904,800,39,40,0,246,69,799,117,555,14,107,50,119,111,24,517,134,145,432,1,True
EUW1_7618918666,15.23.728.3286,420,1371,CLASSIC,0,432,555,134,126,54,1,28,800,246,82,76,92,799,61,145,111,58,131,18,236,267,0,True
EUW1_7618921389,15.23.728.3286,420,1360,CLASSIC,0,117,114,246,121,800,1,92,84,246,134,432,24,54,163,901,37,68,76,904,202,164,0,True
EUW1_7618921781,15.23.728.3286,420,2528,CLASSIC,1,78,246,126,904,34,0,800,145,245,517,122,92,238,893,42,142,799,54,887,157,412,1,True
EUW1_7618939845,15.23.728.3286,420,1842,CLASSIC,1,246,105,141,238,91,0,800,517,-1,-1,40,79,76,887,895,37,39,24,134,29,80,1,True
EUW1_7618944999,15.23.728.3286,420,2676,CLASSIC,0,246,39,432,201,238,1,246,91,518,555,6,24,234,127,800,526,67,17,157,29,412,0,True
EUW1_7618962548,15.23.728.3286,420,1854,CLASSIC,0,246,799,76,53,91,1,201,7,555,799,238,3,254,777,800,518,36,131,266,119,40,0,True
EUW1_7618963567,15.23.728.3286,420,1492,CLASSIC,1,114,13,432,119,246,0,114,84,117,904,119,126,131,133,115,111,266,799,29,15,201,1,True
EUW1_7618968315,15.23.728.3286,420,1687,CLASSIC,1,54,7,201,238,246,0,904,804,14,799,-1,133,76,134,119,526,107,517,13,202,432,1,True
EUW1_7618970257,15.23.728.3286,420,1235,CLASSIC,1,92,84,555,-1,800,0,238,246,39,43,904,14,799,67,221,201,6,131,517,18,44,1,True
EUW1_7618972545,15.23.728.3286,420,1672,CLASSIC,0,799,54,201,-1,78,1,91,800,-1,517,24,67,266,84,157,526,777,234,126,30,12,0,True
EUW1_7618984781,15.23.728.3286,420,1652,CLASSIC,1,39,246,555,37,711,0,804,904,-1,799,84,6,131,157,202,432,54,48,67,800,26,1,True
EUW1_7618986567,15.23.728.3286,420,1744,CLASSIC,1,114,555,246,78,55,0,67,43,134,35,904,799,238,7,804,117,58,59,893,222,44,1,True
EUW1_7618991931,15.23.728.3286,420,1711,CLASSIC,1,107,904,517,799,246,0,119,246,432,107,555,266,121,134,51,60,150,421,893,222,40,1,True
EUW1_7618994860,15.23.728.3286,420,1701,CLASSIC,0,67,107,246,555,105,1,246,84,238,904,114,517,62,13,21,497,79,126,245,901,526,0,True
EUW1_7618996074,15.23.728.3286,420,1982,CLASSIC,1,517,904,84,119,122,0,31,92,53,432,517,24,799,134,145,43,80,105,238,21,518,1,True
EUW1_7619001019,15.23.728.3286,420,917,CLASSIC,0,122,59,804,904,800,1,122,246,111,84,-1,799,20,950,51,432,14,200,29,15,40,0,True
EUW1_7619010702,15.23.728.3286,420,1747,CLASSIC,1,238,134,799,119,-1,0,432,114,58,800,107,904,203,61,81,89,67,92,103,42,26,1,True
EUW1_7619014745,15.23.728.3286,420,1348,CLASSIC,1,238,105,518,29,246,0,555,238,24,107,246,154,131,157,800,432,904,517,61,202,89,1,True
EUW1_7619015065,15.23.728.3286,420,2118,CLASSIC,0,555,904,84,58,246,1,53,238,119,92,517,114,126,105,29,497,14,141,800,21,518,0,True
EUW1_7619016441,15.23.728.3286,420,1596,CLASSIC,1,799,35,432,119,92,0,246,555,91,238,432,126,904,134,21,800,150,234,84,202,53,1,True
EUW1_7619031815,15.23.728.3286,420,961,CLASSIC,0,67,134,432,555,107,1,246,555,131,238,-1,904,517,126,115,40,799,31,800,901,526,0,True
EUW1_7619032976,15.23.728.3286,420,1628,CLASSIC,0,24,800,799,84,119,1,76,432,83,246,-1,904,950,61,523,40,266,143,134,145,53,0,True
EUW1_7619037073,15.23.728.3286,420,2349,CLASSIC,1,799,58,107,134,91,0,107,119,246,134,904,897,17,163,145,266,14,131,90,523,12,1,True
EUW1_7619041119,15.23.728.3286,420,1564,CLASSIC,1,105,60,555,67,432,0,122,246,35,904,555,14,517,29,202,40,114,72,245,901,497,1,True
EUW1_7619051675,15.23.728.3286,420,1720,CLASSIC,1,246,904,517,119,26,0,-1,92,117,67,91,6,120,134,145,111,126,266,7,51,432,1,True
EUW1_7619057741,15.23.728.3286,420,1789,CLASSIC,0,799,60,136,36,122,1,107,800,555,91,92,34,904,157,21,111,68,246,90,119,518,0,True
EUW1_7619059732,15.23.728.3286,420,1237,CLASSIC,0,-1,31,246,78,432,1,141,238,517,119,-1,83,799,800,21,98,904,266,103,145,89,0,True
EUW1_7619061989,15.23.728.3286,420,1495,CLASSIC,1,38,114,902,238,517,0,432,246,114,111,166,904,82,112,22,53,240,131,134,202,43,1,True
EUW1_7619063194,15.23.728.3286,420,944,CLASSIC,0,517,55,904,84,107,1,114,246,804,555,122,41,141,245,81,432,799,238,901,30,40,0,True
EUW1_7619067768,15.23.728.3286,420,2251,CLASSIC,1,61,904,67,517,555,0,7,432,134,800,904,122,98,50,202,37,114,64,69,81,53,1,True
EUW1_7619070175,15.23.728.3286,420,2139,CLASSIC,1,119,91,29,246,-1,0,78,555,904,107,246,14,131,90,21,518,126,517,115,498,497,1,True
EUW1_7619076543,15.23.728.3286,420,1660,CLASSIC,1,-1,432,246,61,799,0,904,78,105,43,35,24,36,8,21,497,887,107,157,800,60,1,True
EUW1_7619084918,15.23.728.3286,420,919,CLASSIC,0,40,246,904,107,91,1,-1,799,517,526,122,150,60,1,804,267,39,30,103,22,432,0,True
EUW1_7619094175,15.23.728.3286,420,1706,CLASSIC,1,432,114,91,134,107,0,24,107,-1,432,166,68,904,43,202,12,59,98,910,21,111,1,True
EUW1_7619098883,15.23.728.3286,420,2099,CLASSIC,0,555,90,904,78,31,1,131,21,107,134,29,150,246,517,101,497,54,799,61,145,526,0,True
EUW1_7619104162,15.23.728.3286,420,1115,CLASSIC,1,-1,517,555,30,114,0,107,804,432,91,201,799,904,3,800,526,24,76,84,21,12,1,True
EUW1_7619104865,15.23.728.3286,420,2015,CLASSIC,0,157,432,799,126,133,1,-1,43,517,246,122,114,76,800,21,111,893,59,103,81,80,0,True
EUW1_7619121184,15.23.728.3286,420,1437,CLASSIC,0,238,119,91,555,58,1,166,800,-1,238,27,36,30,18,21,518,904,246,134,81,432,0,True
EUW1_7619122994,15.23.728.3286,420,1941,CLASSIC,1,432,246,134,238,91,0,246,24,432,904,517,126,131,157,99,223,6,518,61,22,111,1,True
EUW1_7619131486,15.23.728.3286,420,1760,CLASSIC,1,-1,107,246,517,800,0,246,126,107,800,21,904,36,103,804,12,27,56,50,202,432,1,True
EUW1_7619134339,15.23.728.3286,420,1388,CLASSIC,1,91,34,201,21,98,0,799,800,83,145,432,14,131,238,51,43,8,246,103,804,111,1,True
EUW1_7619136511,15.23.728.3286,420,914,CLASSIC,1,432,78,904,-1,-1,0,119,107,134,60,121,98,36,21,800,526,68,238,90,18,111,1,True
EUW1_7619140270,15.23.728.3286,420,1727,CLASSIC,0,134,35,39,233,526,1,104,24,432,114,107,60,54,777,42,78,799,203,904,800,117,0,True
EUW1_7619149020,15.23.728.3286,420,2103,CLASSIC,0,555,30,111,432,58,1,107,800,27,136,24,92,517,126,50,40,39,31,134,523,235,0,True
EUW1_7619150316,15.23.728.3286,420,1597,CLASSIC,1,78,804,54,117,904,0,58,53,799,134,246,67,107,901,115,37,92,234,90,236,40,1,True
EUW1_7619164634,15.23.728.3286,420,1648,CLASSIC,0,432,40,134,107,-1,1,21,432,246,107,134,904,517,910,22,43,266,20,69,18,111,0,True
EUW1_7619166004,15.23.728.3286,420,1807,CLASSIC,0,246,83,800,555,34,1,91,555,517,904,107,8,799,238,804,117,150,36,103,145,78,0,True
EUW1_7619172335,15.23.728.3286,420,1518,CLASSIC,1,799,98,13,-1,555,0,904,157,800,432,91,14,77,777,21,111,122,64,69,145,60,1,True
EUW1_7619186034,15.23.728.3286,420,2004,CLASSIC,1,107,117,517,-1,78,0,107,799,67,246,27,904,5,134,42,37,122,131,157,235,555,1,True
EUW1_7619198968,15.23.728.3286,420,1568,CLASSIC,0,904,246,238,517,555,1,904,555,246,134,432,897,5,1,221,147,893,20,777,119,43,0,True
EUW1_7619207470,15.23.728.3286,420,915,CLASSIC,1,804,60,7,61,432,0,58,799,164,800,24,78,904,50,222,555,92,517,14,202,12,1,True
EUW1_7619212355,15.23.728.3286,420,1444,CLASSIC,0,21,92,799,-1,40,1,804,800,134,91,107,41,421,67,523,432,68,517,69,81,43,0,True
EUW1_7619221324,15.23.728.3286,420,1794,CLASSIC,1,90,804,517,555,92,0,904,804,58,84,246,39,59,518,800,80,799,30,112,21,412,1,True
EUW1_7619229977,15.23.728.3286,420,916,CLASSIC,1,893,-1,119,904,67,0,134,78,904,555,901,122,203,517,800,111,126,107,90,910,26,1,True
EUW1_7619231210,15.23.728.3286,420,2128,CLASSIC,0,54,7,13,68,904,1,64,517,-1,904,20,6,105,133,21,526,799,91,1,804,89,0,True
EUW1_7619253589,15.23.728.3286,420,1106,CLASSIC,0,107,-1,69,904,40,1,41,904,69,107,27,68,517,126,22,497,897,246,119,800,555,0,True
EUW1_7619257992,15.23.728.3286,420,1870,CLASSIC,1,107,24,119,166,78,0,92,246,119,43,78,68,799,112,21,518,904,64,84,800,44,1,True
EUW1_7619260158,15.23.728.3286,420,1980,CLASSIC,0,800,30,7,246,799,1,800,238,904,134,555,98,64,245,804,80,114,131,69,15,37,0,True
EUW1_7619277421,15.23.728.3286,420,1468,CLASSIC,1,904,799,27,13,246,0,555,111,-1,107,134,2,517,133,34,78,14,64,103,51,43,1,True
EUW1_7619281068,15.23.728.3286,420,914,CLASSIC,0,107,43,91,904,202,1,-1,60,234,246,432,114,238,50,800,40,126,517,13,236,80,0,True
EUW1_7619300875,15.23.728.3286,420,1907,CLASSIC,1,39,84,78,432,107,0,800,31,799,107,266,904,517,134,202,89,98,238,45,21,201,1,True
EUW1_7619311772,15.23.728.3286,420,1379,CLASSIC,0,799,246,-1,134,800,1,233,904,800,555,78,69,517,126,81,40,36,64,84,804,43,0,True
EUW1_7619317109,15.23.728.3286,420,1446,CLASSIC,0,517,133,134,246,107,1,-1,238,34,904,246,897,131,157,163,78,8,76,58,429,12,0,True
EUW1_7619323794,15.23.728.3286,420,1242,CLASSIC,1,517,67,111,119,35,0,91,154,246,7,92,19,63,799,429,80,58,78,10,202,518,1,True
EUW1_7619339525,15.23.728.3286,420,2268,CLASSIC,1,7,904,64,-1,432,0,13,91,800,246,58,68,141,157,161,526,92,517,133,67,12,1,True
EUW1_7619349345,15.23.728.3286,420,942,CLASSIC,1,800,91,60,58,233,0,-1,78,111,432,-1,799,62,84,804,555,904,238,134,22,43,1,True
EUW1_7619351416,15.23.728.3286,420,1836,CLASSIC,0,119,24,64,-1,517,1,799,84,119,163,35,904,91,50,21,78,150,54,245,429,44,0,True
EUW1_7619362932,15.23.728.3286,420,1293,CLASSIC,0,246,804,245,904,799,1,7,432,904,246,98,24,266,134,800,235,517,36,61,114,89,0,True
EUW1_7619363828,15.23.728.3286,420,1262,CLASSIC,1,107,54,517,134,131,0,517,134,126,131,904,83,91,166,236,518,27,5,133,145,111,1,True
EUW1_7619371662,15.23.728.3286,420,1761,CLASSIC,1,266,800,238,134,78,0,799,27,201,904,246,98,31,126,115,526,114,517,897,119,518,1,True
EUW1_7619381389,15.23.728.3286,420,1390,CLASSIC,1,84,555,-1,245,799,0,27,800,91,60,68,904,64,163,161,40,67,246,142,804,80,1,True
EUW1_7619389747,15.23.728.3286,420,1399,CLASSIC,1,91,119,121,904,254,0,904,84,555,7,42,68,59,134,804,89,266,64,800,21,43,1,True
EUW1_7619396957,15.23.728.3286,420,1421,CLASSIC,1,83,54,84,517,119,0,91,61,122,107,246,133,120,245,110,12,904,5,6,18,201,1,True
EUW1_7619410050,15.23.728.3286,420,1418,CLASSIC,1,246,517,78,245,134,0,-1,54,246,432,122,69,107,518,804,117,904,266,61,21,12,1,True
EUW1_7619424460,15.23.728.3286,420,1803,CLASSIC,1,904,799,800,-1,246,0,107,799,27,246,84,114,517,115,42,89,126,238,134,145,98,1,True
EUW1_7619437832,15.23.728.3286,420,1624,CLASSIC,0,27,126,53,58,22,1,27,799,246,91,-1,887,6,134,236,235,83,59,800,18,40,0,True
EUW1_7619446771,15.23.728.3286,420,1476,CLASSIC,1,91,76,245,133,800,0,12,112,133,91,799,78,107,163,221,40,98,266,25,360,111,1,True
EUW1_7619447567,15.23.728.3286,420,1594,CLASSIC,1,238,904,799,432,246,0,517,35,-1,246,84,126,131,103,21,526,83,59,245,202,12,1,True
EUW1_7619459331,15.23.728.3286,420,1036,CLASSIC,0,555,-1,517,83,54,1,107,246,432,-1,233,133,36,103,18,117,904,799,163,360,111,0,True
EUW1_7619460777,15.23.728.3286,420,1621,CLASSIC,0,107,-1,517,238,800,1,107,517,31,246,-1,266,126,134,21,53,897,54,84,804,412,0,True
EUW1_7619481524,15.23.728.3286,420,1597,CLASSIC,0,166,238,246,67,804,1,555,246,517,35,107,904,799,7,21,235,24,245,14,202,432,0,True
EUW1_7619489685,15.23.728.3286,420,1243,CLASSIC,1,432,555,107,893,266,0,60,904,246,800,27,98,799,145,42,40,67,36,142,21,80,1,True
EUW1_7619489773,15.23.728.3286,420,1580,CLASSIC,1,-1,119,904,133,107,0,804,246,-1,111,98,14,799,45,15,3,517,245,221,800,12,1,True
EUW1_7619496406,15.23.728.3286,420,1788,CLASSIC,1,107,517,266,246,163,0,78,35,800,91,83,58,799,103,42,40,133,64,910,157,12,1,True
EUW1_7619523934,15.23.728.3286,420,1126,CLASSIC,0,238,904,799,800,246,1,92,27,517,246,134,897,266,115,498,518,58,245,90,202,432,0,True
EUW1_7619530620,15.23.728.3286,420,1333,CLASSIC,1,246,799,804,24,-1,0,804,91,246,40,-1,904,54,119,145,432,126,517,84,202,12,1,True
EUW1_7619535110,15.23.728.3286,420,1805,CLASSIC,1,200,-1,55,80,246,0,246,21,800,54,-1,897,131,163,51,57,133,421,112,202,412,1,True
EUW1_7619538150,15.23.728.3286,420,1491,CLASSIC,0,804,266,245,904,107,1,35,268,107,-1,-1,98,799,133,800,12,31,238,61,22,89,0,True
EUW1_7619563746,15.23.728.3286,420,1677,CLASSIC,0,76,134,81,245,92,1,78,245,84,166,133,904,246,61,30,555,67,64,103,498,497,0,True
EUW1_7619567566,15.23.728.3286,420,1617,CLASSIC,0,78,432,91,27,246,1,432,238,799,-1,526,69,131,39,157,111,126,517,904,96,201,0,True
EUW1_7619568281,15.23.728.3286,420,1854,CLASSIC,1,91,40,238,432,246,0,800,24,897,246,904,516,126,103,202,518,68,107,61,81,111,1,True
EUW1_7619594570,15.23.728.3286,420,1672,CLASSIC,1,800,40,432,163,58,0,78,246,69,517,98,67,54,910,804,117,904,799,103,145,267,1,True
EUW1_7619609458,15.23.728.3286,420,1389,CLASSIC,1,40,238,91,134,518,0,246,555,117,-1,55,68,266,69,42,44,904,5,61,136,43,1,True
EUW1_7619615845,15.23.728.3286,420,1360,CLASSIC,1,122,91,555,800,517,0,84,432,35,904,67,887,64,142,22,201,799,516,99,245,111,1,True
EUW1_7619634866,15.23.728.3286,420,1807,CLASSIC,1,126,40,246,166,-1,0,76,904,800,432,157,27,234,134,147,497,13,799,4,145,32,1,True
EUW1_7619652447,15.23.728.3286,420,1370,CLASSIC,0,555,40,-1,91,800,1,119,92,432,804,238,420,799,61,136,267,904,266,13,202,60,0,True
EUW1_7619657658,15.23.728.3286,420,1521,CLASSIC,1,91,246,55,800,245,0,517,432,904,53,234,41,266,61,221,117,14,799,112,18,40,1,True
EUW1_7619660887,15.23.728.3286,420,1736,CLASSIC,0,897,-1,246,799,517,1,117,799,800,67,107,904,245,79,110,555,126,234,142,163,40,0,True
EUW1_7619679436,15.23.728.3286,420,1981,CLASSIC,0,91,18,246,15,114,1,555,432,246,78,68,904,517,897,202,497,67,799,84,21,117,0,True
EUW1_7619694692,15.23.728.3286,420,1502,CLASSIC,1,92,84,800,91,246,0,119,91,84,246,30,266,234,55,142,40,126,36,517,21,526,1,True
EUW1_7619702557,15.23.728.3286,420,1131,CLASSIC,0,246,800,799,98,804,1,432,107,904,240,246,517,72,142,202,518,897,131,134,21,526,0,True
EUW1_7619710731,15.23.728.3286,420,1423,CLASSIC,1,163,31,799,91,266,0,67,555,245,-1,904,875,131,800,21,12,887,234,157,69,526,1,True
EUW1_7619735715,15.23.728.3286,420,1257,CLASSIC,0,246,166,238,91,432,1,92,555,245,246,518,126,799,134,145,111,98,59,800,136,12,0,True
EUW1_7619739599,15.23.728.3286,420,1676,CLASSIC,1,119,799,517,238,91,0,107,246,7,-1,517,777,245,134,804,526,126,427,893,222,89,1,True
EUW1_7619745657,15.23.728.3286,420,1641,CLASSIC,0,236,555,134,122,904,1,114,91,60,7,897,14,238,887,804,117,24,266,161,202,432,0,True
EUW1_7619749515,15.23.728.3286,420,1392,CLASSIC,0,55,904,238,526,-1,1,78,27,84,163,15,122,246,61,18,111,13,799,517,21,12,0,True
EUW1_7619753453,15.23.728.3286,420,2425,CLASSIC,0,69,91,64,-1,799,1,43,91,555,904,13,126,56,163,800,111,54,76,133,81,89,0,True
EUW1_7619753537,15.23.728.3286,420,1083,CLASSIC,0,246,84,804,555,58,1,432,904,245,246,92,799,31,55,145,12,83,76,157,15,526,0,True
EUW1_7619773223,15.23.728.3286,420,1675,CLASSIC,1,59,266,246,54,799,0,517,904,555,432,234,98,120,84,136,526,58,64,7,800,111,1,True
EUW1_7619797806,15.23.728.3286,420,1582,CLASSIC,0,76,91,246,432,55,1,84,27,246,24,897,150,799,245,15,78,67,234,517,221,518,0,True
EUW1_7619819546,15.23.728.3286,420,914,CLASSIC,0,76,61,-1,53,432,1,904,91,98,-1,24,164,246,13,21,888,777,59,112,804,142,0,True
EUW1_7619821974,15.23.728.3286,420,1662,CLASSIC,0,799,555,800,67,246,1,904,91,517,555,98,14,54,103,163,80,266,121,61,245,432,0,True
EUW1_7619835342,15.23.728.3286,420,1985,CLASSIC,0,126,246,432,804,67,1,7,904,799,91,81,6,5,1,800,555,266,59,163,202,89,0,True
EUW1_7619859543,15.23.728.3286,420,1583,CLASSIC,0,13,799,53,7,904,1,27,92,43,904,245,14,54,133,119,40,897,246,517,30,267,0,True
EUW1_7619874304,15.23.728.3286,420,1296,CLASSIC,0,27,54,555,904,238,1,40,432,91,246,904,897,266,38,157,117,799,517,245,202,526,0,True
EUW1_7619887042,15.23.728.3286,420,1493,CLASSIC,0,53,432,266,133,119,1,-1,92,246,800,904,98,799,13,15,40,893,234,238,804,36,0,True
EUW1_7619904155,15.23.728.3286,420,1711,CLASSIC,1,245,432,893,134,91,0,904,40,91,27,246,266,799,887,69,111,157,517,112,145,78,1,True
EUW1_7619904412,15.23.728.3286,420,910,CLASSIC,0,133,799,18,246,904,1,92,-1,9,91,13,126,517,245,804,40,83,64,800,893,111,0,True
EUW1_7619918469,15.23.728.3286,420,1891,CLASSIC,1,800,201,799,126,-1,0,24,53,517,84,-1,92,5,142,21,111,904,887,777,202,40,1,True
EUW1_7619942140,15.23.728.3286,420,2221,CLASSIC,1,64,904,804,40,1,0,555,904,91,142,126,58,266,246,147,526,516,517,777,800,80,1,True
EUW1_7619956143,15.23.728.3286,420,2161,CLASSIC,1,67,141,246,555,43,0,28,84,517,107,904,266,77,800,18,44,92,5,61,498,432,1,True
EUW1_7619977028,15.23.728.3286,420,1465,CLASSIC,0,517,91,800,119,28,1,31,78,-1,245,200,92,77,61,804,40,897,246,904,145,43,0,True
EUW1_7619986720,15.23.728.3286,420,1556,CLASSIC,1,76,904,887,119,517,0,246,91,201,24,517,54,799,893,110,164,8,141,800,18,117,1,True
EUW1_7619995764,15.23.728.3286,420,1341,CLASSIC,1,24,432,91,134,92,0,246,119,141,799,555,114,950,81,21,32,904,121,800,202,76,1,True
EUW1_7619998385,15.23.728.3286,420,1609,CLASSIC,0,246,8,800,555,114,1,-1,111,107,246,122,126,76,103,55,40,904,799,517,81,35,0,True
EUW1_7620003447,15.23.728.3286,420,1474,CLASSIC,1,37,99,238,80,21,0,238,107,800,122,432,85,421,157,145,526,904,91,68,51,60,1,True
EUW1_7620014601,15.23.728.3286,420,1376,CLASSIC,0,555,91,40,24,246,1,7,107,67,887,17,904,121,38,29,43,79,64,161,895,111,0,True
EUW1_7620017051,15.23.728.3286,420,1678,CLASSIC,1,238,122,555,107,134,0,238,34,17,40,80,904,64,950,50,37,799,131,246,895,518,1,True
EUW1_7620019129,15.23.728.3286,420,1696,CLASSIC,1,35,119,114,800,7,0,54,84,107,119,555,904,238,134,145,412,799,91,55,29,497,1,True
EUW1_7620025166,15.23.728.3286,420,930,CLASSIC,0,246,427,39,134,799,1,80,-1,119,7,-1,122,120,77,163,53,266,200,112,67,201,0,True
EUW1_7620025929,15.23.728.3286,420,1465,CLASSIC,0,24,107,517,895,804,1,246,122,555,21,238,904,17,39,145,37,799,131,38,202,99,0,True
EUW1_7620027835,15.23.728.3286,420,1129,CLASSIC,0,800,246,99,-1,17,1,92,904,7,238,246,67,517,131,901,12,41,76,91,42,526,0,True
EUW1_7620031334,15.23.728.3286,420,915,CLASSIC,0,517,76,7,122,107,1,804,555,126,904,246,23,31,91,800,37,799,131,134,81,40,0,True
EUW1_7620031942,15.23.728.3286,420,1442,CLASSIC,1,432,904,555,84,800,0,18,238,799,55,800,79,68,42,119,526,98,254,29,145,53,1,True
EUW1_7620034757,15.23.728.3286,420,1682,CLASSIC,0,91,800,246,92,432,1,238,555,41,246,53,54,517,157,18,80,67,76,134,22,201,0,True
EUW1_7620038709,15.23.728.3286,420,1000,CLASSIC,0,24,78,105,555,246,1,35,432,904,13,107,58,799,517,800,40,84,266,69,21,526,0,True
EUW1_7620041076,15.23.728.3286,420,1377,CLASSIC,0,-1,107,246,64,904,1,18,107,27,518,54,79,121,61,119,111,67,17,99,222,555,0,True
EUW1_7620041130,15.23.728.3286,420,926,CLASSIC,1,131,904,126,91,799,0,7,238,804,107,-1,84,14,166,21,518,68,234,134,145,111,1,True
EUW1_7620050834,15.23.728.3286,420,1942,CLASSIC,1,38,555,107,888,114,0,800,92,91,555,84,79,246,61,222,40,41,19,134,22,55,1,True
EUW1_7620054727,15.23.728.3286,420,1360,CLASSIC,0,12,246,432,27,91,1,246,21,238,904,35,799,266,800,202,526,58,131,126,518,555,0,True
EUW1_7620058669,15.23.728.3286,420,1416,CLASSIC,1,78,54,27,904,24,0,134,799,91,904,58,517,246,13,498,526,114,77,84,145,12,1,True
EUW1_7620064406,15.23.728.3286,420,1572,CLASSIC,1,800,7,246,40,238,0,134,92,555,53,13,54,76,163,81,526,41,887,517,804,902,1,True
EUW1_7620070547,15.23.728.3286,420,1704,CLASSIC,1,78,133,799,517,904,0,799,32,-1,555,904,106,107,134,222,412,950,131,157,800,43,1,True
EUW1_7620075176,15.23.728.3286,420,1749,CLASSIC,0,78,18,432,904,64,1,54,246,904,238,119,24,266,134,221,497,897,76,893,67,526,0,True
EUW1_7620083664,15.23.728.3286,420,959,CLASSIC,1,24,-1,432,107,91,0,119,246,799,555,27,904,59,134,115,497,897,131,126,804,117,1,True
EUW1_7620084035,15.23.728.3286,420,1587,CLASSIC,0,246,91,117,13,92,1,91,27,895,526,517,14,126,55,236,37,799,19,134,81,555,0,True
EUW1_7620084228,15.23.728.3286,420,2040,CLASSIC,1,91,246,85,800,432,0,800,30,432,799,-1,92,31,34,21,53,897,904,134,81,43,1,True
EUW1_7620087377,15.23.728.3286,420,1757,CLASSIC,1,555,107,799,-1,38,0,799,7,134,904,122,777,17,42,21,53,54,31,157,202,432,1,True
EUW1_7620101149,15.23.728.3286,420,1616,CLASSIC,1,893,122,246,31,91,0,107,904,-1,-1,799,150,266,163,147,111,126,121,134,202,518,1,True
EUW1_7620104464,15.23.728.3286,420,1703,CLASSIC,1,799,111,-1,34,78,0,555,266,21,246,58,904,516,517,18,117,114,421,800,202,432,1,True
EUW1_7620105810,15.23.728.3286,420,2444,CLASSIC,0,27,904,84,555,35,1,91,145,800,432,24,126,266,245,202,518,48,799,142,51,43,0,True
EUW1_7620108235,15.23.728.3286,420,1741,CLASSIC,1,105,161,19,92,804,0,117,64,800,904,114,41,246,517,21,267,14,91,84,22,37,1,True
EUW1_7620114632,15.23.728.3286,420,1460,CLASSIC,1,78,31,32,799,134,0,-1,59,432,107,35,36,131,34,21,246,904,17,69,18,111,1,True
EUW1_7620125901,15.23.728.3286,420,1346,CLASSIC,1,40,233,107,111,39,0,107,555,54,83,799,60,154,84,804,117,133,122,3,42,432,1,True
EUW1_7620130639,15.23.728.3286,420,1467,CLASSIC,1,432,54,893,78,904,0,107,30,77,904,27,777,246,163,901,526,58,64,134,800,111,1,True
EUW1_7620135872,15.23.728.3286,420,1675,CLASSIC,1,804,78,246,-1,-1,0,134,246,432,91,904,799,107,4,221,117,98,238,800,81,80,1,True
EUW1_7620151104,15.23.728.3286,420,1509,CLASSIC,1,107,134,432,246,31,0,234,107,238,555,27,904,266,69,42,53,887,799,163,81,34,1,True
EUW1_7620159518,15.23.728.3286,420,1747,CLASSIC,1,799,555,107,904,800,0,904,27,35,246,432,6,517,61,22,63,266,31,145,51,43,1,True
EUW1_7620169642,15.23.728.3286,420,1382,CLASSIC,1,246,-1,904,238,39,0,800,35,78,-1,-1,6,131,777,21,497,150,107,84,202,555,1,True
EUW1_7620170197,15.23.728.3286,420,1852,CLASSIC,0,92,134,800,107,804,1,804,105,904,122,800,41,17,50,202,43,14,517,126,81,117,0,True
EUW1_7620183755,15.23.728.3286,420,1788,CLASSIC,1,800,41,-1,84,131,0,111,800,107,134,432,98,64,55,523,9,904,799,69,142,555,1,True
EUW1_7620195980,15.23.728.3286,420,2040,CLASSIC,0,31,904,92,134,91,1,40,-1,134,238,904,893,799,517,202,432,420,131,90,42,111,0,True
EUW1_7620196890,15.23.728.3286,420,910,CLASSIC,0,107,517,27,40,68,1,78,92,91,904,246,114,36,518,236,432,54,131,777,498,111,0,True
EUW1_7620197530,15.23.728.3286,420,1579,CLASSIC,1,85,24,134,904,119,0,166,35,67,800,107,48,246,90,804,555,43,126,901,145,111,1,True
EUW1_7620207491,15.23.728.3286,420,1539,CLASSIC,0,122,893,246,432,166,1,122,555,107,904,238,126,799,90,22,12,68,266,84,18,117,0,True
EUW1_7620214356,15.23.728.3286,420,1740,CLASSIC,1,40,21,78,904,68,0,107,18,517,799,69,516,24,800,202,432,150,234,103,55,9,1,True
EUW1_7620221622,15.23.728.3286,420,922,CLASSIC,0,107,238,30,517,-1,1,107,904,432,117,84,799,59,112,15,518,69,56,134,221,37,0,True
EUW1_7620227259,15.23.728.3286,420,1518,CLASSIC,1,32,246,117,254,122,0,246,238,122,800,7,904,131,13,804,78,68,203,163,18,12,1,True
EUW1_7620227893,15.23.728.3286,420,1439,CLASSIC,1,14,246,904,800,34,0,91,800,107,122,555,26,131,238,221,432,79,59,126,142,111,1,True
EUW1_7620231998,15.23.728.3286,420,1252,CLASSIC,0,91,92,555,799,134,1,54,107,13,-1,27,904,246,711,21,40,126,234,55,800,53,0,True
EUW1_7620237948,15.23.728.3286,420,1378,CLASSIC,0,91,4,800,61,31,1,78,54,904,117,83,36,246,103,21,555,133,131,910,18,37,0,True
EUW1_7620241159,15.23.728.3286,420,1608,CLASSIC,1,800,238,246,107,98,0,7,800,432,24,54,14,76,904,145,111,80,517,777,81,43,1,True
EUW1_7620250665,15.23.728.3286,420,1351,CLASSIC,1,800,246,30,432,904,0,904,119,89,92,893,79,517,238,145,80,2,266,163,18,497,1,True
EUW1_7620257238,15.23.728.3286,420,969,CLASSIC,0,804,799,246,107,122,1,904,246,107,800,13,897,20,3,115,555,150,238,55,18,432,0,True
EUW1_7620258621,15.23.728.3286,420,1510,CLASSIC,1,800,27,142,-1,166,0,432,21,-1,55,134,799,517,34,96,111,887,107,90,202,40,1,True
EUW1_7620260290,15.23.728.3286,420,1112,CLASSIC,1,83,54,246,78,904,0,98,117,69,432,800,133,59,134,804,12,36,64,163,21,518,1,True
EUW1_7620267223,15.23.728.3286,420,1427,CLASSIC,1,107,24,76,32,555,0,800,78,893,84,555,48,246,134,34,497,904,799,105,142,111,1,True
EUW1_7620268027,15.23.728.3286,420,1631,CLASSIC,1,133,119,238,83,78,0,517,39,238,799,904,8,266,38,523,53,64,31,910,21,201,1,True
EUW1_7620278573,15.23.728.3286,420,1978,CLASSIC,1,555,117,904,-1,800,0,34,799,114,78,91,36,59,127,895,37,68,131,238,81,518,1,True
EUW1_7620284381,15.23.728.3286,420,1513,CLASSIC,1,92,107,246,119,134,0,166,107,54,555,432,31,266,90,145,201,133,517,112,804,89,1,True
EUW1_7620284561,15.23.728.3286,420,1465,CLASSIC,0,-1,55,904,238,246,1,246,103,804,238,55,420,76,84,22,555,126,20,800,202,432,0,True
EUW1_7620305234,15.23.728.3286,420,249,CLASSIC,0,78,8,800,904,238,1,122,119,91,84,432,24,246,38,157,526,64,54,517,15,12,0,True
EUW1_7620306630,15.23.728.3286,420,1684,CLASSIC,0,40,134,107,517,157,1,904,111,238,32,40,60,266,777,800,432,67,131,126,222,44,0,True
EUW1_7620313668,15.23.728.3286,420,1990,CLASSIC,0,107,246,266,35,134,1,43,800,895,60,107,98,799,61,145,111,777,30,163,119,555,0,True
EUW1_7620314132,15.23.728.3286,420,1692,CLASSIC,0,6,24,91,107,84,1,904,555,-1,78,60,799,36,245,901,44,897,246,777,800,432,0,True
EUW1_7620321120,15.23.728.3286,420,1541,CLASSIC,0,107,799,84,800,67,1,91,432,92,59,-1,150,76,55,21,9,126,246,3,236,111,0,True
EUW1_7620323484,15.23.728.3286,420,1574,CLASSIC,0,34,904,91,8,799,1,122,36,-1,24,38,517,246,106,804,497,893,60,234,222,526,0,True
EUW1_7620333275,15.23.728.3286,420,1843,CLASSIC,1,246,555,904,54,134,0,76,-1,119,38,238,799,266,90,800,12,39,91,268,15,432,1,True
EUW1_7620337221,15.23.728.3286,420,1559,CLASSIC,0,555,32,904,893,238,1,110,800,517,40,39,58,24,518,136,526,60,120,42,145,44,0,True
EUW1_7620347051,15.23.728.3286,420,959,CLASSIC,0,119,126,904,246,432,1,39,31,517,91,904,27,35,13,18,12,8,950,245,236,267,0,True
EUW1_7620354044,15.23.728.3286,420,1114,CLASSIC,1,799,163,238,800,904,0,91,904,238,60,8,68,107,134,21,201,24,246,84,18,555,1,True
EUW1_7620356647,15.23.728.3286,420,1894,CLASSIC,0,799,800,122,432,246,1,234,246,122,800,799,904,120,163,21,518,893,35,55,804,497,0,True
EUW1_7620369119,15.23.728.3286,420,1427,CLASSIC,0,98,-1,-1,91,800,1,55,107,13,904,43,517,246,103,21,526,799,30,133,498,432,0,True
EUW1_7620375660,15.23.728.3286,420,1297,CLASSIC,0,246,134,-1,166,80,1,517,246,84,126,245,887,904,3,202,432,27,266,55,22,147,0,True
EUW1_7620376114,15.23.728.3286,420,913,CLASSIC,1,39,64,36,166,133,0,246,201,799,7,904,266,91,112,202,78,126,238,103,81,89,1,True
EUW1_7620384423,15.23.728.3286,420,2170,CLASSIC,1,107,119,246,555,166,0,246,904,107,555,91,39,24,800,21,235,98,5,238,910,16,1,True
EUW1_7620395604,15.23.728.3286,420,980,CLASSIC,1,238,119,107,60,245,0,245,246,904,800,432,24,20,61,202,555,14,59,517,21,518,1,True
EUW1_7620400539,15.23.728.3286,420,1601,CLASSIC,0,799,27,54,55,119,1,246,799,122,432,800,266,120,910,18,526,904,517,84,804,44,0,True
EUW1_7620403895,15.23.728.3286,420,2073,CLASSIC,0,254,91,904,157,83,1,7,98,-1,799,238,126,246,163,18,89,517,266,777,360,78,0,True
EUW1_7620408438,15.23.728.3286,420,1200,CLASSIC,1,555,107,35,166,517,0,432,904,517,800,43,36,799,96,236,267,266,30,163,202,111,1,True
EUW1_7620417260,15.23.728.3286,420,1650,CLASSIC,1,238,91,134,246,67,0,517,246,-1,80,799,79,20,18,804,201,904,92,245,145,518,1,True
EUW1_7620417352,15.23.728.3286,420,1260,CLASSIC,0,78,245,432,91,-1,1,107,60,904,-1,80,14,246,61,15,12,150,131,119,145,555,0,True
EUW1_7620442094,15.23.728.3286,420,1790,CLASSIC,0,133,201,799,233,432,1,107,54,799,-1,13,904,246,893,115,32,68,62,800,202,497,0,True
EUW1_7620455193,15.23.728.3286,420,1677,CLASSIC,0,799,78,126,245,-1,1,800,246,254,904,517,27,200,61,202,526,24,105,84,18,147,0,True
EUW1_7620457472,15.23.728.3286,420,911,CLASSIC,1,246,904,78,240,555,0,91,800,904,107,78,68,59,20,145,25,893,238,163,202,12,1,True
EUW1_7620462941,15.23.728.3286,420,1209,CLASSIC,0,904,64,84,-1,432,1,246,800,904,80,887,79,126,142,21,12,39,59,4,222,201,0,True
EUW1_7620471613,15.23.728.3286,420,1593,CLASSIC,1,107,246,119,517,7,0,432,91,67,246,98,150,245,157,45,12,39,799,13,804,902,1,True
EUW1_7620485182,15.23.728.3286,420,1612,CLASSIC,1,43,800,91,39,54,0,166,-1,107,234,799,14,30,157,202,432,887,56,61,51,518,1,True
EUW1_7620501860,15.23.728.3286,420,1582,CLASSIC,0,134,34,78,91,904,1,246,800,234,432,-1,24,799,8,18,44,58,245,61,498,497,0,True
EUW1_7620511035,15.23.728.3286,420,1394,CLASSIC,1,800,7,517,91,80,0,107,245,-1,18,90,904,254,157,21,12,887,799,268,96,902,1,True
EUW1_7620531749,15.23.728.3286,420,1520,CLASSIC,1,131,246,31,799,133,0,13,134,246,107,78,126,76,142,202,53,904,59,7,800,517,1,True
EUW1_7620538731,15.23.728.3286,420,1583,CLASSIC,0,201,799,800,78,38,1,804,246,555,68,904,157,76,901,202,517,2,234,3,115,111,0,True
EUW1_7620551151,15.23.728.3286,420,1098,CLASSIC,0,555,246,80,238,799,1,78,157,-1,904,555,164,234,163,21,16,24,200,800,145,267,0,True
EUW1_7620556757,15.23.728.3286,420,1716,CLASSIC,0,517,21,246,78,91,1,246,7,799,107,800,266,245,777,145,518,68,904,157,804,44,0,True
EUW1_7620574366,15.23.728.3286,420,1771,CLASSIC,0,246,7,34,91,114,1,800,432,92,799,91,904,62,910,51,526,893,64,14,163,12,0,True
EUW1_7620581587,15.23.728.3286,420,1100,CLASSIC,0,-1,43,13,27,78,1,904,555,246,432,107,266,76,133,30,526,14,427,112,157,12,0,True
EUW1_7620585812,15.23.728.3286,420,1571,CLASSIC,1,238,555,800,200,80,0,200,55,246,517,904,58,234,142,498,497,24,799,134,145,26,1,True
EUW1_7620606462,15.23.728.3286,420,1820,CLASSIC,0,234,7,119,111,122,1,91,78,107,432,134,421,35,157,145,40,904,246,90,202,526,0,True
EUW1_7620618761,15.23.728.3286,420,1287,CLASSIC,0,91,133,64,245,246,1,238,98,246,69,800,904,126,38,21,518,517,76,901,804,43,0,True
EUW1_7620644077,15.23.728.3286,420,1827,CLASSIC,0,24,799,119,13,91,1,74,91,107,238,76,114,246,133,69,89,904,517,163,15,12,0,True
EUW1_7620651467,15.23.728.3286,420,1616,CLASSIC,1,39,432,238,-1,51,0,246,122,163,904,517,799,105,800,18,117,58,30,42,236,902,1,True
EUW1_7620660719,15.23.728.3286,420,960,CLASSIC,1,904,35,800,91,98,0,246,126,107,78,238,517,799,163,145,12,74,131,421,15,43,1,True
EUW1_7620670454,15.23.728.3286,420,1489,CLASSIC,0,2,246,7,119,-1,1,107,24,800,804,517,79,121,157,15,111,904,427,518,202,12,0,True
EUW1_7620676900,15.23.728.3286,420,1478,CLASSIC,1,54,133,92,91,246,0,119,904,238,38,432,24,64,103,18,111,157,131,901,235,78,1,True
EUW1_7620687418,15.23.728.3286,420,1646,CLASSIC,0,107,555,74,901,78,1,69,107,98,904,78,799,154,90,119,412,517,200,134,81,201,0,True
EUW1_7620697596,15.23.728.3286,420,2168,CLASSIC,1,107,163,7,245,126,0,78,904,800,246,245,74,76,238,145,267,157,80,68,21,40,1,True
EUW1_7620710112,15.23.728.3286,420,915,CLASSIC,0,163,238,799,120,91,1,800,238,246,91,12,904,131,166,222,89,126,64,134,804,111,0,True
EUW1_7620741292,15.23.728.3286,420,1597,CLASSIC,0,799,904,238,133,107,1,13,107,904,91,246,897,517,134,804,117,150,131,800,18,111,0,True
EUW1_7620748777,15.23.728.3286,420,1869,CLASSIC,1,246,904,163,78,92,0,904,76,91,246,799,68,154,777,236,201,887,64,268,21,497,1,True
EUW1_7620761976,15.23.728.3286,420,1651,CLASSIC,0,107,266,901,432,804,1,-1,107,38,91,432,98,234,90,147,80,904,799,61,15,12,0,True
EUW1_7620767288,15.23.728.3286,420,1488,CLASSIC,0,78,7,24,518,163,1,107,800,157,517,904,31,64,13,51,40,82,799,245,67,902,0,True
EUW1_7620790323,15.23.728.3286,420,1545,CLASSIC,0,126,119,246,7,134,1,246,78,800,91,98,74,59,893,81,43,517,30,163,157,12,0,True
EUW1_7620813664,15.23.728.3286,420,1307,CLASSIC,1,38,91,238,246,107,0,91,92,246,-1,526,157,113,112,21,142,904,78,163,901,432,1,True
EUW1_7620815108,15.23.728.3286,420,1146,CLASSIC,0,904,55,24,432,246,1,61,799,133,107,91,2,517,39,901,89,126,200,134,804,59,0,True
EUW1_7620829598,15.23.728.3286,420,1569,CLASSIC,0,421,245,901,904,432,1,-1,126,-1,904,245,777,799,90,800,114,27,120,39,804,40,0,True
EUW1_7620857718,15.23.728.3286,420,2017,CLASSIC,0,43,246,233,-1,555,1,69,800,134,799,246,904,121,238,30,267,245,59,163,81,235,0,True
EUW1_7620858128,15.23.728.3286,420,1507,CLASSIC,1,38,799,133,238,904,0,904,91,200,555,246,157,131,126,21,526,24,517,61,18,12,1,True
EUW1_7620858248,15.23.728.3286,420,1701,CLASSIC,0,800,555,107,98,432,1,54,526,-1,55,800,517,427,142,21,201,133,876,39,18,43,0,True
EUW1_7620867228,15.23.728.3286,420,1670,CLASSIC,1,39,35,238,555,245,0,432,-1,517,800,904,13,799,7,21,80,421,246,34,202,12,1,True
EUW1_7620925641,15.23.728.3286,420,1175,CLASSIC,0,799,134,246,517,91,1,910,40,246,800,904,14,64,69,21,60,266,245,163,236,201,0,True
EUW1_7620933054,15.23.728.3286,420,939,CLASSIC,1,141,432,69,555,-1,0,69,233,98,432,800,34,517,145,119,40,246,31,84,429,44,1,True
EUW1_7620954178,15.23.728.3286,420,1842,CLASSIC,1,800,238,107,58,799,0,78,432,904,163,804,92,131,875,142,32,887,154,246,202,89,1,True
EUW1_7620963064,15.23.728.3286,420,1758,CLASSIC,0,233,266,904,107,246,1,432,13,131,904,57,98,799,84,119,111,110,76,517,18,201,0,True
EUW1_7620992851,15.23.728.3286,420,1863,CLASSIC,0,111,799,24,555,134,1,893,42,800,555,517,69,141,133,804,43,904,245,142,136,80,0,True
EUW1_7621015580,15.23.728.3286,420,1681,CLASSIC,1,107,54,555,83,98,0,119,131,904,800,432,133,5,163,202,40,516,76,103,498,497,1,True
EUW1_7621034140,15.23.728.3286,420,1491,CLASSIC,1,-1,-1,166,-1,201,0,13,24,904,246,234,126,517,887,119,12,799,266,133,30,43,1,True
EUW1_7621051980,15.23.728.3286,420,1624,CLASSIC,1,804,78,126,166,119,0,107,-1,246,-1,54,157,76,27,18,60,133,799,84,143,267,1,True
EUW1_7621058336,15.23.728.3286,420,1727,CLASSIC,1,141,40,887,246,54,0,904,246,799,13,887,67,35,516,804,60,14,104,133,115,44,1,True
EUW1_7621123107,15.23.728.3286,420,2367,CLASSIC,1,107,157,8,904,246,0,246,91,55,7,800,85,517,62,22,526,14,76,134,901,89,1,True
EUW1_7621148325,15.23.728.3286,420,1457,CLASSIC,0,517,904,555,-1,246,1,800,98,555,518,91,887,421,134,236,37,84,234,112,523,412,0,True
EUW1_7621152038,15.23.728.3286,420,1715,CLASSIC,0,246,84,59,799,122,1,107,800,238,5,904,14,68,61,42,267,85,131,163,236,48,0,True
EUW1_7621155623,15.23.728.3286,420,1803,CLASSIC,0,517,80,904,142,800,1,555,91,89,246,8,799,266,13,15,40,85,234,84,136,12,0,True
EUW1_7621157401,15.23.728.3286,420,2060,CLASSIC,0,238,904,526,7,246,1,122,203,105,555,246,799,131,134,202,497,164,516,157,800,432,0,True
EUW1_7621160824,15.23.728.3286,420,1515,CLASSIC,1,201,98,432,246,904,0,804,246,895,134,904,517,234,103,21,89,799,121,777,800,164,1,True
EUW1_7621165082,15.23.728.3286,420,1233,CLASSIC,1,517,13,91,432,904,0,804,78,91,800,58,84,131,246,22,37,14,92,103,15,497,1,True
EUW1_7621166256,15.23.728.3286,420,1372,CLASSIC,1,245,63,804,432,238,0,76,98,266,134,-1,126,421,142,45,235,517,48,163,81,53,1,True
EUW1_7621176764,15.23.728.3286,420,1624,CLASSIC,0,895,904,201,122,238,1,526,122,35,119,904,14,76,887,81,111,799,517,134,145,78,0,True
EUW1_7621178865,15.23.728.3286,420,1762,CLASSIC,0,246,7,518,555,904,1,432,13,800,24,80,114,72,893,21,526,164,200,163,202,43,0,True
EUW1_7621190617,15.23.728.3286,420,1109,CLASSIC,0,107,904,14,245,800,1,800,91,126,432,54,58,517,157,236,44,27,266,13,18,526,0,True
EUW1_7621192518,15.23.728.3286,420,1651,CLASSIC,0,804,92,238,107,246,1,799,238,555,78,7,904,131,887,800,111,43,266,777,901,99,0,True
EUW1_7621195446,15.23.728.3286,420,911,CLASSIC,1,107,134,126,555,-1,0,238,27,78,800,432,6,246,69,22,412,10,799,142,21,526,1,True
EUW1_7621196484,15.23.728.3286,420,914,CLASSIC,0,904,-1,91,246,36,1,246,800,7,526,200,799,72,18,115,201,777,266,893,21,432,0,True
EUW1_7621201432,15.23.728.3286,420,2022,CLASSIC,0,91,904,432,142,105,1,246,518,266,98,18,54,517,126,22,111,164,59,38,800,555,0,True
EUW1_7621206046,15.23.728.3286,420,1611,CLASSIC,0,893,55,7,43,799,1,7,91,99,497,800,114,266,61,42,267,904,517,238,202,40,0,True
EUW1_7621208744,15.23.728.3286,420,2098,CLASSIC,1,799,246,13,904,526,0,24,201,40,904,799,266,76,133,800,78,122,203,61,804,57,1,True
EUW1_7621212717,15.23.728.3286,420,1944,CLASSIC,0,126,7,910,107,904,1,8,35,84,246,27,157,131,68,81,16,24,234,3,67,12,0,True
EUW1_7621213768,15.23.728.3286,420,1265,CLASSIC,0,107,266,799,78,246,1,-1,119,238,555,246,76,200,112,236,432,904,131,39,145,412,0,True
EUW1_7621225841,15.23.728.3286,420,1287,CLASSIC,0,91,233,904,799,21,1,78,107,800,60,38,58,141,84,145,111,516,266,711,157,555,0,True
EUW1_7621228349,15.23.728.3286,420,1312,CLASSIC,1,131,-1,555,-1,904,0,246,107,-1,799,804,68,76,18,498,412,126,517,112,145,40,1,True
EUW1_7621232436,15.23.728.3286,420,925,CLASSIC,0,555,246,904,107,67,1,800,246,98,555,107,14,35,893,236,432,517,799,103,221,350,0,True
EUW1_7621252360,15.23.728.3286,420,2149,CLASSIC,0,555,517,246,84,799,1,804,432,246,107,555,904,105,245,202,412,17,238,777,800,53,0,True
EUW1_7621254501,15.23.728.3286,420,1815,CLASSIC,0,78,91,432,904,254,1,246,238,799,54,517,266,30,39,157,40,114,31,887,202,53,0,True
EUW1_7621256794,15.23.728.3286,420,1529,CLASSIC,1,21,91,78,7,518,0,107,91,60,78,92,904,131,157,42,800,126,950,13,895,80,1,True
EUW1_7621267458,15.23.728.3286,420,1509,CLASSIC,1,107,91,246,98,904,0,122,800,21,238,246,517,266,134,18,555,897,76,910,202,432,1,True
EUW1_7621274769,15.23.728.3286,420,2023,CLASSIC,1,27,78,10,134,107,0,246,804,2,904,91,6,517,518,21,555,98,131,42,235,12,1,True
EUW1_7621281242,15.23.728.3286,420,1566,CLASSIC,1,78,107,246,800,-1,0,133,24,114,432,246,904,517,61,157,555,67,799,84,110,526,1,True
EUW1_7621281740,15.23.728.3286,420,2543,CLASSIC,0,157,950,904,246,38,1,76,133,246,107,799,897,2,39,202,40,114,91,800,21,432,0,True
EUW1_7621293608,15.23.728.3286,420,1667,CLASSIC,1,98,904,893,246,555,0,904,35,119,432,800,517,266,134,21,526,59,76,3,523,43,1,True
EUW1_7621296683,15.23.728.3286,420,1712,CLASSIC,1,107,126,800,91,21,0,91,62,800,7,432,74,238,103,42,267,904,5,157,29,111,1,True
EUW1_7621305265,15.23.728.3286,420,1378,CLASSIC,0,-1,238,13,246,107,1,266,107,432,84,238,79,62,133,804,12,98,517,134,202,526,0,True
EUW1_7621323119,15.23.728.3286,420,2128,CLASSIC,1,517,799,36,238,904,0,89,904,555,91,246,41,31,38,804,350,266,59,134,145,111,1,True
EUW1_7621326092,15.23.728.3286,420,1633,CLASSIC,1,98,799,246,91,800,0,-1,904,432,107,91,39,266,777,29,53,34,92,1,360,526,1,True
EUW1_7621337190,15.23.728.3286,420,1846,CLASSIC,1,91,107,238,13,-1,0,517,91,799,246,238,904,200,133,800,12,98,31,268,15,19,1,True
EUW1_7621339894,15.23.728.3286,420,1742,CLASSIC,0,555,21,107,234,38,1,126,107,246,799,119,904,35,800,22,412,74,64,134,145,25,0,True
EUW1_7621352702,15.23.728.3286,420,1152,CLASSIC,1,799,201,134,24,950,0,238,800,134,904,39,157,120,133,45,43,80,76,518,51,60,1,True
EUW1_7621356355,15.23.728.3286,420,1502,CLASSIC,1,904,246,107,-1,8,0,91,54,134,517,904,64,266,84,22,518,150,92,90,21,432,1,True
EUW1_7621357091,15.23.728.3286,420,1271,CLASSIC,1,800,904,432,246,107,0,36,39,98,7,78,897,421,238,143,555,2,200,84,202,517,1,True
EUW1_7621375742,15.23.728.3286,420,2031,CLASSIC,1,27,555,107,58,7,0,21,35,517,107,799,875,246,84,81,43,150,54,157,800,432,1,True
EUW1_7621382927,15.23.728.3286,420,971,CLASSIC,1,904,126,-1,78,246,0,904,24,432,13,91,74,107,134,804,526,157,517,133,523,12,1,True
EUW1_7621389550,15.23.728.3286,420,1443,CLASSIC,1,800,517,421,432,105,0,234,7,555,119,122,68,200,893,145,111,79,35,126,804,40,1,True
EUW1_7621396473,15.23.728.3286,420,1693,CLASSIC,0,800,126,904,555,517,1,799,55,98,246,904,27,266,142,21,99,5,30,7,804,432,0,True
EUW1_7621399451,15.23.728.3286,420,1860,CLASSIC,1,904,107,43,36,92,0,91,58,7,246,81,122,234,134,518,897,42,517,157,800,53,1,True
EUW1_7621430086,15.23.728.3286,420,1319,CLASSIC,0,-1,133,432,517,134,1,90,36,904,800,126,777,54,61,804,78,74,266,103,145,526,0,True
EUW1_7621437696,15.23.728.3286,420,1702,CLASSIC,1,13,517,804,122,518,0,61,91,555,904,246,79,245,133,81,16,126,54,238,51,99,1,True
EUW1_7621455666,15.23.728.3286,420,1596,CLASSIC,1,432,246,904,517,17,0,20,904,84,24,800,114,120,90,804,111,157,799,777,147,60,1,True
EUW1_7621458961,15.23.728.3286,420,1252,CLASSIC,1,37,119,238,92,246,0,799,103,78,92,800,893,31,64,67,432,518,904,41,22,201,1,True
EUW1_7621466700,15.23.728.3286,420,2011,CLASSIC,1,517,800,90,80,74,0,-1,107,134,74,517,799,120,142,21,526,904,246,61,236,902,1,True
EUW1_7621475626,15.23.728.3286,420,2416,CLASSIC,0,134,-1,238,126,92,1,107,238,432,76,98,122,246,69,51,74,517,120,8,202,497,0,True
EUW1_7621492234,15.23.728.3286,420,1627,CLASSIC,0,38,245,114,133,555,1,24,238,555,246,-1,36,799,45,202,53,157,54,43,81,89,0,True
EUW1_7621501301,15.23.728.3286,420,1777,CLASSIC,0,904,134,246,432,13,1,58,266,114,91,517,63,20,133,22,497,875,238,245,804,902,0,True
EUW1_7621514963,15.23.728.3286,420,1731,CLASSIC,0,238,90,54,61,799,1,432,80,27,800,134,10,246,777,147,12,904,234,112,157,517,0,True
EUW1_7621522008,15.23.728.3286,420,2174,CLASSIC,1,904,432,-1,8,800,0,904,517,84,8,34,79,245,238,202,518,24,234,163,22,3,1,True
EUW1_7621528655,15.23.728.3286,420,1450,CLASSIC,0,902,58,804,887,904,1,799,43,238,800,904,14,59,1,21,12,60,30,42,202,80,0,True
EUW1_7621531303,15.23.728.3286,420,1286,CLASSIC,0,69,555,126,904,117,1,35,555,27,157,904,74,950,13,145,111,36,266,163,18,40,0,True
EUW1_7621542288,15.23.728.3286,420,1570,CLASSIC,0,78,134,234,119,92,1,518,799,432,58,134,41,35,517,429,555,875,120,69,51,12,0,True
EUW1_7621544358,15.23.728.3286,420,1373,CLASSIC,1,799,96,555,800,35,0,55,432,799,246,904,68,56,142,222,40,126,59,134,901,267,1,True
EUW1_7621550192,15.23.728.3286,420,1598,CLASSIC,1,246,38,40,7,895,0,432,91,555,7,904,157,20,245,119,44,897,799,517,18,99,1,True
EUW1_7621555377,15.23.728.3286,420,1343,CLASSIC,1,246,904,157,13,92,0,904,432,800,799,80,897,126,133,147,60,266,517,90,202,63,1,True
EUW1_7621564558,15.23.728.3286,420,2305,CLASSIC,0,432,48,246,266,904,1,246,43,-1,432,799,6,2,800,21,89,126,30,115,22,111,0,True
EUW1_7621564935,15.23.728.3286,420,944,CLASSIC,1,78,246,517,238,432,0,421,30,119,114,555,126,245,34,145,526,897,91,1,18,40,1,True
EUW1_7621587148,15.23.728.3286,420,2041,CLASSIC,1,234,518,142,34,92,0,904,107,84,555,119,122,35,238,51,902,67,76,29,81,53,1,True
EUW1_7621589565,15.23.728.3286,420,1748,CLASSIC,1,69,55,92,904,133,0,13,69,432,58,800,41,517,163,236,12,875,799,38,429,526,1,True
EUW1_7621598764,15.23.728.3286,420,1690,CLASSIC,1,246,34,80,799,134,0,119,517,91,238,38,904,266,69,15,78,157,59,910,18,518,1,True
EUW1_7621605586,15.23.728.3286,420,1413,CLASSIC,1,40,133,119,122,13,0,134,904,91,133,246,150,56,84,81,432,98,517,126,202,555,1,True
EUW1_7621612261,15.23.728.3286,420,1577,CLASSIC,0,800,67,107,266,142,1,238,245,246,-1,7,904,234,23,50,37,6,799,39,145,518,0,True
EUW1_7621615990,15.23.728.3286,420,1674,CLASSIC,1,9,555,800,67,104,0,904,432,555,246,92,114,107,518,893,526,68,131,39,523,80,1,True
EUW1_7621619836,15.23.728.3286,420,1451,CLASSIC,1,246,91,517,238,8,0,777,35,238,800,799,24,30,950,202,43,904,76,142,804,111,1,True
EUW1_7621623367,15.23.728.3286,420,1677,CLASSIC,0,432,-1,21,78,55,1,61,904,43,58,897,266,246,136,429,526,875,30,800,804,201,0,True
EUW1_7621645761,15.23.728.3286,420,1988,CLASSIC,0,27,35,133,122,238,1,18,69,91,60,98,2,246,134,895,235,517,64,101,21,518,0,True
EUW1_7621650764,15.23.728.3286,420,1547,CLASSIC,1,238,800,799,35,-1,0,134,234,40,133,61,904,120,29,236,60,106,517,69,18,201,1,True
EUW1_7621653926,15.23.728.3286,420,2906,CLASSIC,0,904,34,8,246,799,1,800,76,119,245,67,24,143,238,901,25,897,31,517,221,53,0,True
EUW1_7621676341,15.23.728.3286,420,928,CLASSIC,1,875,38,799,90,67,0,432,51,19,58,30,39,517,800,22,904,24,54,9,145,117,1,True
EUW1_7621688337,15.23.728.3286,420,1563,CLASSIC,1,134,91,518,555,84,0,136,555,84,133,35,69,246,55,51,43,39,121,7,29,37,1,True
EUW1_7621700466,15.23.728.3286,420,921,CLASSIC,0,800,555,126,904,134,1,246,115,133,800,68,27,266,90,145,99,26,517,50,18,432,0,True
EUW1_7621709744,15.23.728.3286,420,1603,CLASSIC,0,246,555,904,14,38,1,114,875,92,895,69,26,266,800,145,80,893,517,799,236,201,0,True
EUW1_7621714455,15.23.728.3286,420,1728,CLASSIC,1,555,134,246,904,8,0,98,800,-1,27,799,24,234,34,15,201,777,238,517,804,902,1,True
EUW1_7621728779,15.23.728.3286,420,1514,CLASSIC,1,133,904,800,36,34,0,555,238,134,246,68,41,5,245,145,432,23,517,268,81,40,1,True
EUW1_7621743209,15.23.728.3286,420,2146,CLASSIC,0,804,92,35,800,55,1,126,497,432,246,91,86,76,157,81,78,27,64,875,202,89,0,True
EUW1_7621747913,15.23.728.3286,420,2725,CLASSIC,1,30,69,432,-1,54,0,246,904,800,69,67,804,799,134,51,43,157,266,910,21,78,1,True
EUW1_7621749929,15.23.728.3286,420,1721,CLASSIC,1,904,84,432,800,114,0,904,246,134,799,58,24,64,55,202,60,893,76,39,81,43,1,True
EUW1_7621772487,15.23.728.3286,420,1597,CLASSIC,0,804,114,134,107,904,1,126,711,22,55,904,799,91,893,15,111,27,120,84,222,117,0,True
EUW1_7621805500,15.23.728.3286,420,1558,CLASSIC,0,111,246,91,142,78,1,91,246,-1,126,133,904,799,112,429,526,92,5,800,145,432,0,True
EUW1_7621807703,15.23.728.3286,420,1587,CLASSIC,1,904,107,23,555,98,0,103,55,800,246,54,517,120,887,145,78,2,59,84,81,43,1,True
EUW1_7621817054,15.23.728.3286,420,1691,CLASSIC,1,246,555,-1,24,90,0,67,904,800,555,517,19,107,69,236,432,39,234,105,202,40,1,True
EUW1_7621837778,15.23.728.3286,420,1416,CLASSIC,1,800,555,54,34,799,0,68,8,246,24,799,67,107,142,81,43,904,517,238,202,111,1,True
EUW1_7621842454,15.23.728.3286,420,1763,CLASSIC,0,246,555,78,84,799,1,91,517,246,164,133,904,266,55,18,526,238,120,134,221,12,0,True
EUW1_7621847659,15.23.728.3286,420,1954,CLASSIC,1,555,114,800,7,-1,0,804,904,35,122,517,58,234,4,202,99,68,799,950,145,60,1,True
EUW1_7621871409,15.23.728.3286,420,1417,CLASSIC,1,800,24,163,76,904,0,246,24,555,-1,145,39,30,234,236,43,19,517,910,81,267,1,True
EUW1_7621874488,15.23.728.3286,420,1341,CLASSIC,1,555,236,134,432,39,0,800,246,134,904,126,69,64,517,18,117,14,238,61,21,12,1,True
EUW1_7621899750,15.23.728.3286,420,1288,CLASSIC,0,246,517,78,111,432,1,78,432,246,107,98,904,245,104,202,76,39,799,13,222,60,0,True
EUW1_7621902365,15.23.728.3286,420,1028,CLASSIC,0,799,91,804,517,114,1,134,98,246,517,800,68,120,61,222,497,904,245,39,21,78,0,True
EUW1_7621906084,15.23.728.3286,420,1230,CLASSIC,0,134,54,30,83,29,1,84,517,-1,-1,799,133,266,268,222,60,904,5,67,800,497,0,True
EUW1_7621919251,15.23.728.3286,420,911,CLASSIC,0,39,-1,432,107,800,1,69,27,555,432,904,79,799,910,236,78,777,246,1,221,526,0,True
EUW1_7621920742,15.23.728.3286,420,1657,CLASSIC,0,8,246,800,555,901,1,69,134,904,133,68,24,64,90,236,432,126,121,34,147,235,0,True
EUW1_7621933846,15.23.728.3286,420,1809,CLASSIC,0,38,246,91,799,904,1,30,61,555,126,91,68,54,238,81,37,6,517,111,163,235,0,True
EUW1_7621949223,15.23.728.3286,420,1482,CLASSIC,0,133,246,804,238,39,1,91,432,111,246,904,14,30,777,221,78,126,59,84,18,497,0,True
EUW1_7621977647,15.23.728.3286,420,1628,CLASSIC,0,98,266,120,901,-1,1,24,134,246,34,35,904,30,777,90,235,126,517,518,202,37,0,True
EUW1_7621983105,15.23.728.3286,420,1162,CLASSIC,0,40,555,107,134,78,1,40,133,799,246,91,69,517,777,15,99,39,266,950,115,432,0,True
EUW1_7621983162,15.23.728.3286,420,1234,CLASSIC,1,238,39,84,517,22,0,32,40,-1,-1,904,68,105,67,236,902,420,31,126,202,432,1,True
EUW1_7621995129,15.23.728.3286,420,1499,CLASSIC,1,246,904,-1,800,107,0,897,76,163,517,3,887,427,39,804,12,6,799,84,18,79,1,True
EUW1_7622009191,15.23.728.3286,420,1109,CLASSIC,1,432,904,134,78,246,0,432,800,78,904,246,98,799,84,202,89,126,76,234,30,111,1,True
EUW1_7622025592,15.23.728.3286,420,1803,CLASSIC,1,91,904,800,-1,133,0,-1,145,38,800,59,126,246,142,81,89,14,120,163,202,111,1,True
EUW1_7622028068,15.23.728.3286,420,1345,CLASSIC,0,83,799,246,134,-1,1,98,517,119,246,-1,904,76,13,236,80,893,266,10,145,37,0,True
EUW1_7622038587,15.23.728.3286,420,919,CLASSIC,0,134,54,555,800,246,1,78,517,92,432,901,23,64,1,21,526,41,904,90,145,111,0,True
EUW1_7622043509,15.23.728.3286,420,1759,CLASSIC,0,107,800,246,-1,27,1,555,799,904,37,84,39,76,157,236,12,58,30,245,29,99,0,True
EUW1_7622050181,15.23.728.3286,420,1522,CLASSIC,1,800,427,897,91,131,0,107,98,432,246,799,904,76,18,804,111,517,238,8,202,16,1,True
EUW1_7622075236,15.23.728.3286,420,923,CLASSIC,1,555,246,69,799,904,0,107,29,246,904,950,41,266,800,202,111,14,126,163,119,37,1,True
EUW1_7622079550,15.23.728.3286,420,1353,CLASSIC,1,875,517,134,432,107,0,98,266,90,555,-1,887,246,69,145,111,904,76,800,21,80,1,True
EUW1_7622096192,15.23.728.3286,420,1383,CLASSIC,0,39,800,799,76,37,1,432,897,131,246,245,904,30,163,21,32,68,36,112,523,555,0,True
EUW1_7622099490,15.23.728.3286,420,2216,CLASSIC,0,107,55,904,246,91,1,38,30,800,246,91,84,59,39,221,518,157,76,163,22,78,0,True
EUW1_7622117777,15.23.728.3286,420,1723,CLASSIC,0,799,517,68,27,246,1,69,246,804,31,134,904,950,800,67,350,24,266,518,15,555,0,True
EUW1_7622135348,15.23.728.3286,420,1753,CLASSIC,0,421,7,246,58,163,1,13,21,131,68,30,92,91,103,18,40,904,76,133,800,111,0,True
EUW1_7622158718,15.23.728.3286,420,1635,CLASSIC,1,163,800,555,18,-1,0,107,799,904,91,246,58,517,910,804,518,39,31,13,498,497,1,True
EUW1_7622181445,15.23.728.3286,420,1480,CLASSIC,0,114,40,-1,246,800,1,246,91,555,799,68,904,517,1,18,32,67,64,13,202,99,0,True
EUW1_7622204208,15.23.728.3286,420,912,CLASSIC,1,804,24,799,246,517,0,39,799,246,134,432,126,107,163,800,111,76,64,69,67,888,1,True
EUW1_7622205495,15.23.728.3286,420,1144,CLASSIC,1,107,246,24,432,799,0,904,163,-1,246,114,266,245,800,221,111,79,517,126,18,40,1,True
EUW1_7622215176,15.23.728.3286,420,1376,CLASSIC,1,83,799,13,99,246,0,145,134,91,54,83,76,120,133,21,60,166,5,69,910,201,1,True
EUW1_7622228068,15.23.728.3286,420,1084,CLASSIC,1,245,133,99,68,-1,0,246,61,18,799,-1,114,59,84,74,60,904,105,134,15,40,1,True
EUW1_7622232109,15.23.728.3286,420,1405,CLASSIC,0,246,134,107,517,64,1,-1,21,246,904,799,245,105,950,157,518,39,76,238,800,12,0,True
EUW1_7622251903,15.23.728.3286,420,1254,CLASSIC,0,76,800,517,120,887,1,799,163,246,14,245,31,950,103,110,44,84,48,134,221,40,0,True
EUW1_7622259168,15.23.728.3286,420,2189,CLASSIC,1,246,24,432,555,64,0,245,39,904,-1,134,799,105,112,21,99,69,234,516,800,111,1,True
EUW1_7622286417,15.23.728.3286,420,1124,CLASSIC,0,800,799,83,134,27,1,7,64,246,432,-1,897,76,157,69,26,904,105,39,96,164,0,True
EUW1_7622308292,15.23.728.3286,420,1742,CLASSIC,1,27,38,412,555,24,0,246,39,134,92,517,799,950,34,15,117,887,266,69,110,76,1,True
EUW1_7622323883,15.23.728.3286,420,996,CLASSIC,0,91,904,893,7,15,1,107,201,78,246,904,516,266,134,804,16,122,76,777,119,497,0,True
EUW1_7622336721,15.23.728.3286,420,1423,CLASSIC,0,84,111,904,134,246,1,9,35,7,245,78,69,203,238,15,267,92,107,163,893,40,0,True
EUW1_7622343061,15.23.728.3286,420,1145,CLASSIC,0,799,35,80,61,91,1,246,799,64,432,517,904,238,887,22,147,28,121,166,115,43,0,True
EUW1_7622345336,15.23.728.3286,420,1839,CLASSIC,0,7,35,-1,201,80,1,141,246,84,35,517,799,107,163,18,89,39,78,245,21,412,0,True
EUW1_7622353248,15.23.728.3286,420,1916,CLASSIC,1,61,800,145,246,555,0,246,238,432,904,54,80,91,887,81,34,23,28,777,18,111,1,True
EUW1_7622358437,15.23.728.3286,420,1583,CLASSIC,0,238,246,24,91,76,1,80,55,84,51,25,114,799,166,147,89,904,876,61,804,223,0,True
EUW1_7622360490,15.23.728.3286,420,1309,CLASSIC,1,246,91,555,267,7,0,80,53,34,84,122,904,76,799,21,111,164,254,245,81,37,1,True
EUW1_7622366215,15.23.728.3286,420,1494,CLASSIC,0,555,904,238,80,800,1,517,13,119,800,58,897,91,90,236,40,92,799,133,893,432,0,True
EUW1_7622370611,15.23.728.3286,420,1092,CLASSIC,0,804,950,107,8,7,1,84,111,55,98,799,24,91,115,202,43,517,141,99,236,902,0,True
EUW1_7622371150,15.23.728.3286,420,1181,CLASSIC,1,84,246,904,54,517,0,799,23,91,246,800,2,31,245,39,80,24,77,887,147,350,1,True
EUW1_7622372881,15.23.728.3286,420,1661,CLASSIC,1,236,555,-1,8,7,0,98,-1,804,238,91,85,421,163,21,40,517,19,61,15,432,1,True
EUW1_7622373141,15.23.728.3286,420,1827,CLASSIC,1,166,800,78,246,-1,0,517,107,37,13,238,64,200,84,221,40,904,31,245,42,53,1,True
EUW1_7622380315,15.23.728.3286,420,1835,CLASSIC,1,555,80,904,134,92,0,114,800,91,895,24,41,254,69,21,37,266,238,39,50,40,1,True
EUW1_7622382487,15.23.728.3286,420,1675,CLASSIC,1,54,91,246,800,84,0,-1,517,245,77,246,904,59,61,236,267,799,234,910,147,432,1,True
EUW1_7622398310,15.23.728.3286,420,922,CLASSIC,1,55,799,35,238,80,0,432,804,55,105,92,904,517,134,22,902,122,876,7,15,117,1,True
EUW1_7622398518,15.23.728.3286,420,912,CLASSIC,0,84,526,799,246,24,1,91,246,904,800,799,114,131,245,901,43,126,76,42,30,267,0,True
EUW1_7622402718,15.23.728.3286,420,1709,CLASSIC,1,18,246,166,84,91,0,119,245,799,526,800,266,904,134,29,43,113,141,517,51,555,1,True
EUW1_7622406211,15.23.728.3286,420,1866,CLASSIC,0,91,107,800,145,517,1,904,246,432,119,897,14,121,84,81,161,92,799,99,202,40,0,True
EUW1_7622408386,15.23.728.3286,420,1579,CLASSIC,0,122,799,555,904,55,1,800,122,233,804,904,157,126,134,22,147,897,121,50,81,60,0,True
EUW1_7622413256,15.23.728.3286,420,1644,CLASSIC,0,246,119,134,904,114,1,432,80,-1,246,800,122,238,69,18,117,799,254,163,21,111,0,True
EUW1_7622421406,15.23.728.3286,420,2084,CLASSIC,1,91,36,555,897,800,0,166,555,526,107,98,904,76,43,21,164,517,246,163,523,432,1,True
EUW1_7622424434,15.23.728.3286,420,1622,CLASSIC,0,67,53,517,246,91,1,76,799,246,245,84,897,31,800,145,267,98,266,55,804,40,0,True
EUW1_7622433843,15.23.728.3286,420,1154,CLASSIC,1,804,517,83,904,39,0,904,105,111,91,555,3,59,133,245,78,84,799,54,145,40,1,True
EUW1_7622443640,15.23.728.3286,420,927,CLASSIC,1,800,80,-1,114,84,0,7,246,517,904,119,897,254,112,21,40,54,62,134,901,432,1,True
EUW1_7622454267,15.23.728.3286,420,1683,CLASSIC,1,246,40,119,80,7,0,799,55,904,246,53,887,266,163,21,78,58,77,800,429,888,1,True
EUW1_7622458626,15.23.728.3286,420,1674,CLASSIC,0,84,67,238,517,799,1,78,800,54,83,804,113,246,245,42,40,133,32,163,157,555,0,True
EUW1_7622467784,15.23.728.3286,420,1656,CLASSIC,0,35,13,120,166,81,1,799,555,133,246,67,421,517,84,45,235,904,104,38,21,432,0,True
EUW1_7622476852,15.23.728.3286,420,1702,CLASSIC,1,800,-1,432,555,-1,0,517,-1,804,134,91,126,246,13,523,267,904,64,34,21,89,1,True
EUW1_7622480871,15.23.728.3286,420,1892,CLASSIC,0,61,54,246,83,157,1,91,800,122,246,13,133,107,8,202,526,897,266,90,910,78,0,True
EUW1_7622487391,15.23.728.3286,420,1896,CLASSIC,1,897,36,266,432,80,0,38,799,432,246,91,904,64,134,18,79,39,31,112,202,12,1,True
EUW1_7622494031,15.23.728.3286,420,1749,CLASSIC,0,799,8,800,84,21,1,799,432,119,517,266,41,131,134,145,518,17,120,13,523,43,0,True
EUW1_7622502694,15.23.728.3286,420,1204,CLASSIC,0,133,246,432,78,27,1,893,7,134,133,91,13,234,904,21,526,110,799,517,18,12,0,True
EUW1_7622506803,15.23.728.3286,420,1800,CLASSIC,0,432,107,895,92,84,1,246,134,904,555,800,799,266,103,145,111,67,238,50,22,201,0,True
EUW1_7622510821,15.23.728.3286,420,1408,CLASSIC,1,107,40,238,432,91,0,246,84,30,517,21,904,31,887,236,201,799,92,103,145,497,1,True
EUW1_7622525780,15.23.728.3286,420,1815,CLASSIC,0,13,555,41,799,-1,1,-1,7,800,904,38,84,246,17,804,43,61,59,157,81,12,0,True
EUW1_7622529277,15.23.728.3286,420,1646,CLASSIC,0,119,266,105,126,897,1,107,91,134,799,120,27,131,157,429,518,887,246,904,18,12,0,True
EUW1_7622537692,15.23.728.3286,420,1810,CLASSIC,1,246,904,432,43,-1,0,91,904,517,800,799,39,30,45,202,497,68,245,126,15,111,1,True
EUW1_7622538850,15.23.728.3286,420,2150,CLASSIC,1,904,21,134,133,91,0,107,432,246,84,31,36,266,103,42,80,92,238,245,18,60,1,True
EUW1_7622545966,15.23.728.3286,420,1511,CLASSIC,0,107,76,555,78,7,1,246,266,55,92,134,904,517,166,157,497,893,799,90,110,432,0,True
EUW1_7622549454,15.23.728.3286,420,1128,CLASSIC,0,13,92,432,134,133,1,800,517,234,799,904,58,131,777,69,111,98,35,45,21,114,0,True
EUW1_7622565730,15.23.728.3286,420,1028,CLASSIC,1,78,432,38,897,10,0,904,13,91,799,246,893,31,14,157,526,17,36,80,18,12,1,True
EUW1_7622575298,15.23.728.3286,420,1791,CLASSIC,1,202,91,-1,246,69,0,238,266,904,39,134,58,254,103,115,432,799,517,90,221,555,1,True
EUW1_7622577331,15.23.728.3286,420,1212,CLASSIC,1,555,246,24,517,799,0,904,36,432,84,80,48,238,39,161,89,58,950,245,145,12,1,True
EUW1_7622588961,15.23.728.3286,420,1201,CLASSIC,0,517,804,119,266,904,1,234,904,21,92,432,98,31,25,145,526,897,35,61,523,201,0,True
EUW1_7622592207,15.23.728.3286,420,1652,CLASSIC,1,61,-1,246,38,-1,0,13,432,799,133,800,8,72,904,523,412,17,31,14,110,53,1,True
EUW1_7622603961,15.23.728.3286,420,1376,CLASSIC,0,-1,84,107,904,85,1,799,134,517,111,38,92,246,1,804,16,58,59,7,21,267,0,True
EUW1_7622608917,15.23.728.3286,420,1858,CLASSIC,0,800,14,517,119,555,1,13,246,91,804,58,84,64,163,236,111,36,30,133,81,43,0,True
EUW1_7622611801,15.23.728.3286,420,2341,CLASSIC,1,91,904,24,40,134,0,78,555,7,119,114,48,799,163,15,526,79,131,157,18,267,1,True
EUW1_7622616446,15.23.728.3286,420,2309,CLASSIC,0,114,904,91,90,432,1,-1,246,-1,134,119,98,238,800,145,12,799,19,61,498,497,0,True
EUW1_7622619634,15.23.728.3286,420,1317,CLASSIC,1,98,76,799,804,266,0,134,799,92,78,800,904,246,45,18,12,24,64,163,202,43,1,True
EUW1_7622620799,15.23.728.3286,420,1254,CLASSIC,1,80,517,897,119,107,0,107,799,800,83,98,904,266,103,145,78,164,131,157,804,497,1,True
EUW1_7622623273,15.23.728.3286,420,1695,CLASSIC,1,432,800,517,799,246,0,895,39,166,234,904,150,421,84,45,555,266,35,34,202,89,1,True
EUW1_7622633185,15.23.728.3286,420,1831,CLASSIC,0,800,38,91,799,61,1,91,800,904,246,17,41,266,8,119,111,122,20,13,145,432,0,True
EUW1_7622648140,15.23.728.3286,420,1621,CLASSIC,0,-1,904,432,555,67,1,91,107,517,904,266,122,31,13,81,99,98,246,134,221,497,0,True
EUW1_7622661073,15.23.728.3286,420,1385,CLASSIC,1,517,55,904,266,133,0,897,80,246,119,98,126,799,103,800,12,68,56,777,222,526,1,True
EUW1_7622664408,15.23.728.3286,420,948,CLASSIC,0,68,895,91,555,246,1,24,904,799,84,-1,114,59,61,119,432,48,107,238,910,37,0,True
EUW1_7622689103,15.23.728.3286,420,1476,CLASSIC,0,799,-1,133,234,800,1,246,78,904,38,800,36,35,134,202,432,39,20,42,804,517,0,True
EUW1_7622691917,15.23.728.3286,420,1442,CLASSIC,0,432,35,91,800,92,1,246,91,119,432,904,68,799,39,145,78,84,59,13,804,117,0,True
EUW1_7622704142,15.23.728.3286,420,1730,CLASSIC,0,904,91,555,432,78,1,266,517,7,40,80,98,200,800,161,32,887,246,799,115,526,0,True
EUW1_7622712324,15.23.728.3286,420,1652,CLASSIC,0,432,78,800,13,266,1,904,897,266,43,145,98,36,133,115,12,126,30,103,110,80,0,True
EUW1_7622721706,15.23.728.3286,420,1173,CLASSIC,1,200,107,800,17,555,0,800,904,13,31,30,8,254,81,143,99,126,92,163,115,526,1,True
EUW1_7622733505,15.23.728.3286,420,1748,CLASSIC,0,91,904,27,555,134,1,800,246,-1,904,20,98,799,90,145,78,897,64,901,804,497,0,True
EUW1_7622750807,15.23.728.3286,420,1150,CLASSIC,1,238,432,20,904,24,0,246,133,69,91,39,48,64,13,18,78,266,799,800,115,555,1,True
EUW1_7622756330,15.23.728.3286,420,913,CLASSIC,1,114,904,91,40,55,0,-1,555,246,163,98,266,59,7,221,432,157,20,268,147,43,1,True
EUW1_7622766401,15.23.728.3286,420,2403,CLASSIC,0,107,30,-1,555,134,1,80,266,799,517,897,904,64,61,21,432,39,91,103,800,60,0,True
EUW1_7622769530,15.23.728.3286,420,1565,CLASSIC,1,246,799,91,2,58,0,800,246,53,904,39,92,72,887,22,147,60,19,777,163,412,1,True
EUW1_7622772176,15.23.728.3286,420,1575,CLASSIC,1,67,246,34,13,904,0,-1,-1,43,800,83,897,245,238,133,555,8,30,799,22,235,1,True
EUW1_7622783792,15.23.728.3286,420,1449,CLASSIC,0,246,432,39,91,904,1,8,234,804,432,107,150,254,163,21,526,897,35,55,145,78,0,True
EUW1_7622801597,15.23.728.3286,420,1403,CLASSIC,1,432,27,107,98,43,0,904,133,432,246,800,39,266,90,18,78,54,517,126,42,497,1,True
EUW1_7622833639,15.23.728.3286,420,1625,CLASSIC,1,432,163,555,800,98,0,246,893,30,432,91,68,517,23,804,526,904,20,31,21,89,1,True
EUW1_7622837758,15.23.728.3286,420,1588,CLASSIC,1,904,134,800,246,91,0,555,83,246,43,904,69,238,61,429,35,8,30,42,18,526,1,True
EUW1_7622846977,15.23.728.3286,420,1694,CLASSIC,0,7,30,800,-1,122,1,904,37,-1,799,34,266,107,245,136,526,98,517,238,498,78,0,True
EUW1_7622847206,15.23.728.3286,420,1500,CLASSIC,0,35,266,904,166,432,1,555,84,904,91,38,98,246,134,18,902,67,421,55,45,497,0,True
EUW1_7622855344,15.23.728.3286,420,1474,CLASSIC,0,246,904,133,555,804,1,35,25,134,800,24,85,799,136,21,267,48,72,38,18,412,0,True
EUW1_7622878638,15.23.728.3286,420,1725,CLASSIC,1,-1,68,800,904,91,0,55,904,-1,246,80,24,266,163,21,432,58,254,61,221,235,1,True
EUW1_7622884752,15.23.728.3286,420,1661,CLASSIC,0,799,246,133,800,-1,1,20,107,432,24,904,39,154,268,145,555,150,517,61,804,201,0,True
EUW1_7622895818,15.23.728.3286,420,1159,CLASSIC,1,68,44,134,166,78,0,234,13,800,43,904,14,76,69,236,497,2,35,133,115,80,1,True
EUW1_7622906913,15.23.728.3286,420,1476,CLASSIC,1,800,-1,107,78,35,0,800,53,60,30,7,904,62,84,202,267,799,517,101,21,412,1,True
EUW1_7622920941,15.23.728.3286,420,1583,CLASSIC,0,800,432,14,-1,246,1,25,895,91,904,555,68,799,112,15,12,98,72,517,119,99,0,True
EUW1_7622930720,15.23.728.3286,420,918,CLASSIC,0,107,432,166,35,91,1,904,117,246,38,7,24,266,910,202,89,799,143,103,67,44,0,True
EUW1_7622931443,15.23.728.3286,420,1673,CLASSIC,1,432,83,800,133,234,0,246,13,904,799,517,8,35,163,81,43,266,245,42,236,267,1,True
EUW1_7622969296,15.23.728.3286,420,1913,CLASSIC,0,-1,246,-1,555,107,1,432,90,246,99,68,904,517,134,67,267,17,20,42,523,43,0,True
EUW1_7622969445,15.23.728.3286,420,1047,CLASSIC,1,800,133,27,517,555,0,-1,99,246,126,904,893,131,157,236,267,6,266,804,895,12,1,True
EUW1_7622980413,15.23.728.3286,420,1569,CLASSIC,0,59,78,246,799,904,1,98,84,246,804,432,238,517,13,202,89,164,64,157,245,497,0,True
EUW1_7622981632,15.23.728.3286,420,1806,CLASSIC,0,904,517,119,30,902,1,42,67,39,800,31,58,120,518,145,888,266,107,142,18,497,0,True
EUW1_7622993690,15.23.728.3286,420,1481,CLASSIC,0,901,246,107,117,83,1,8,7,904,266,246,133,517,90,523,44,84,77,777,221,432,0,True
EUW1_7623000438,15.23.728.3286,420,1651,CLASSIC,1,98,-1,91,233,234,0,61,107,145,432,92,517,35,777,523,89,24,799,14,800,111,1,True
EUW1_7623002016,15.23.728.3286,420,1203,CLASSIC,1,122,432,107,83,517,0,54,91,800,432,44,17,266,134,18,111,904,246,7,81,201,1,True
EUW1_7623013101,15.23.728.3286,420,1547,CLASSIC,0,904,133,555,27,35,1,245,246,54,555,517,893,131,950,15,99,150,266,161,115,12,0,True
EUW1_7623032726,15.23.728.3286,420,2580,CLASSIC,1,133,91,81,799,134,0,904,61,234,30,555,41,19,163,800,12,266,31,268,15,432,1,True
EUW1_7623036289,15.23.728.3286,420,1529,CLASSIC,0,901,-1,24,799,119,1,904,518,83,-1,119,893,5,90,21,432,133,77,34,51,142,0,True
EUW1_7623049614,15.23.728.3286,420,2060,CLASSIC,1,67,555,246,517,799,0,800,7,30,266,799,904,141,163,145,111,69,234,4,202,432,1,True
EUW1_7623055544,15.23.728.3286,420,1691,CLASSIC,0,517,92,134,800,432,1,24,13,-1,799,119,31,5,234,142,32,516,904,133,221,12,0,True
EUW1_7623061347,15.23.728.3286,420,1426,CLASSIC,1,-1,134,91,246,10,0,517,84,27,804,432,904,266,13,21,12,893,120,245,15,117,1,True
EUW1_7623077949,15.23.728.3286,420,1653,CLASSIC,1,246,800,526,92,517,0,895,40,35,69,67,41,238,127,498,497,897,62,112,157,44,1,True
EUW1_7623086052,15.23.728.3286,420,1630,CLASSIC,1,904,68,800,107,517,0,114,134,904,246,76,516,64,84,81,12,39,106,245,15,526,1,True
EUW1_7623106314,15.23.728.3286,420,1436,CLASSIC,0,555,92,432,800,107,1,904,800,91,119,234,31,246,103,804,37,887,59,34,18,111,0,True
EUW1_7623112407,15.23.728.3286,420,1712,CLASSIC,1,107,246,134,799,555,0,92,107,432,61,44,904,266,13,523,99,893,234,8,22,147,1,True
EUW1_7623125566,15.23.728.3286,420,1933,CLASSIC,1,897,30,7,904,246,0,266,432,126,246,245,150,107,517,236,526,24,64,61,804,78,1,True
EUW1_7623147466,15.23.728.3286,420,1489,CLASSIC,1,432,69,92,526,8,0,91,800,799,517,67,122,121,910,18,12,897,246,518,81,14,1,True
EUW1_7623160109,15.23.728.3286,420,1735,CLASSIC,1,92,107,904,234,246,0,238,55,-1,246,68,31,799,39,523,12,122,5,134,800,526,1,True
EUW1_7623191681,15.23.728.3286,420,1096,CLASSIC,1,91,246,904,-1,83,0,27,800,107,555,432,133,266,910,804,78,126,517,110,18,267,1,True
EUW1_7623192114,15.23.728.3286,420,1808,CLASSIC,1,238,897,904,30,91,0,78,68,91,246,432,58,266,3,498,518,516,517,157,145,12,1,True
EUW1_7623219296,15.23.728.3286,420,2384,CLASSIC,1,39,246,799,91,54,0,246,901,799,133,517,950,31,119,81,35,904,266,893,90,235,1,True
EUW1_7623222941,15.23.728.3286,420,919,CLASSIC,1,904,107,133,799,432,0,246,-1,800,432,107,266,517,103,22,555,39,120,4,21,43,1,True
EUW1_7623230778,15.23.728.3286,420,1828,CLASSIC,0,800,517,54,555,83,1,69,92,555,893,800,133,104,163,161,432,17,59,31,202,16,0,True
EUW1_7623252696,15.23.728.3286,420,937,CLASSIC,0,91,78,122,56,61,1,27,107,91,904,246,799,266,8,143,555,6,234,800,145,518,0,True
EUW1_7623262914,15.23.728.3286,420,1169,CLASSIC,1,21,555,-1,30,246,0,114,134,246,-1,40,126,107,112,202,518,64,62,43,895,44,1,True
EUW1_7623298723,15.23.728.3286,420,1123,CLASSIC,0,-1,58,120,91,800,1,84,163,246,107,904,114,62,910,81,555,799,59,29,804,78,0,True
EUW1_7623302022,15.23.728.3286,420,1751,CLASSIC,0,901,799,904,78,119,1,78,897,234,119,246,114,154,90,18,48,150,107,163,15,526,0,True
EUW1_7623315236,15.23.728.3286,420,979,CLASSIC,0,246,92,91,96,555,1,35,55,89,246,904,126,254,163,804,40,83,799,800,236,267,0,True
EUW1_7623321478,15.23.728.3286,420,1485,CLASSIC,1,555,38,-1,163,30,0,-1,517,21,107,246,904,24,126,800,526,114,266,518,145,12,1,True
EUW1_7623340783,15.23.728.3286,420,1418,CLASSIC,0,432,32,68,14,799,1,-1,800,517,-1,114,904,246,7,119,497,897,245,910,21,78,0,True
EUW1_7623352528,15.23.728.3286,420,1412,CLASSIC,0,800,432,91,92,246,1,904,800,58,555,54,236,517,234,81,111,875,266,67,115,43,0,True
EUW1_7623371085,15.23.728.3286,420,1923,CLASSIC,1,246,517,897,107,800,0,40,38,154,30,555,114,76,163,29,80,904,266,7,147,44,1,True
EUW1_7623392587,15.23.728.3286,420,1122,CLASSIC,1,67,800,246,432,107,0,91,-1,245,800,432,904,517,142,21,111,897,799,61,804,518,1,True
EUW1_7623401521,15.23.728.3286,420,1120,CLASSIC,0,246,133,119,84,92,1,800,245,804,266,24,904,62,67,115,78,39,799,101,523,412,0,True
EUW1_7623417308,15.23.728.3286,420,914,CLASSIC,1,91,92,800,432,904,0,800,904,53,799,69,41,121,142,21,555,14,266,4,119,37,1,True
EUW1_7623427261,15.23.728.3286,420,935,CLASSIC,1,-1,107,-1,897,163,0,142,78,245,163,30,904,254,3,202,26,68,799,61,804,526,1,True
EUW1_7623430132,15.23.728.3286,420,1280,CLASSIC,0,40,-1,54,126,904,1,246,119,76,266,133,92,59,67,99,44,39,234,63,101,432,0,True
EUW1_7623448705,15.23.728.3286,420,1343,CLASSIC,1,432,901,-1,76,904,0,201,3,107,246,111,68,799,90,360,12,14,266,84,119,555,1,True
EUW1_7623451905,15.23.728.3286,420,1776,CLASSIC,0,432,555,38,800,91,1,163,91,107,804,92,904,799,910,18,526,41,246,8,202,78,0,True
EUW1_7623465356,15.23.728.3286,420,1232,CLASSIC,0,27,245,517,67,800,1,18,69,126,266,76,904,246,61,51,43,92,131,39,222,432,0,True
EUW1_7623473332,15.23.728.3286,420,1408,CLASSIC,0,76,13,897,53,246,1,555,246,27,84,432,904,799,79,133,888,164,517,36,29,78,0,True
EUW1_7623498566,15.23.728.3286,420,1668,CLASSIC,1,91,246,904,163,800,0,800,91,41,131,246,14,266,112,236,40,39,76,13,15,12,1,True
EUW1_7623508852,15.23.728.3286,420,1444,CLASSIC,1,69,13,54,-1,804,0,119,126,60,799,27,39,131,133,800,432,92,246,245,142,89,1,True
EUW1_7623527529,15.23.728.3286,420,1919,CLASSIC,0,904,91,39,-1,40,1,804,517,145,800,24,122,266,84,202,164,799,234,893,115,142,0,True
EUW1_7623614321,15.23.728.3286,420,1587,CLASSIC,1,119,107,-1,9,114,0,107,246,55,67,555,516,91,85,21,432,897,17,126,110,99,1,True
EUW1_7623628994,15.23.728.3286,420,2095,CLASSIC,0,84,10,246,39,238,1,91,245,238,526,904,134,131,58,157,40,126,517,38,21,78,0,True
EUW1_7623630332,15.23.728.3286,420,1829,CLASSIC,0,-1,246,-1,91,58,1,904,800,238,40,78,92,76,134,145,555,799,234,84,63,111,0,True
EUW1_7623639317,15.23.728.3286,420,1624,CLASSIC,1,105,897,887,55,555,0,107,799,526,555,39,517,421,18,804,201,516,245,134,21,78,1,True
EUW1_7623641741,15.23.728.3286,420,1333,CLASSIC,1,134,432,107,68,799,0,35,246,91,904,245,92,76,240,202,82,39,131,18,21,111,1,True
EUW1_7623642496,15.23.728.3286,420,1588,CLASSIC,0,246,800,92,55,950,1,904,107,238,246,67,41,5,163,21,412,887,31,3,18,432,0,True
EUW1_7623647799,15.23.728.3286,420,2008,CLASSIC,0,-1,800,131,-1,53,1,76,157,78,-1,904,67,245,901,236,37,84,246,99,21,526,0,True
EUW1_7623651847,15.23.728.3286,420,1492,CLASSIC,1,893,904,36,8,432,0,107,517,246,91,10,85,77,39,804,526,86,131,777,222,201,1,True
EUW1_7623654660,15.23.728.3286,420,1649,CLASSIC,0,799,800,904,517,-1,1,432,517,200,7,58,80,246,79,429,111,36,131,91,202,37,0,True
EUW1_7623665539,15.23.728.3286,420,1665,CLASSIC,1,107,10,-1,432,246,0,246,893,799,134,800,904,254,13,67,497,24,266,110,115,111,1,True
EUW1_7623671515,15.23.728.3286,420,1559,CLASSIC,1,92,711,246,517,21,0,799,800,432,31,43,904,421,161,42,267,516,36,268,29,44,1,True
EUW1_7623679561,15.23.728.3286,420,1630,CLASSIC,1,238,800,83,55,555,0,107,-1,904,78,266,133,131,134,901,432,98,141,103,202,43,1,True
EUW1_7623683442,15.23.728.3286,420,2029,CLASSIC,0,91,432,21,904,126,1,904,78,105,800,107,122,799,61,523,201,150,246,13,119,518,0,True
EUW1_7623685502,15.23.728.3286,420,2016,CLASSIC,0,799,895,266,555,58,1,27,92,800,246,517,36,80,3,901,497,897,427,55,202,432,0,True
EUW1_7623693953,15.23.728.3286,420,930,CLASSIC,0,55,904,29,78,266,1,238,800,246,555,54,98,517,7,202,111,67,131,31,221,16,0,True
EUW1_7623701060,15.23.728.3286,420,1358,CLASSIC,0,800,40,91,904,24,1,800,55,246,904,200,80,266,7,804,267,68,234,163,202,432,0,True
EUW1_7623707272,15.23.728.3286,420,1019,CLASSIC,0,67,91,800,246,107,1,54,55,107,91,84,24,131,777,29,16,8,59,904,96,111,0,True
EUW1_7623715687,15.23.728.3286,420,1514,CLASSIC,0,799,804,246,432,266,1,7,246,432,111,800,85,19,13,202,53,133,64,134,222,40,0,True
EUW1_7623725596,15.23.728.3286,420,913,CLASSIC,1,432,84,-1,91,-1,0,8,432,91,804,121,904,163,67,145,497,150,799,800,81,518,1,True
EUW1_7623729824,15.23.728.3286,420,1621,CLASSIC,1,246,904,432,83,555,0,799,84,266,107,246,8,131,157,202,99,68,517,55,498,111,1,True
EUW1_7623732780,15.23.728.3286,420,1115,CLASSIC,0,24,134,107,804,78,1,432,800,107,517,21,904,17,90,523,12,150,246,13,222,26,0,True
EUW1_7623739316,15.23.728.3286,420,1338,CLASSIC,0,43,114,246,238,799,1,245,91,904,54,107,98,30,42,81,35,67,266,134,804,40,0,True
EUW1_7623739651,15.23.728.3286,420,1768,CLASSIC,1,19,54,21,800,432,0,432,246,145,134,800,133,31,61,119,412,39,75,245,115,111,1,True
EUW1_7623743039,15.23.728.3286,420,1715,CLASSIC,1,133,107,7,43,24,0,799,30,904,18,59,58,876,157,221,44,84,36,39,523,902,1,True
EUW1_7623745381,15.23.728.3286,420,1249,CLASSIC,0,91,61,131,904,555,1,800,27,799,55,134,897,76,8,15,902,150,246,90,202,432,0,True
EUW1_7623756649,15.23.728.3286,420,1565,CLASSIC,0,131,17,246,432,526,1,-1,21,58,904,432,36,266,61,800,497,114,238,84,145,89,0,True
EUW1_7623758257,15.23.728.3286,420,1679,CLASSIC,0,904,266,78,98,55,1,800,238,246,30,55,68,59,103,202,80,133,64,7,42,40,0,True
EUW1_7623764252,15.23.728.3286,420,1308,CLASSIC,1,555,43,13,67,133,0,904,432,246,91,83,58,30,800,429,201,8,266,39,202,12,1,True
EUW1_7623770225,15.23.728.3286,420,1496,CLASSIC,0,-1,24,904,37,895,1,246,84,-1,17,517,48,131,157,202,432,67,20,238,22,267,0,True
EUW1_7623770278,15.23.728.3286,420,1322,CLASSIC,1,799,432,235,107,800,0,-1,145,517,432,54,516,246,101,119,111,67,200,103,115,518,1,True
EUW1_7623775331,15.23.728.3286,420,1655,CLASSIC,0,-1,517,69,134,107,1,30,134,246,84,555,887,266,90,202,43,13,36,55,110,518,0,True
EUW1_7623781261,15.23.728.3286,420,1745,CLASSIC,0,92,517,800,246,266,1,555,126,904,27,238,41,76,13,81,43,122,421,134,145,518,0,True
EUW1_7623791833,15.23.728.3286,420,1745,CLASSIC,0,126,78,-1,58,31,1,43,67,36,28,246,92,266,134,523,12,904,30,14,429,412,0,True
EUW1_7623799662,15.23.728.3286,420,1459,CLASSIC,1,799,555,517,266,107,0,246,21,800,54,904,17,24,103,22,40,67,76,110,202,111,1,True
EUW1_7623810804,15.23.728.3286,420,1651,CLASSIC,1,30,904,266,98,246,0,107,111,-1,517,36,68,59,134,202,555,799,31,84,119,12,1,True
EUW1_7623813165,15.23.728.3286,420,1669,CLASSIC,1,84,266,58,555,246,0,92,27,13,429,107,887,799,3,51,412,68,234,245,804,53,1,True
EUW1_7623817313,15.23.728.3286,420,1190,CLASSIC,0,804,-1,2,246,40,1,432,517,254,555,122,799,17,119,800,12,68,238,103,236,267,0,True
EUW1_7623822349,15.23.728.3286,420,927,CLASSIC,1,67,246,84,75,897,0,800,904,432,799,58,266,517,245,134,78,92,54,910,804,12,1,True
EUW1_7623835164,15.23.728.3286,420,1560,CLASSIC,0,90,800,55,904,134,1,246,67,134,91,166,150,131,61,29,432,777,266,69,21,89,0,True
EUW1_7623836530,15.23.728.3286,420,1589,CLASSIC,1,238,904,91,432,98,0,35,78,84,904,134,799,24,131,145,518,516,200,67,90,12,1,True
EUW1_7623846229,15.23.728.3286,420,1647,CLASSIC,0,84,555,27,517,246,1,800,107,897,-1,432,68,104,103,22,12,904,245,42,804,79,0,True
EUW1_7623852736,15.23.728.3286,420,1894,CLASSIC,0,84,432,13,78,164,1,904,145,246,245,43,238,121,91,134,526,39,30,517,360,111,0,True
EUW1_7623869674,15.23.728.3286,420,2533,CLASSIC,1,904,166,799,30,246,0,238,98,246,69,800,150,82,23,21,89,164,131,126,145,432,1,True
EUW1_7623869774,15.23.728.3286,420,1444,CLASSIC,0,67,43,246,92,39,1,54,246,266,90,27,904,799,163,202,432,804,126,13,21,60,0,True
EUW1_7623872296,15.23.728.3286,420,1872,CLASSIC,0,555,904,107,91,799,1,555,-1,904,238,69,58,31,901,804,43,24,266,142,202,111,0,True
EUW1_7623880321,15.23.728.3286,420,1543,CLASSIC,0,31,43,-1,27,246,1,238,91,107,799,432,887,517,777,21,40,68,266,84,804,235,0,True
EUW1_7623886309,15.23.728.3286,420,2313,CLASSIC,1,91,904,555,134,68,0,904,13,201,91,39,516,126,34,15,142,83,950,246,29,517,1,True
EUW1_7623893716,15.23.728.3286,420,2073,CLASSIC,0,-1,432,84,246,555,1,246,904,799,555,517,266,24,245,804,40,78,234,103,145,526,0,True
EUW1_7623900576,15.23.728.3286,420,1482,CLASSIC,1,266,92,119,246,107,0,91,799,27,-1,246,904,517,34,51,432,98,64,13,202,99,1,True
EUW1_7623907834,15.23.728.3286,420,1768,CLASSIC,0,800,799,555,54,30,1,246,83,91,432,107,67,131,103,202,235,8,517,39,18,526,0,True
EUW1_7623910326,15.23.728.3286,420,2104,CLASSIC,0,-1,799,238,266,91,1,904,134,246,238,555,83,76,34,21,89,69,106,81,110,201,0,True
EUW1_7623930897,15.23.728.3286,420,934,CLASSIC,1,-1,432,92,107,246,0,119,91,246,904,126,893,120,84,804,12,83,203,61,145,98,1,True
EUW1_7623937240,15.23.728.3286,420,1952,CLASSIC,1,432,91,799,84,107,0,58,555,166,134,246,904,238,245,800,78,875,517,69,18,111,1,True
EUW1_7623944395,15.23.728.3286,420,1291,CLASSIC,1,-1,555,-1,105,804,0,516,555,799,134,80,904,107,13,800,43,68,56,90,22,16,1,True
EUW1_7623947207,15.23.728.3286,420,1719,CLASSIC,0,238,69,67,800,91,1,799,432,800,238,122,897,246,268,145,518,83,36,112,75,497,0,True
EUW1_7623954335,15.23.728.3286,420,1100,CLASSIC,1,134,246,40,238,-1,0,114,904,54,7,107,24,76,69,15,432,67,120,4,22,53,1,True
EUW1_7623965173,15.23.728.3286,420,1922,CLASSIC,1,555,83,517,246,-1,0,904,246,800,98,107,8,31,157,110,497,897,421,13,81,12,1,True
EUW1_7623973493,15.23.728.3286,420,1835,CLASSIC,0,432,13,555,238,266,1,92,84,238,799,69,98,517,133,21,99,897,56,800,22,518,0,True
EUW1_7623984436,15.23.728.3286,420,1780,CLASSIC,1,799,24,238,91,904,0,555,69,517,83,67,39,54,163,29,35,133,427,800,22,201,1,True
EUW1_7623984668,15.23.728.3286,420,1440,CLASSIC,0,134,80,-1,107,24,1,114,78,800,799,246,897,904,45,115,432,39,238,893,81,555,0,True
EUW1_7623997920,15.23.728.3286,420,1034,CLASSIC,0,-1,555,78,799,246,1,904,-1,9,92,91,98,120,7,804,29,897,107,3,893,432,0,True
EUW1_7624020347,15.23.728.3286,420,1710,CLASSIC,0,13,107,246,799,80,1,91,89,432,800,107,897,266,133,202,78,68,126,54,804,517,0,True
EUW1_7624020584,15.23.728.3286,420,1416,CLASSIC,0,555,119,238,91,107,1,98,107,55,61,800,904,517,39,81,43,84,80,8,246,432,0,True
EUW1_7624029902,15.23.728.3286,420,1345,CLASSIC,1,-1,17,432,799,78,0,234,799,555,107,893,887,120,517,157,526,68,266,84,804,201,1,True
EUW1_7624036657,15.23.728.3286,420,1776,CLASSIC,1,804,134,92,432,78,0,91,517,98,107,800,67,246,69,202,497,904,30,266,895,235,1,True
EUW1_7624038098,15.23.728.3286,420,1651,CLASSIC,1,133,134,91,517,24,0,555,91,517,84,126,904,79,157,22,164,92,78,245,161,99,1,True
EUW1_7624062441,15.23.728.3286,420,1606,CLASSIC,0,-1,-1,799,54,84,1,201,91,166,98,800,67,234,13,498,888,517,62,69,246,80,0,True
EUW1_7624084628,15.23.728.3286,420,1909,CLASSIC,1,799,83,161,200,432,0,245,92,120,432,246,68,131,42,29,518,904,517,163,804,117,1,True
EUW1_7624094735,15.23.728.3286,420,1567,CLASSIC,1,246,517,804,2,107,0,904,13,107,266,799,887,234,103,221,432,98,120,133,143,53,1,True
EUW1_7624102965,15.23.728.3286,420,962,CLASSIC,1,92,55,78,24,54,0,246,555,238,134,126,221,154,103,145,111,236,266,69,523,40,1,True
EUW1_7624112790,15.23.728.3286,420,1679,CLASSIC,0,91,31,84,800,126,1,800,-1,804,799,134,27,62,34,246,267,904,59,163,69,555,0,True
EUW1_7624119977,15.23.728.3286,420,1447,CLASSIC,1,901,27,-1,84,43,0,91,238,84,904,24,266,30,39,90,161,48,887,29,145,518,1,True
EUW1_7624134360,15.23.728.3286,420,2219,CLASSIC,0,246,799,904,800,35,1,35,68,157,432,799,122,245,133,202,111,114,517,42,804,201,0,True
EUW1_7624148125,15.23.728.3286,420,2109,CLASSIC,0,901,107,13,904,804,1,69,517,246,555,67,875,143,133,202,432,897,799,103,221,43,0,True
EUW1_7624166757,15.23.728.3286,420,1656,CLASSIC,1,98,91,804,30,246,0,799,904,13,163,91,14,517,39,145,164,150,126,84,800,526,1,True
EUW1_7624179364,15.23.728.3286,420,1928,CLASSIC,0,800,161,80,91,-1,1,804,432,904,8,78,150,131,39,29,266,92,246,910,147,12,0,True
EUW1_7624186801,15.23.728.3286,420,1254,CLASSIC,1,91,800,-1,111,904,0,904,246,24,432,134,41,76,142,236,40,516,799,245,18,16,1,True
EUW1_7624227277,15.23.728.3286,420,2155,CLASSIC,0,-1,904,234,246,517,1,904,555,133,246,432,154,35,103,202,53,897,126,163,804,267,0,True
EUW1_7624238463,15.23.728.3286,420,1934,CLASSIC,1,91,800,432,98,246,0,432,804,39,107,246,517,799,163,221,12,887,238,13,21,78,1,True
EUW1_7624252841,15.23.728.3286,420,1590,CLASSIC,0,68,80,266,134,13,1,78,245,904,91,800,516,254,133,69,12,122,246,61,84,526,0,True
EUW1_7624265117,15.23.728.3286,420,1304,CLASSIC,0,517,119,53,432,122,1,800,517,142,91,114,27,120,26,42,267,904,64,103,54,235,0,True
EUW1_7624290050,15.23.728.3286,420,2184,CLASSIC,0,92,238,254,555,107,1,246,800,904,432,84,98,517,42,143,12,110,799,61,15,53,0,True
EUW1_7624305078,15.23.728.3286,420,1573,CLASSIC,1,432,107,163,91,246,0,904,246,800,432,107,799,14,103,804,53,887,126,112,22,267,1,True
EUW1_7624312070,15.23.728.3286,420,2136,CLASSIC,1,24,246,-1,69,80,0,133,67,799,904,517,887,5,13,901,432,14,126,800,81,37,1,True
EUW1_7624318771,15.23.728.3286,420,1458,CLASSIC,0,432,43,13,134,-1,1,13,91,53,78,804,114,517,69,523,85,122,163,133,22,12,0,True
EUW1_7624334671,15.23.728.3286,420,1537,CLASSIC,1,238,107,91,800,432,0,246,133,91,432,92,110,20,163,145,497,904,131,777,18,201,1,True
EUW1_7624357385,15.23.728.3286,420,1661,CLASSIC,0,40,13,35,800,24,1,64,432,134,91,107,23,266,517,895,53,114,119,234,34,79,0,True
EUW1_7624370497,15.23.728.3286,420,1781,CLASSIC,1,246,799,27,39,91,0,78,904,-1,799,800,59,163,3,221,432,36,266,7,804,267,1,True
EUW1_7624375897,15.23.728.3286,420,1925,CLASSIC,0,800,107,131,804,432,1,134,119,91,246,31,150,517,81,245,518,126,799,69,145,526,0,True
EUW1_7624435258,15.23.728.3286,420,1686,CLASSIC,1,107,134,68,804,432,0,13,432,799,91,904,897,246,3,69,111,122,254,84,145,497,1,True
EUW1_7624452035,15.23.728.3286,420,1723,CLASSIC,1,517,92,800,107,27,0,133,12,51,91,904,41,30,31,119,40,150,266,157,145,518,1,True
EUW1_7624452634,15.23.728.3286,420,1648,CLASSIC,0,266,76,119,133,897,1,800,432,107,39,-1,904,799,84,21,60,777,246,1,523,526,0,True
EUW1_7624481710,15.23.728.3286,420,1950,CLASSIC,1,-1,126,800,91,246,0,92,13,78,800,555,897,80,163,18,526,98,238,133,115,99,1,True
EUW1_7624495666,15.23.728.3286,420,1339,CLASSIC,0,69,91,107,238,78,1,904,246,134,432,84,24,799,245,143,111,14,517,18,202,497,0,True
EUW1_7624496811,15.23.728.3286,420,2232,CLASSIC,0,800,246,904,9,-1,1,246,799,90,39,80,517,31,18,893,555,897,120,84,222,40,0,True
EUW1_7624525139,15.23.728.3286,420,1433,CLASSIC,1,83,904,13,43,91,0,246,30,64,114,53,126,28,133,51,111,157,266,517,236,37,1,True
EUW1_7624526553,15.23.728.3286,420,1476,CLASSIC,0,27,246,84,-1,800,1,904,91,8,-1,78,897,234,245,42,432,266,64,55,15,117,0,True
EUW1_7624533572,15.23.728.3286,420,1315,CLASSIC,0,800,-1,13,91,432,1,133,163,78,24,107,904,131,246,202,518,39,238,134,145,497,0,True
EUW1_7624558542,15.23.728.3286,420,1689,CLASSIC,0,246,24,55,800,81,1,555,134,904,800,107,950,799,142,34,78,58,76,90,18,117,0,True
EUW1_7624561239,15.23.728.3286,420,1632,CLASSIC,0,78,-1,43,39,92,1,91,432,24,133,800,897,246,268,30,12,904,131,13,15,111,0,True
EUW1_7624564987,15.23.728.3286,420,1539,CLASSIC,1,107,39,13,51,799,0,246,-1,904,107,517,6,245,133,145,111,266,254,61,22,201,1,True
EUW1_7624574249,15.23.728.3286,420,1439,CLASSIC,0,122,238,555,800,246,1,76,-1,24,246,39,54,234,518,21,526,23,91,517,523,40,0,True
EUW1_7624585408,15.23.728.3286,420,2112,CLASSIC,1,80,800,134,107,555,0,39,799,84,800,246,69,254,157,202,99,904,245,238,147,432,1,True
EUW1_7624601815,15.23.728.3286,420,915,CLASSIC,0,91,904,246,24,78,1,39,13,76,246,68,893,266,800,145,518,166,131,950,133,40,0,True
EUW1_7624618736,15.23.728.3286,420,1722,CLASSIC,0,166,800,80,246,60,1,39,555,69,58,800,887,31,777,202,526,799,427,236,145,40,0,True
EUW1_7624647061,15.23.728.3286,420,1544,CLASSIC,1,12,90,107,517,904,0,238,246,111,800,39,54,104,67,360,518,799,64,134,498,412,1,True
EUW1_7624681316,15.23.728.3286,420,2148,CLASSIC,0,904,804,54,157,107,1,40,64,21,107,238,67,266,80,800,60,897,91,887,236,267,0,True
EUW1_7624696415,15.23.728.3286,420,1614,CLASSIC,0,54,91,904,24,-1,1,107,91,804,904,34,10,120,245,18,40,31,35,133,29,60,0,True
EUW1_7624703546,15.23.728.3286,420,1308,CLASSIC,0,517,800,7,114,904,1,895,238,119,432,904,516,141,799,99,267,58,131,39,42,53,0,True
EUW1_7624705061,15.23.728.3286,420,2162,CLASSIC,0,114,21,246,800,91,1,799,80,904,432,134,897,31,131,523,111,150,120,61,18,201,0,True
EUW1_7624705689,15.23.728.3286,420,1643,CLASSIC,0,84,119,904,800,246,1,246,83,-1,555,799,31,91,887,895,432,24,64,79,145,497,0,True
EUW1_7624708296,15.23.728.3286,420,1962,CLASSIC,0,800,904,432,111,-1,1,246,91,84,800,555,58,950,34,804,117,799,17,245,145,53,0,True
EUW1_7624714023,15.23.728.3286,420,1820,CLASSIC,1,67,91,432,78,105,0,83,246,904,804,18,517,35,777,145,80,85,77,157,221,117,1,True
EUW1_7624721920,15.23.728.3286,420,1643,CLASSIC,0,555,246,55,-1,37,1,904,238,800,21,114,99,234,134,202,432,83,76,163,42,80,0,True
EUW1_7624729834,15.23.728.3286,420,1842,CLASSIC,0,27,555,35,904,432,1,78,893,-1,84,-1,516,266,13,29,43,106,246,55,18,111,0,True
EUW1_7624734560,15.23.728.3286,420,1725,CLASSIC,0,238,126,555,119,246,1,904,799,91,126,246,92,200,800,202,432,27,266,134,222,60,0,True
EUW1_7624734848,15.23.728.3286,420,1882,CLASSIC,0,107,42,800,36,68,1,166,28,7,-1,897,41,246,4,18,111,904,421,518,145,526,0,True
EUW1_7624740869,15.23.728.3286,420,1977,CLASSIC,1,122,517,15,238,21,0,904,517,80,246,432,41,31,43,145,53,897,60,777,51,37,1,True
EUW1_7624741799,15.23.728.3286,420,1366,CLASSIC,0,13,800,99,91,904,1,238,897,904,91,90,68,234,246,498,432,799,131,84,145,555,0,True
EUW1_7624743297,15.23.728.3286,420,1544,CLASSIC,1,246,-1,35,555,904,0,432,893,517,799,21,516,59,84,51,99,887,121,134,523,43,1,True
EUW1_7624751556,15.23.728.3286,420,1563,CLASSIC,0,107,555,246,800,432,1,-1,107,432,246,555,150,77,55,29,497,904,517,134,145,80,0,True
EUW1_7624757594,15.23.728.3286,420,1279,CLASSIC,0,234,800,119,-1,68,1,432,800,122,799,84,904,246,893,18,9,98,104,245,804,117,0,True
EUW1_7624759615,15.23.728.3286,420,1869,CLASSIC,0,28,897,246,107,266,1,91,39,107,238,800,904,126,127,804,526,58,76,777,245,111,0,True
EUW1_7624759980,15.23.728.3286,420,1210,CLASSIC,0,246,83,28,55,432,1,432,-1,238,91,99,17,121,517,22,60,126,5,103,145,497,0,True
EUW1_7624765501,15.23.728.3286,420,1185,CLASSIC,0,893,804,246,-1,122,1,432,91,21,904,246,266,36,134,901,526,39,77,13,145,12,0,True
EUW1_7624768885,15.23.728.3286,420,1686,CLASSIC,0,107,432,-1,246,799,1,84,-1,800,555,432,904,234,517,29,80,98,131,238,67,201,0,True
EUW1_7624770002,15.23.728.3286,420,1846,CLASSIC,1,39,84,432,107,60,0,-1,-1,904,246,432,266,31,777,96,89,897,799,45,21,497,1,True
EUW1_7624775971,15.23.728.3286,420,1181,CLASSIC,0,119,246,517,122,53,1,35,119,-1,27,107,14,54,43,145,518,904,799,800,804,497,0,True
EUW1_7624778969,15.23.728.3286,420,1809,CLASSIC,0,122,55,119,904,91,1,51,203,421,80,166,266,246,61,804,89,68,238,112,21,12,0,True
EUW1_7624782628,15.23.728.3286,420,1373,CLASSIC,0,904,84,432,21,246,1,238,904,13,497,21,516,266,893,145,12,114,76,91,42,60,0,True
EUW1_7624784209,15.23.728.3286,420,1418,CLASSIC,0,-1,904,107,246,799,1,-1,238,800,246,107,77,517,39,51,111,122,76,14,804,201,0,True
EUW1_7624790275,15.23.728.3286,420,2080,CLASSIC,1,39,55,35,67,91,0,246,266,78,43,27,122,31,800,18,117,904,799,3,202,40,1,True
EUW1_7624795149,15.23.728.3286,420,1854,CLASSIC,0,91,800,555,76,517,1,107,114,84,246,245,799,266,126,85,432,67,131,98,63,497,0,True
EUW1_7624797457,15.23.728.3286,420,1097,CLASSIC,1,119,246,24,107,799,0,555,12,55,14,134,897,31,163,804,117,113,5,61,360,43,1,True
EUW1_7624797646,15.23.728.3286,420,1577,CLASSIC,1,-1,-1,246,432,555,0,246,-1,122,800,84,799,17,39,18,526,83,131,238,81,904,1,True
EUW1_7624802378,15.23.728.3286,420,1289,CLASSIC,0,432,107,246,76,800,1,246,904,133,432,800,799,427,3,804,111,58,64,901,145,497,0,True
EUW1_7624803619,15.23.728.3286,420,1909,CLASSIC,0,421,7,58,43,895,1,800,904,-1,122,105,799,91,893,119,44,24,254,517,18,497,0,True
EUW1_7624815269,15.23.728.3286,420,1804,CLASSIC,1,119,84,78,555,-1,0,-1,800,517,83,107,904,131,238,145,526,133,245,64,147,266,1,True
EUW1_7624817896,15.23.728.3286,420,1661,CLASSIC,0,203,61,30,800,134,1,-1,7,246,555,83,69,238,13,498,111,39,799,517,21,40,0,True
EUW1_7624820331,15.23.728.3286,420,1859,CLASSIC,0,-1,895,91,107,92,1,84,60,266,131,54,904,799,34,119,555,68,246,29,202,432,0,True
EUW1_7624822660,15.23.728.3286,420,1328,CLASSIC,0,64,-1,432,246,800,1,111,43,799,122,904,54,30,777,202,53,517,126,84,22,40,0,True
EUW1_7624824266,15.23.728.3286,420,2219,CLASSIC,1,800,80,904,-1,246,0,266,555,107,13,904,799,126,134,145,497,41,131,91,21,518,1,True
EUW1_7624843532,15.23.728.3286,420,1377,CLASSIC,1,517,40,76,246,69,0,134,154,904,76,246,126,799,112,145,497,13,234,39,523,78,1,True
EUW1_7624844017,15.23.728.3286,420,2096,CLASSIC,0,8,91,246,432,-1,1,78,107,-1,-1,800,904,92,61,15,111,893,59,134,221,526,0,True
EUW1_7624845006,15.23.728.3286,420,983,CLASSIC,1,246,202,238,83,432,0,134,122,246,800,68,904,126,61,50,201,6,266,55,69,89,1,True
EUW1_7624849761,15.23.728.3286,420,2175,CLASSIC,0,29,91,92,517,67,1,804,-1,266,904,40,14,131,103,119,432,98,799,61,800,12,0,True
EUW1_7624854179,15.23.728.3286,420,1506,CLASSIC,0,7,91,895,238,432,1,84,800,107,134,799,904,79,42,119,111,114,246,245,523,518,0,True
EUW1_7624855217,15.23.728.3286,420,1441,CLASSIC,1,142,555,800,107,80,0,30,-1,432,904,246,39,950,517,145,43,126,799,84,498,117,1,True
EUW1_7624857400,15.23.728.3286,420,1788,CLASSIC,0,246,107,-1,166,517,1,201,91,13,904,555,150,60,126,81,111,64,950,245,21,526,0,True
EUW1_7624869589,15.23.728.3286,420,1510,CLASSIC,1,98,517,246,800,432,0,68,267,134,799,246,904,31,55,21,89,24,82,234,50,32,1,True
EUW1_7624874160,15.23.728.3286,420,2468,CLASSIC,1,897,13,84,78,43,0,432,246,91,145,555,777,59,55,30,526,58,266,134,15,40,1,True
EUW1_7624882690,15.23.728.3286,420,1716,CLASSIC,0,246,8,107,40,432,1,895,30,950,80,800,110,238,61,18,497,897,517,42,202,9,0,True
EUW1_7624887105,15.23.728.3286,420,2017,CLASSIC,1,555,246,517,126,904,0,36,517,68,157,166,92,76,103,523,40,79,516,777,800,111,1,True
EUW1_7624897406,15.23.728.3286,420,1291,CLASSIC,0,246,84,35,122,222,1,804,246,233,555,800,799,36,61,21,497,60,517,238,202,142,0,True
EUW1_7624898286,15.23.728.3286,420,1893,CLASSIC,0,800,83,69,-1,84,1,84,893,8,21,904,799,246,55,119,12,98,59,13,145,518,0,True
EUW1_7624902550,15.23.728.3286,420,1565,CLASSIC,1,246,84,800,24,555,0,64,29,21,246,122,48,60,238,110,518,126,517,904,523,412,1,True
EUW1_7624912732,15.23.728.3286,420,1748,CLASSIC,0,13,91,126,119,67,1,40,119,800,114,904,24,517,246,15,497,79,2,245,498,432,0,True
EUW1_7624912967,15.23.728.3286,420,1208,CLASSIC,0,517,800,84,246,-1,1,8,30,222,804,904,112,799,266,145,555,14,107,67,147,235,0,True
EUW1_7624920785,15.23.728.3286,420,1923,CLASSIC,1,517,201,432,107,555,0,897,432,7,43,91,79,799,20,21,111,904,30,42,202,40,1,True
EUW1_7624923148,15.23.728.3286,420,1727,CLASSIC,0,91,202,238,800,555,1,35,804,266,13,904,122,246,42,63,43,83,517,55,21,53,0,True
EUW1_7624926412,15.23.728.3286,420,1256,CLASSIC,1,90,432,800,84,518,0,39,67,804,61,246,904,59,101,145,497,266,517,134,51,111,1,True
EUW1_7624934925,15.23.728.3286,420,1600,CLASSIC,0,69,21,67,800,246,1,91,904,895,517,126,39,24,115,51,432,92,799,103,901,497,0,True
EUW1_7624947592,15.23.728.3286,420,1562,CLASSIC,1,904,233,30,246,67,0,134,804,76,432,61,41,107,910,22,201,69,799,8,498,497,1,True
EUW1_7624948061,15.23.728.3286,420,1455,CLASSIC,1,111,35,120,799,800,0,35,246,-1,107,39,893,266,84,901,555,58,427,157,15,89,1,True
EUW1_7624952054,15.23.728.3286,420,1640,CLASSIC,0,7,-1,555,-1,-1,1,904,107,76,51,799,114,266,112,15,37,24,31,246,145,517,0,True
EUW1_7624956654,15.23.728.3286,420,1440,CLASSIC,0,897,238,30,134,246,1,27,30,246,24,904,150,131,90,202,40,83,59,3,804,201,0,True
EUW1_7624964937,15.23.728.3286,420,1832,CLASSIC,1,83,43,166,517,799,0,91,555,800,7,54,266,30,42,202,111,126,246,103,81,89,1,True
EUW1_7624970702,15.23.728.3286,420,1646,CLASSIC,1,246,-1,904,800,-1,0,119,555,133,-1,517,68,59,893,429,518,887,238,20,202,99,1,True
EUW1_7624976919,15.23.728.3286,420,1454,CLASSIC,0,107,-1,517,266,895,1,7,61,134,904,91,887,5,13,901,555,69,246,8,202,12,0,True
EUW1_7624983981,15.23.728.3286,420,1459,CLASSIC,0,107,800,91,246,27,1,897,238,800,30,134,904,56,10,21,518,24,131,90,804,526,0,True
EUW1_7624987895,15.23.728.3286,420,1584,CLASSIC,0,21,904,24,-1,799,1,246,904,238,119,517,114,31,13,498,497,887,266,103,145,111,0,True
EUW1_7624992023,15.23.728.3286,420,2219,CLASSIC,0,266,555,238,114,246,1,68,119,799,432,-1,110,31,126,115,89,904,517,103,236,40,0,True
EUW1_7625010017,15.23.728.3286,420,1581,CLASSIC,1,-1,35,246,107,166,0,-1,555,91,246,517,904,126,800,429,111,799,238,13,202,20,1,True
EUW1_7625015315,15.23.728.3286,420,2378,CLASSIC,1,91,107,432,201,238,0,904,8,91,78,897,43,76,266,21,526,150,246,14,800,555,1,True
EUW1_7625043753,15.23.728.3286,420,1646,CLASSIC,0,27,30,800,432,24,1,42,13,91,799,555,48,107,163,804,44,54,266,133,136,89,0,True
EUW1_7625049904,15.23.728.3286,420,1642,CLASSIC,0,20,7,-1,39,91,1,166,98,21,107,799,126,246,69,202,12,904,24,13,145,412,0,True
EUW1_7625065883,15.23.728.3286,420,1511,CLASSIC,1,55,60,799,119,39,0,238,61,517,246,555,77,126,134,202,40,54,20,800,81,99,1,True
EUW1_7625074970,15.23.728.3286,420,1977,CLASSIC,1,246,134,91,432,107,0,24,497,78,107,893,904,266,3,804,43,23,131,39,51,60,1,True
EUW1_7625091967,15.23.728.3286,420,1411,CLASSIC,1,83,799,246,904,107,0,201,90,432,904,246,126,31,777,134,12,36,266,99,119,111,1,True
EUW1_7625092393,15.23.728.3286,420,1230,CLASSIC,0,91,21,39,555,904,1,107,432,133,800,134,14,799,893,236,44,887,59,90,18,518,0,True
EUW1_7625102871,15.23.728.3286,420,1448,CLASSIC,0,37,-1,7,800,30,1,800,555,246,133,904,60,517,157,222,89,58,131,126,136,526,0,True
EUW1_7625119387,15.23.728.3286,420,1962,CLASSIC,1,246,43,234,555,904,0,517,12,800,246,92,126,35,799,30,99,58,245,14,523,20,1,True
EUW1_7625128139,15.23.728.3286,420,1608,CLASSIC,1,91,246,799,-1,555,0,107,893,78,201,432,14,517,18,22,888,887,234,777,221,7,1,True
EUW1_7625132083,15.23.728.3286,420,1550,CLASSIC,1,904,24,555,800,432,0,114,555,7,518,904,23,246,134,202,497,54,266,777,51,60,1,True
EUW1_7625162194,15.23.728.3286,420,951,CLASSIC,1,904,91,107,266,76,0,30,799,3,517,246,14,5,61,800,526,2,131,105,804,35,1,True
EUW1_7625174825,15.23.728.3286,420,1121,CLASSIC,0,246,555,904,799,91,1,238,119,897,126,84,245,36,13,895,111,39,517,55,221,117,0,True
EUW1_7625175469,15.23.728.3286,420,1773,CLASSIC,1,64,526,238,800,92,0,203,107,68,39,904,799,246,3,142,89,164,200,134,202,12,1,True
EUW1_7625178323,15.23.728.3286,420,1569,CLASSIC,0,78,114,432,-1,23,1,517,67,134,246,555,24,266,13,157,44,904,245,90,42,497,0,True
EUW1_7625190618,15.23.728.3286,420,1924,CLASSIC,1,-1,904,555,517,61,0,432,43,98,238,904,85,245,246,21,526,84,30,799,804,12,1,True
EUW1_7625196892,15.23.728.3286,420,916,CLASSIC,1,266,517,555,13,107,0,555,893,804,246,-1,24,20,133,800,111,904,59,112,202,35,1,True
EUW1_7625206295,15.23.728.3286,420,1475,CLASSIC,1,-1,555,246,145,91,0,78,526,555,30,904,24,799,13,800,3,98,131,157,21,16,1,True
EUW1_7625216292,15.23.728.3286,420,2108,CLASSIC,0,134,13,55,-1,114,1,517,266,799,30,555,516,238,246,115,497,98,59,245,21,99,0,True
EUW1_7625225324,15.23.728.3286,420,1628,CLASSIC,1,799,517,24,-1,80,0,107,799,91,555,246,23,245,142,804,526,68,200,157,800,111,1,True
EUW1_7625228615,15.23.728.3286,420,1216,CLASSIC,1,517,107,904,91,246,0,246,904,517,800,84,122,31,7,498,497,126,238,55,145,350,1,True
EUW1_7625234822,15.23.728.3286,420,1683,CLASSIC,1,246,238,114,77,555,0,234,107,800,904,266,39,799,3,145,111,68,35,134,236,201,1,True
EUW1_7625246956,15.23.728.3286,420,1658,CLASSIC,1,53,-1,13,432,24,0,107,58,799,7,91,23,5,133,115,412,875,246,101,81,37,1,True
EUW1_7625273821,15.23.728.3286,420,1396,CLASSIC,1,517,91,30,21,-1,0,904,-1,98,91,518,68,107,103,221,235,897,799,69,145,164,1,True
EUW1_7625280328,15.23.728.3286,420,1992,CLASSIC,0,78,799,107,84,904,1,432,107,800,92,246,897,266,55,202,517,86,427,163,523,111,0,True
EUW1_7625284871,15.23.728.3286,420,1777,CLASSIC,0,107,246,-1,103,555,1,799,51,122,8,107,68,254,92,145,40,904,76,238,13,53,0,True
EUW1_7625292791,15.23.728.3286,420,1149,CLASSIC,0,799,555,13,24,136,1,30,77,107,246,904,150,245,91,18,111,897,31,517,804,60,0,True
EUW1_7625309928,15.23.728.3286,420,1754,CLASSIC,0,-1,246,33,84,555,1,555,13,92,91,53,904,234,245,21,43,24,126,133,34,99,0,True
EUW1_7625335762,15.23.728.3286,420,1129,CLASSIC,1,-1,517,555,80,91,0,-1,800,266,30,92,799,904,103,145,12,24,107,134,498,526,1,True
EUW1_7625345317,15.23.728.3286,420,1898,CLASSIC,1,246,799,107,432,30,0,3,43,201,131,81,126,266,245,202,60,150,28,91,22,517,1,True
EUW1_7625355333,15.23.728.3286,420,1060,CLASSIC,0,799,432,800,122,-1,1,246,166,78,904,133,83,120,105,523,497,39,76,136,21,111,0,True
EUW1_7625385485,15.23.728.3286,420,1128,CLASSIC,0,91,119,555,92,800,1,77,133,800,245,904,83,31,163,804,117,114,799,34,18,78,0,True
EUW1_7625385844,15.23.728.3286,420,1227,CLASSIC,1,18,107,91,555,-1,0,104,107,421,134,517,904,427,236,800,37,122,35,69,22,111,1,True
EUW1_7625410175,15.23.728.3286,420,1128,CLASSIC,0,799,134,107,24,800,1,91,107,555,30,897,114,517,43,895,235,266,121,55,31,526,0,True
EUW1_7625415555,15.23.728.3286,420,2018,CLASSIC,1,799,904,157,76,166,0,133,555,432,517,799,80,120,99,22,89,85,246,105,804,497,1,True
EUW1_7625422725,15.23.728.3286,420,1608,CLASSIC,0,238,246,904,266,40,1,13,119,-1,518,43,799,234,7,202,497,164,30,91,51,114,0,True
EUW1_7625437767,15.23.728.3286,420,1279,CLASSIC,0,35,893,799,69,432,1,91,107,24,13,555,98,517,103,145,79,904,266,133,157,163,0,True
EUW1_7625464471,15.23.728.3286,420,1349,CLASSIC,1,897,555,799,107,246,0,107,35,432,246,904,79,234,39,202,43,266,31,950,145,53,1,True
EUW1_7625493219,15.23.728.3286,420,1531,CLASSIC,0,246,107,432,76,799,1,31,518,555,13,92,904,36,142,804,43,24,30,777,51,85,0,True
EUW1_7625494296,15.23.728.3286,420,1644,CLASSIC,1,246,799,69,517,78,0,134,799,122,91,800,110,64,31,145,497,24,92,18,804,245,1,True
EUW1_7625508279,15.23.728.3286,420,1124,CLASSIC,1,555,91,246,35,266,0,7,91,266,134,122,98,799,84,18,432,75,126,61,21,12,1,True
EUW1_7625520646,15.23.728.3286,420,916,CLASSIC,1,432,163,238,897,904,0,804,133,91,245,238,266,517,777,202,78,122,799,84,115,497,1,True
EUW1_7625541887,15.23.728.3286,420,1602,CLASSIC,1,107,166,800,555,91,0,555,8,246,432,84,110,799,163,15,99,904,31,910,81,12,1,True
EUW1_7625549673,15.23.728.3286,420,1855,CLASSIC,1,904,13,555,799,800,0,-1,432,91,518,-1,68,120,84,119,526,36,238,7,51,78,1,True
EUW1_7625551584,15.23.728.3286,420,1977,CLASSIC,0,69,432,246,799,91,1,91,432,122,246,897,36,24,245,21,555,150,131,42,804,526,0,True
EUW1_7625563912,15.23.728.3286,420,1641,CLASSIC,1,904,246,120,799,233,0,78,41,800,7,517,157,35,134,67,117,58,76,98,236,267,1,True
EUW1_7625579221,15.23.728.3286,420,1793,CLASSIC,1,98,35,266,517,246,0,68,61,555,91,119,904,799,7,145,31,41,104,142,202,12,1,True
EUW1_7625600358,15.23.728.3286,420,1757,CLASSIC,0,107,800,555,91,904,1,119,904,897,421,-1,82,234,13,246,80,64,517,39,804,497,0,True
EUW1_7625612031,15.23.728.3286,420,2393,CLASSIC,1,107,799,904,-1,91,0,84,27,53,89,517,14,233,10,236,37,266,246,45,800,412,1,True
EUW1_7625614511,15.23.728.3286,420,1802,CLASSIC,1,25,107,432,104,-1,0,238,-1,35,800,799,904,517,163,119,526,24,421,142,236,267,1,True
EUW1_7625632758,15.23.728.3286,420,1450,CLASSIC,1,35,234,555,39,246,0,904,122,27,517,246,887,80,800,523,26,897,31,238,236,12,1,True
EUW1_7625638309,15.23.728.3286,420,1513,CLASSIC,0,799,800,27,91,238,1,246,799,67,555,904,24,77,142,15,57,92,266,517,18,12,0,True
EUW1_7625653805,15.23.728.3286,420,1645,CLASSIC,1,800,-1,13,54,804,0,246,84,111,64,-1,133,517,23,202,43,245,91,24,236,267,1,True
EUW1_7625662679,15.23.728.3286,420,1750,CLASSIC,0,84,517,-1,107,799,1,432,517,134,904,246,777,104,61,51,60,893,266,13,81,555,0,True
EUW1_7625668286,15.23.728.3286,420,1758,CLASSIC,1,799,134,893,43,35,0,13,555,35,201,799,904,59,245,30,111,246,427,517,133,99,1,True
EUW1_7625684117,15.23.728.3286,420,1660,CLASSIC,1,91,-1,76,13,800,0,91,266,904,119,517,68,80,246,21,43,897,799,101,202,497,1,True
EUW1_7625692424,15.23.728.3286,420,1739,CLASSIC,0,246,517,-1,799,115,1,246,40,799,84,904,68,120,134,523,412,887,59,61,804,117,0,True
EUW1_7625699310,15.23.728.3286,420,2076,CLASSIC,0,13,67,64,800,799,1,76,432,246,166,134,904,91,245,133,111,69,234,112,901,201,0,True
EUW1_7625725517,15.23.728.3286,420,1381,CLASSIC,0,238,35,904,246,84,1,122,13,904,421,555,82,107,887,523,43,24,517,26,21,78,0,True
EUW1_7625738514,15.23.728.3286,420,1444,CLASSIC,0,904,517,107,246,266,1,904,266,111,91,84,516,54,777,429,142,50,59,61,21,267,0,True
EUW1_7625746469,15.23.728.3286,420,1456,CLASSIC,1,800,432,119,517,6,0,246,800,24,3,238,27,799,103,145,78,58,107,84,81,43,1,True
EUW1_7625747236,15.23.728.3286,420,1137,CLASSIC,1,78,-1,246,800,111,0,432,800,111,246,904,266,107,427,222,555,54,76,91,202,267,1,True
EUW1_7625755046,15.23.728.3286,420,1742,CLASSIC,0,91,7,142,8,43,1,107,799,432,-1,67,115,35,85,22,555,86,517,904,15,117,0,True
EUW1_7625798969,15.24.730.505,420,1502,CLASSIC,1,141,-1,800,78,-1,0,238,119,-1,21,904,98,246,13,236,117,6,131,157,523,432,1,True
EUW1_7625806152,15.24.730.505,420,1652,CLASSIC,0,-1,-1,555,119,904,1,800,246,59,432,904,113,950,13,81,43,799,76,34,21,37,0,True
EUW1_7625829490,15.24.730.505,420,1699,CLASSIC,1,246,517,54,555,-1,0,7,904,91,78,517,68,59,3,804,497,799,266,115,202,526,1,True
EUW1_7625836585,15.24.730.505,420,1274,CLASSIC,0,904,91,432,30,107,1,-1,904,111,39,804,67,131,13,18,518,17,246,84,202,267,0,True
EUW1_7625843227,15.24.730.505,420,1611,CLASSIC,1,78,904,555,432,32,0,67,800,55,246,799,266,91,61,145,497,24,131,14,42,9,1,True
EUW1_7625847402,15.24.730.505,420,1250,CLASSIC,1,800,904,777,21,18,0,10,904,432,893,43,887,143,39,145,60,14,59,112,222,412,1,True
EUW1_7625859499,15.24.730.505,420,1825,CLASSIC,1,107,246,200,39,904,0,91,895,517,35,904,887,238,84,950,53,54,266,800,81,267,1,True
EUW1_7625867882,15.24.730.505,420,1532,CLASSIC,0,897,9,107,555,432,1,92,799,432,555,246,904,421,13,202,43,68,76,240,523,117,0,True
EUW1_7625883762,15.24.730.505,420,1762,CLASSIC,0,266,105,-1,799,238,1,21,68,800,904,84,24,234,7,22,80,41,76,517,145,555,0,True
EUW1_7625896692,15.24.730.505,420,2426,CLASSIC,1,107,800,84,13,266,0,904,233,432,91,-1,75,64,246,34,78,887,799,61,21,497,1,True
EUW1_7625923667,15.24.730.505,420,1758,CLASSIC,0,111,78,517,84,21,1,105,246,904,-1,68,41,59,112,202,432,950,17,126,42,526,0,True
EUW1_7625929448,15.24.730.505,420,1616,CLASSIC,0,13,432,800,799,68,1,800,238,799,41,246,24,131,91,804,53,904,121,103,145,9,0,True
EUW1_7625932728,15.24.730.505,420,1649,CLASSIC,0,-1,233,904,799,107,1,-1,91,246,804,-1,266,120,800,910,78,83,517,84,21,89,0,True
EUW1_7625955389,15.24.730.505,420,1307,CLASSIC,0,238,432,799,24,-1,1,21,68,64,27,-1,58,131,157,800,223,904,59,13,145,12,0,True
EUW1_7625957428,15.24.730.505,420,1279,CLASSIC,0,799,54,432,98,21,1,-1,91,432,119,246,114,107,800,202,164,904,266,163,29,60,0,True
EUW1_7625976525,15.24.730.505,420,1741,CLASSIC,0,800,895,83,3,13,1,246,517,30,55,238,126,31,84,145,40,36,234,103,80,432,0,True
EUW1_7625986014,15.24.730.505,420,1921,CLASSIC,1,246,24,91,799,39,0,78,21,799,432,904,893,76,950,18,89,114,131,238,29,60,1,True
EUW1_7625989036,15.24.730.505,420,1692,CLASSIC,0,84,18,-1,904,246,1,800,904,83,555,246,75,799,163,145,89,8,266,134,21,421,0,True
EUW1_7626000537,15.24.730.505,420,2423,CLASSIC,0,904,134,266,246,-1,1,76,6,21,-1,904,58,30,34,22,555,799,238,84,42,432,0,True
EUW1_7626000724,15.24.730.505,420,1670,CLASSIC,0,432,81,246,92,-1,1,799,27,119,68,35,78,904,893,50,555,41,120,142,96,897,0,True
EUW1_7626007472,15.24.730.505,420,2274,CLASSIC,0,91,35,246,800,245,1,246,800,-1,84,92,904,54,887,21,40,24,234,517,42,518,0,True
EUW1_7626008402,15.24.730.505,420,1592,CLASSIC,0,-1,21,107,84,122,1,43,13,83,804,20,904,950,67,81,432,126,30,246,22,60,0,True
EUW1_7626021141,15.24.730.505,420,2234,CLASSIC,1,432,90,78,134,105,0,-1,107,68,246,517,69,62,157,800,60,950,121,103,804,12,1,True
EUW1_7626028369,15.24.730.505,420,1105,CLASSIC,0,432,35,246,904,59,1,266,81,96,-1,61,75,64,13,18,526,799,421,8,50,44,0,True
EUW1_7626042280,15.24.730.505,420,916,CLASSIC,0,98,246,799,-1,59,1,-1,166,38,119,800,39,120,84,202,16,157,904,74,221,497,0,True
EUW1_7626054295,15.24.730.505,420,1665,CLASSIC,0,107,-1,84,83,800,1,67,13,122,60,30,8,799,29,51,432,904,76,246,115,555,0,True
EUW1_7626063697,15.24.730.505,420,1356,CLASSIC,1,799,800,246,432,59,0,134,555,800,43,246,114,76,84,145,526,126,30,50,901,12,1,True
EUW1_7626064406,15.24.730.505,420,1438,CLASSIC,1,61,35,84,246,-1,0,246,98,800,58,904,266,799,8,15,89,164,76,13,221,111,1,True
EUW1_7626071805,15.24.730.505,420,1663,CLASSIC,1,78,28,246,90,39,0,27,799,166,800,145,904,517,21,157,60,24,120,142,81,526,1,True
EUW1_7626085044,15.24.730.505,420,2075,CLASSIC,1,76,246,904,24,799,0,38,13,432,78,246,48,31,18,202,12,266,64,55,429,526,1,True
EUW1_7626094432,15.24.730.505,420,1743,CLASSIC,1,91,432,800,84,83,0,21,30,91,799,27,24,246,29,15,117,114,234,4,81,518,1,True
EUW1_7626103783,15.24.730.505,420,1260,CLASSIC,1,58,246,142,43,432,0,420,91,246,76,24,92,30,14,895,235,904,131,238,901,16,1,True
EUW1_7626110630,15.24.730.505,420,1408,CLASSIC,0,98,799,84,91,134,1,91,83,-1,246,804,904,104,90,222,36,8,234,13,18,60,0,True
EUW1_7626119598,15.24.730.505,420,1575,CLASSIC,1,246,105,166,107,904,0,246,800,238,107,157,98,17,126,51,432,36,31,893,145,235,1,True
EUW1_7626125685,15.24.730.505,420,1653,CLASSIC,0,799,122,804,78,432,1,43,-1,30,904,517,126,246,1,202,111,31,266,518,50,60,0,True
EUW1_7626156862,15.24.730.505,420,1152,CLASSIC,0,-1,246,91,27,43,1,904,517,13,92,91,8,126,75,222,44,122,5,84,523,412,0,True
EUW1_7626164727,15.24.730.505,420,1665,CLASSIC,0,266,134,904,201,54,1,54,517,246,904,91,950,75,268,800,80,67,64,163,498,526,0,True
EUW1_7626168816,15.24.730.505,420,1579,CLASSIC,0,800,517,-1,904,246,1,800,107,126,30,518,14,799,163,81,555,92,266,84,236,60,0,True
EUW1_7626174134,15.24.730.505,420,1734,CLASSIC,1,555,-1,78,799,122,0,904,30,69,134,92,266,246,54,800,43,517,126,18,145,40,1,True
EUW1_7626176133,15.24.730.505,420,1081,CLASSIC,0,77,517,133,91,904,1,68,-1,91,246,238,150,266,103,800,526,126,120,61,21,89,0,True
EUW1_7626199288,15.24.730.505,420,2058,CLASSIC,1,432,-1,107,92,246,0,-1,799,246,800,91,897,59,61,202,201,904,64,38,22,111,1,True
EUW1_7626214870,15.24.730.505,420,2009,CLASSIC,0,517,266,40,134,904,1,90,246,35,517,904,14,56,112,15,432,893,59,800,804,53,0,True
EUW1_7626216248,15.24.730.505,420,1093,CLASSIC,1,55,30,246,950,107,0,107,432,517,246,799,516,76,67,21,9,114,20,142,202,497,1,True
EUW1_7626230248,15.24.730.505,420,2074,CLASSIC,0,800,39,107,43,134,1,246,27,-1,78,555,897,30,69,21,12,777,254,84,29,201,0,True
EUW1_7626244220,15.24.730.505,420,1618,CLASSIC,0,-1,78,526,-1,122,1,800,-1,54,13,68,893,120,3,157,497,904,48,163,51,60,0,True
EUW1_7626248105,15.24.730.505,420,1564,CLASSIC,0,-1,74,-1,81,84,1,133,432,238,246,799,266,517,55,67,201,20,76,122,119,111,0,True
EUW1_7626263782,15.24.730.505,420,1705,CLASSIC,1,114,20,91,134,119,0,904,84,126,246,799,26,517,64,523,432,74,266,7,51,555,1,True
EUW1_7626272669,15.24.730.505,420,1525,CLASSIC,1,432,61,799,800,246,0,517,799,246,55,432,41,30,8,202,40,67,234,112,147,53,1,True
EUW1_7626283578,15.24.730.505,420,1680,CLASSIC,0,58,555,-1,107,904,1,145,904,114,555,134,68,266,799,147,37,897,59,90,15,43,0,True
EUW1_7626293776,15.24.730.505,420,2164,CLASSIC,1,555,246,91,904,126,0,134,904,246,555,119,27,92,3,804,526,67,60,34,18,12,1,True
EUW1_7626320721,15.24.730.505,420,1094,CLASSIC,0,432,91,55,799,904,1,84,107,432,246,799,41,131,7,804,111,68,266,711,29,117,0,True
EUW1_7626325745,15.24.730.505,420,1598,CLASSIC,1,55,83,246,119,166,0,55,201,126,246,136,904,31,112,804,89,74,76,134,21,80,1,True
EUW1_7626329953,15.24.730.505,420,2359,CLASSIC,1,-1,800,84,-1,26,0,107,904,799,432,27,887,120,134,498,9,98,517,238,145,555,1,True
EUW1_7626341818,15.24.730.505,420,1467,CLASSIC,0,799,107,-1,-1,800,1,-1,904,-1,55,555,92,517,246,18,526,420,950,13,147,111,0,True
EUW1_7626347862,15.24.730.505,420,1107,CLASSIC,1,134,799,114,246,-1,0,40,112,-1,246,24,106,59,90,22,526,904,254,133,42,12,1,True
EUW1_7626372628,15.24.730.505,420,1384,CLASSIC,1,126,-1,238,246,7,0,91,555,266,24,432,27,799,777,202,12,41,107,61,157,43,1,True
EUW1_7626413610,15.24.730.505,420,1566,CLASSIC,0,61,69,134,18,92,1,904,246,90,-1,800,799,75,8,81,518,6,59,1,22,12,0,True
EUW1_7626417863,15.24.730.505,420,1422,CLASSIC,0,13,107,-1,69,-1,1,246,126,27,107,432,67,517,84,133,904,74,266,39,202,60,0,True
EUW1_7626436726,15.24.730.505,420,1219,CLASSIC,1,35,246,7,122,799,0,69,246,555,122,67,3,31,157,18,12,68,238,14,804,201,1,True
EUW1_7626453557,15.24.730.505,420,1568,CLASSIC,1,-1,233,246,800,69,0,142,80,89,76,119,904,64,84,81,40,126,254,61,15,432,1,True
EUW1_7626467277,15.24.730.505,420,1391,CLASSIC,0,904,-1,555,432,18,1,246,30,432,897,904,126,75,800,81,201,6,517,112,429,60,0,True
EUW1_7626487806,15.24.730.505,420,2353,CLASSIC,0,-1,517,555,-1,68,1,89,13,246,24,432,41,59,34,51,99,48,131,133,800,111,0,True
EUW1_7626510870,15.24.730.505,420,940,CLASSIC,0,517,74,84,91,800,1,266,83,904,-1,119,799,245,238,51,201,68,59,893,221,526,0,True
EUW1_7626512833,15.24.730.505,420,1612,CLASSIC,0,266,246,84,62,904,1,246,950,800,157,80,126,59,517,221,518,897,76,142,18,43,0,True
EUW1_7626522289,15.24.730.505,420,2438,CLASSIC,0,126,91,39,432,-1,1,901,126,555,76,111,27,246,163,51,43,74,107,90,800,40,0,True
EUW1_7626546543,15.24.730.505,420,1702,CLASSIC,1,84,200,246,555,119,0,432,-1,107,30,54,266,5,245,202,43,67,950,517,15,497,1,True
EUW1_7626573846,15.24.730.505,420,1362,CLASSIC,0,799,24,98,126,84,1,106,107,799,92,84,904,143,777,22,43,54,238,55,145,518,0,True
EUW1_7626581115,15.24.730.505,420,2254,CLASSIC,0,799,114,-1,800,107,1,90,83,107,904,84,34,246,245,145,412,8,517,238,51,60,0,True
EUW1_7626604468,15.24.730.505,420,1718,CLASSIC,0,950,76,41,246,-1,1,517,68,104,555,61,8,266,893,202,43,904,35,42,31,432,0,True
EUW1_7626617598,15.24.730.505,420,1429,CLASSIC,0,904,91,245,555,107,1,-1,30,201,555,246,98,517,84,221,37,75,266,61,498,497,0,True
EUW1_7626662042,15.24.730.505,420,2111,CLASSIC,0,78,84,517,133,91,1,904,238,429,246,799,2,62,103,157,518,68,266,163,360,12,0,True
EUW1_7626673356,15.24.730.505,420,1184,CLASSIC,1,41,904,80,107,-1,0,897,246,-1,904,43,799,245,84,202,16,79,30,14,18,526,1,True
EUW1_7626674767,15.24.730.505,420,916,CLASSIC,1,13,555,800,-1,54,0,246,134,111,141,98,67,517,91,21,43,904,234,163,804,267,1,True
EUW1_7626685712,15.24.730.505,420,2225,CLASSIC,1,114,904,31,91,39,0,246,904,555,517,24,887,59,3,804,201,14,234,777,145,526,1,True
EUW1_7626707982,15.24.730.505,420,1403,CLASSIC,0,119,799,84,43,91,1,904,14,-1,555,432,58,246,55,22,40,897,59,90,163,80,0,True
EUW1_7626736495,15.24.730.505,420,1265,CLASSIC,0,-1,134,266,202,35,1,13,119,799,91,20,39,238,69,50,80,904,517,133,18,37,0,True
EUW1_7626740696,15.24.730.505,420,1988,CLASSIC,0,107,84,104,555,80,1,-1,800,58,904,555,799,35,238,22,40,68,421,142,202,99,0,True
EUW1_7626748751,15.24.730.505,420,1595,CLASSIC,0,119,122,43,800,246,1,76,897,107,10,904,164,30,84,202,412,27,91,3,804,555,0,True
EUW1_7626769312,15.24.730.505,420,913,CLASSIC,0,91,904,246,432,77,1,246,55,133,904,-1,157,799,221,81,518,126,266,142,51,43,0,True
EUW1_7626778770,15.24.730.505,420,1118,CLASSIC,0,799,800,904,432,119,1,246,555,91,7,432,114,59,516,804,117,83,131,157,18,43,0,True
EUW1_7626805542,15.24.730.505,420,918,CLASSIC,1,555,91,238,107,163,0,875,98,800,432,555,799,266,61,22,60,904,246,134,31,235,1,True
EUW1_7626821012,15.24.730.505,420,934,CLASSIC,1,-1,904,-1,888,-1,0,107,91,30,122,799,17,121,61,145,526,41,131,3,42,12,1,True
EUW1_7626823464,15.24.730.505,420,1405,CLASSIC,1,91,-1,429,432,38,0,166,240,142,133,91,39,904,99,221,111,68,126,7,523,40,1,True
EUW1_7626833680,15.24.730.505,420,1622,CLASSIC,1,84,133,80,40,246,0,43,13,246,432,555,904,57,238,21,526,110,30,800,202,12,1,True
EUW1_7626848811,15.24.730.505,420,1736,CLASSIC,1,555,91,234,904,13,0,98,904,246,245,119,266,104,134,804,12,799,64,163,21,78,1,True
EUW1_7626853442,15.24.730.505,420,1060,CLASSIC,0,131,432,107,799,163,1,246,163,91,134,897,904,59,61,81,111,24,75,43,21,89,0,True
EUW1_7626893075,15.24.730.505,420,1517,CLASSIC,0,64,904,107,-1,-1,1,107,517,114,166,800,897,91,3,202,555,150,245,901,163,432,0,True
EUW1_7626920156,15.24.730.505,420,1717,CLASSIC,0,246,432,904,799,517,1,80,238,7,76,91,14,234,103,498,497,41,107,163,51,526,0,True
EUW1_7626930701,15.24.730.505,420,1337,CLASSIC,1,133,91,84,78,897,0,39,54,91,555,111,904,517,238,157,526,14,266,69,804,85,1,True
EUW1_7626938238,15.24.730.505,420,1143,CLASSIC,0,91,800,238,904,555,1,50,517,246,24,432,60,200,34,110,526,39,106,31,21,37,0,True
EUW1_7626980161,15.24.730.505,420,1159,CLASSIC,1,432,555,91,800,246,0,40,119,112,107,91,904,517,14,523,111,41,36,43,804,201,1,True
EUW1_7626994380,15.24.730.505,420,1133,CLASSIC,0,84,91,897,517,131,1,13,91,246,80,60,904,799,31,804,526,68,126,245,222,201,0,True
EUW1_7627010292,15.24.730.505,420,1600,CLASSIC,0,-1,800,246,555,799,1,904,104,555,266,-1,122,30,25,51,99,41,35,103,221,26,0,True
EUW1_7627044807,15.24.730.505,420,1807,CLASSIC,0,119,64,238,91,799,1,517,13,432,80,246,14,76,18,804,60,68,266,133,31,526,0,True
EUW1_7627056951,15.24.730.505,420,1901,CLASSIC,1,58,555,51,76,13,0,799,83,111,904,43,246,517,92,800,526,67,30,238,236,267,1,True
EUW1_7627072956,15.24.730.7955,420,1828,CLASSIC,1,163,800,-1,91,517,0,119,-1,60,897,799,266,245,777,22,201,904,92,85,429,518,1,True
EUW1_7627085781,15.24.730.7955,420,1676,CLASSIC,1,14,800,266,40,246,0,166,799,800,107,54,142,238,517,81,44,23,163,7,119,111,1,True
EUW1_7627102640,15.24.730.7955,420,1508,CLASSIC,1,904,555,887,245,17,0,246,119,800,92,-1,799,72,84,804,111,54,62,112,236,267,1,True
EUW1_7627103583,15.24.730.7955,420,1772,CLASSIC,0,119,904,59,555,107,1,84,432,91,119,111,799,20,517,236,60,14,516,268,18,267,0,True
EUW1_7627112024,15.24.730.505,420,1328,CLASSIC,0,92,799,517,30,432,1,18,799,80,64,-1,150,266,69,202,111,904,246,39,81,76,0,True
EUW1_7627115485,15.24.730.7955,420,1504,CLASSIC,1,555,799,76,904,246,0,246,904,40,114,133,14,62,112,21,111,31,64,101,498,526,1,True
EUW1_7627119428,15.24.730.505,420,2194,CLASSIC,1,81,30,58,13,238,0,246,804,555,13,904,92,517,91,50,526,897,245,133,800,12,1,True
EUW1_7627154738,15.24.730.7955,420,1466,CLASSIC,0,133,119,246,245,800,1,799,904,107,91,777,150,76,7,804,432,114,64,142,221,111,0,True
EUW1_7627172140,15.24.730.505,420,1520,CLASSIC,1,711,80,800,21,246,0,111,804,68,799,13,24,76,126,222,117,904,245,91,147,555,1,True
EUW1_7627173960,15.24.730.7955,420,911,CLASSIC,0,800,107,91,166,240,1,7,91,-1,21,800,92,517,904,910,111,126,154,50,157,235,0,True
EUW1_7627205951,15.24.730.505,420,2397,CLASSIC,0,92,119,555,13,799,1,-1,134,13,83,245,68,31,246,202,26,893,517,133,18,53,0,True
EUW1_7627206937,15.24.730.7955,420,1508,CLASSIC,0,799,107,432,98,166,1,35,91,28,950,8,24,36,800,21,111,69,20,904,221,267,0,True
EUW1_7627218476,15.24.730.505,420,1178,CLASSIC,1,246,555,80,517,799,0,21,24,555,107,421,126,91,63,145,526,84,121,245,523,412,1,True
EUW1_7627241150,15.24.730.505,420,1831,CLASSIC,1,555,13,133,421,26,0,246,80,800,134,78,91,517,24,202,432,8,245,904,21,526,1,True
EUW1_7627271732,15.24.730.505,420,1969,CLASSIC,0,800,134,517,904,133,1,904,799,126,91,13,897,245,4,236,267,122,76,246,42,60,0,True
EUW1_7627363442,15.24.730.7955,420,1411,CLASSIC,1,8,40,76,21,904,0,145,112,-1,904,-1,85,5,517,523,201,516,234,3,119,518,1,True
EUW1_7627375065,15.24.730.7955,420,1832,CLASSIC,0,904,800,555,55,246,1,800,-1,126,432,893,777,17,84,51,43,27,121,45,18,37,0,True
EUW1_7627385628,15.24.730.7955,420,1362,CLASSIC,1,92,91,800,799,246,0,246,804,24,-1,119,516,904,134,157,101,58,60,163,21,267,1,True
EUW1_7627394957,15.24.730.7955,420,1947,CLASSIC,1,904,800,555,76,7,0,799,246,432,126,800,122,59,115,18,117,27,17,777,42,37,1,True
EUW1_7627401246,15.24.730.7955,420,1684,CLASSIC,1,89,-1,166,432,91,0,799,246,21,432,134,904,266,103,22,12,14,121,61,145,518,1,True
EUW1_7627403759,15.24.730.7955,420,1703,CLASSIC,1,84,804,432,24,15,0,53,800,133,84,126,904,54,161,30,164,92,246,55,81,518,1,True
EUW1_7627404380,15.24.730.7955,420,2027,CLASSIC,0,800,24,246,80,105,1,55,246,21,799,555,904,234,163,804,432,54,59,13,523,99,0,True
EUW1_7627418651,15.24.730.7955,420,1840,CLASSIC,1,36,246,61,203,59,0,43,517,107,904,39,432,799,163,895,37,141,131,800,157,40,1,True
EUW1_7627420203,15.24.730.7955,420,1881,CLASSIC,0,145,76,432,21,799,1,126,800,60,-1,246,31,56,61,202,526,27,17,18,901,201,0,True
EUW1_7627433573,15.24.730.7955,420,2193,CLASSIC,0,266,84,42,78,126,1,800,432,-1,904,21,92,246,61,115,555,36,238,3,145,267,0,True
EUW1_7627434442,15.24.730.7955,420,1359,CLASSIC,0,800,84,24,246,-1,1,54,-1,-1,517,91,904,56,69,236,85,10,200,910,21,111,0,True
EUW1_7627443569,15.24.730.7955,420,1294,CLASSIC,0,9,91,904,800,114,1,119,107,7,80,133,897,421,134,202,432,58,64,163,145,111,0,True
EUW1_7627448949,15.24.730.7955,420,1778,CLASSIC,1,39,555,84,67,91,0,77,246,126,-1,800,266,516,61,157,201,27,59,904,804,37,1,True
EUW1_7627451197,15.24.730.7955,420,1710,CLASSIC,0,164,166,119,238,39,1,37,107,122,517,61,79,5,84,67,902,126,31,80,145,432,0,True
EUW1_7627455866,15.24.730.7955,420,1284,CLASSIC,0,-1,61,-1,21,119,1,904,133,-1,-1,35,14,234,134,804,117,266,246,142,18,518,0,True
EUW1_7627463091,15.24.730.7955,420,1846,CLASSIC,0,80,-1,432,78,81,1,432,30,-1,166,246,904,266,61,50,12,887,421,39,145,60,0,True
EUW1_7627469258,15.24.730.7955,420,1376,CLASSIC,1,246,897,84,91,-1,0,432,-1,800,105,21,904,76,777,202,43,17,120,517,145,412,1,True
EUW1_7627488431,15.24.730.7955,420,1901,CLASSIC,0,-1,800,-1,-1,246,1,12,119,432,32,246,122,904,517,81,9,799,427,103,145,526,0,True
EUW1_7627489794,15.24.730.7955,420,1112,CLASSIC,0,432,904,107,246,92,1,800,84,27,39,246,54,20,112,18,117,126,59,34,15,60,0,True
EUW1_7627500177,15.24.730.7955,420,1652,CLASSIC,1,517,78,145,555,107,0,904,-1,-1,432,266,79,246,126,800,43,799,120,103,21,40,1,True
EUW1_7627509762,15.24.730.7955,420,1335,CLASSIC,1,799,39,24,-1,800,0,56,432,107,21,517,157,246,103,67,497,76,234,1,804,111,1,True
EUW1_7627521429,15.24.730.7955,420,1832,CLASSIC,0,432,24,246,238,19,1,800,246,904,432,131,48,56,910,804,43,122,54,61,96,412,0,True
EUW1_7627533055,15.24.730.7955,420,2133,CLASSIC,0,-1,800,432,34,799,1,-1,134,246,517,103,24,120,7,50,37,36,77,777,110,117,0,True
EUW1_7627533063,15.24.730.7955,420,1696,CLASSIC,1,40,432,-1,83,53,0,39,804,76,21,-1,904,246,163,222,111,887,31,777,202,267,1,True
EUW1_7627534203,15.24.730.7955,420,1111,CLASSIC,1,39,145,799,800,16,0,555,893,246,904,-1,266,421,518,81,432,897,517,45,21,40,1,True
EUW1_7627539571,15.24.730.7955,420,1826,CLASSIC,1,-1,107,555,804,-1,0,246,517,91,432,107,904,64,163,800,412,76,104,134,202,497,1,True
EUW1_7627556867,15.24.730.7955,420,1228,CLASSIC,0,43,105,59,246,904,1,799,432,246,238,92,897,30,126,22,53,114,266,163,523,117,0,True
EUW1_7627570152,15.24.730.7955,420,1403,CLASSIC,0,76,80,131,804,517,1,21,246,39,800,432,904,163,103,145,497,799,60,61,498,40,0,True
EUW1_7627576263,15.24.730.7955,420,1621,CLASSIC,1,120,13,800,142,92,0,246,800,122,799,56,904,30,91,96,117,68,950,54,119,76,1,True
EUW1_7627593542,15.24.730.7955,420,1550,CLASSIC,0,8,517,43,-1,126,1,53,800,246,432,91,27,799,3,30,555,904,266,13,18,40,0,True
EUW1_7627598252,15.24.730.7955,420,1597,CLASSIC,0,555,126,246,432,517,1,105,432,27,-1,904,92,5,7,29,111,58,24,84,523,43,0,True
EUW1_7627606875,15.24.730.7955,420,1653,CLASSIC,0,92,78,91,61,30,1,76,80,517,421,904,14,62,84,901,60,887,234,518,51,432,0,True
EUW1_7627623931,15.24.730.7955,420,1629,CLASSIC,0,904,83,246,21,55,1,122,555,517,53,13,897,64,910,804,412,41,234,245,22,99,0,True
EUW1_7627630525,15.24.730.7955,420,1151,CLASSIC,1,30,517,78,43,13,0,37,904,246,107,-1,36,63,55,21,526,80,54,800,202,12,1,True
EUW1_7627634813,15.24.730.7955,420,1630,CLASSIC,0,24,432,92,904,238,1,555,154,32,-1,134,48,266,38,42,235,799,5,7,69,26,0,True
EUW1_7627639157,15.24.730.7955,420,911,CLASSIC,0,-1,40,78,133,27,1,432,-1,-1,126,28,904,91,8,246,43,92,36,777,145,60,0,True
EUW1_7627654793,15.24.730.7955,420,1476,CLASSIC,1,904,119,238,246,24,0,91,58,142,55,133,79,80,61,81,43,36,48,45,18,117,1,True
EUW1_7627659961,15.24.730.7955,420,1459,CLASSIC,1,517,432,555,234,-1,0,107,-1,432,92,7,68,200,103,29,497,31,59,268,21,40,1,True
EUW1_7627662277,15.24.730.7955,420,1658,CLASSIC,0,246,800,13,83,43,1,61,28,799,432,27,266,30,55,18,85,904,517,238,81,518,0,True
EUW1_7627663477,15.24.730.7955,420,1680,CLASSIC,1,800,246,24,91,30,0,517,904,30,68,37,58,107,142,901,267,67,31,103,51,412,1,True
EUW1_7627684357,15.24.730.7955,420,1600,CLASSIC,0,142,904,799,58,126,1,555,80,254,51,800,92,876,103,221,350,897,246,115,523,111,0,True
EUW1_7627687411,15.24.730.7955,420,1302,CLASSIC,0,-1,799,904,246,897,1,55,421,517,24,122,36,72,112,145,526,2,203,61,21,60,0,True
EUW1_7627691344,15.24.730.7955,420,1667,CLASSIC,0,166,91,133,-1,7,1,107,40,134,804,246,14,799,61,145,89,41,950,69,22,432,0,True
EUW1_7627713899,15.24.730.7955,420,1470,CLASSIC,0,43,246,238,107,78,1,13,517,30,119,904,799,54,518,29,111,164,131,91,51,37,0,True
EUW1_7627730845,15.24.730.7955,420,1729,CLASSIC,1,432,518,91,238,-1,0,-1,799,904,-1,7,887,59,163,51,60,98,234,777,81,267,1,True
EUW1_7627743867,15.24.730.7955,420,1521,CLASSIC,1,51,904,134,80,166,0,517,122,39,555,246,799,266,90,145,89,24,17,777,26,432,1,True
EUW1_7627754211,15.24.730.7955,420,2095,CLASSIC,0,904,40,119,800,30,1,555,61,37,27,266,799,107,13,21,432,58,246,134,202,43,0,True
EUW1_7627776230,15.24.730.7955,420,2068,CLASSIC,1,238,432,55,35,122,0,904,142,107,517,59,68,266,134,18,89,777,799,84,145,526,1,True
EUW1_7627780410,15.24.730.7955,420,1773,CLASSIC,0,21,60,166,80,13,1,517,518,35,904,27,799,238,55,145,111,164,246,127,51,43,0,True
EUW1_7627781471,15.24.730.7955,420,1960,CLASSIC,0,55,84,107,800,904,1,240,555,432,134,246,60,59,79,18,53,799,517,69,29,117,0,True
EUW1_7627812767,15.24.730.7955,420,1553,CLASSIC,0,136,134,117,98,555,1,246,-1,-1,13,555,904,950,38,26,432,24,31,133,804,37,0,True
EUW1_7627832330,15.24.730.7955,420,910,CLASSIC,1,266,166,432,67,-1,0,432,246,84,56,21,122,950,777,145,111,904,76,90,895,40,1,True
EUW1_7627857790,15.24.730.7955,420,1787,CLASSIC,0,897,432,517,904,107,1,-1,107,432,518,238,98,421,39,800,267,126,799,893,51,60,0,True
EUW1_7627863367,15.24.730.7955,420,1446,CLASSIC,0,83,246,432,107,91,1,555,80,133,30,-1,126,31,13,51,267,897,517,69,26,497,0,True
EUW1_7627876406,15.24.730.7955,420,1592,CLASSIC,1,90,-1,246,804,-1,0,555,54,122,117,13,904,799,38,145,526,893,517,133,202,12,1,True
EUW1_7627891204,15.24.730.7955,420,1434,CLASSIC,0,517,555,55,904,800,1,111,246,517,60,266,77,126,7,15,26,98,245,42,115,267,0,True
EUW1_7627910528,15.24.730.7955,420,2044,CLASSIC,1,804,-1,40,238,126,0,901,107,432,246,555,92,5,103,42,44,58,799,90,29,111,1,True
EUW1_7627917003,15.24.730.7955,420,1707,CLASSIC,0,-1,80,-1,246,904,1,83,421,432,246,-1,897,799,20,50,37,126,517,238,221,60,0,True
EUW1_7627930098,15.24.730.7955,420,1609,CLASSIC,0,800,432,64,84,92,1,432,68,78,555,-1,126,76,904,136,267,41,131,238,236,40,0,True
EUW1_7627960955,15.24.730.7955,420,1955,CLASSIC,0,27,53,13,-1,904,1,799,107,111,134,246,14,24,55,523,40,110,76,90,18,412,0,True
EUW1_7627974849,15.24.730.7955,420,981,CLASSIC,1,91,55,76,80,518,0,13,246,800,91,904,14,245,221,51,432,98,517,133,29,117,1,True
EUW1_7627982605,15.24.730.7955,420,1110,CLASSIC,0,246,20,98,901,119,1,517,432,133,246,83,904,131,90,202,555,13,245,91,21,111,0,True
EUW1_7627995386,15.24.730.7955,420,1715,CLASSIC,0,30,166,799,800,81,1,-1,-1,84,555,246,887,107,45,202,497,904,48,67,26,20,0,True
EUW1_7628012238,15.24.730.7955,420,1736,CLASSIC,0,555,43,893,92,800,1,76,555,53,39,-1,904,30,41,804,12,133,246,157,147,26,0,True
EUW1_7628032600,15.24.730.7955,420,1667,CLASSIC,1,266,246,27,53,134,0,30,518,7,-1,98,67,24,43,222,117,897,799,4,51,60,1,True
EUW1_7628060292,15.24.730.7955,420,1777,CLASSIC,0,92,80,119,166,904,1,78,91,85,904,-1,68,799,69,804,43,517,254,221,22,12,0,True
EUW1_7628064635,15.24.730.7955,420,1929,CLASSIC,1,799,76,-1,246,91,0,107,30,901,555,799,904,421,13,15,902,240,121,90,804,117,1,True
EUW1_7628080695,15.24.730.7955,420,1856,CLASSIC,0,43,107,84,246,30,1,119,91,30,-1,904,799,163,67,901,111,238,517,13,429,555,0,True
EUW1_7628085957,15.24.730.7955,420,1645,CLASSIC,1,54,107,91,7,555,0,61,68,76,55,800,897,131,157,119,517,904,141,84,21,432,1,True
EUW1_7628091960,15.24.730.7955,420,1342,CLASSIC,1,84,246,131,555,126,0,432,517,246,799,98,27,76,777,136,80,114,121,20,18,245,1,True
EUW1_7628111092,15.24.730.7955,420,1555,CLASSIC,1,-1,246,134,800,67,0,266,246,800,56,432,122,799,26,18,9,76,950,61,804,16,1,True
EUW1_7628128761,15.24.730.7955,420,1452,CLASSIC,0,-1,799,246,-1,59,1,800,78,-1,74,246,904,76,39,115,111,24,517,34,15,497,0,True
EUW1_7628141520,15.24.730.7955,420,1439,CLASSIC,1,518,-1,904,80,517,0,78,92,246,134,555,799,266,103,51,111,58,254,90,202,43,1,True
EUW1_7628153800,15.24.730.7955,420,932,CLASSIC,1,-1,30,246,84,555,0,7,799,133,107,904,14,266,29,22,26,41,59,517,21,432,1,True
EUW1_7628169023,15.24.730.7955,420,1604,CLASSIC,0,246,799,91,134,166,1,98,799,555,53,246,24,31,901,202,40,517,20,126,136,526,0,True
EUW1_7628186889,15.24.730.7955,420,1673,CLASSIC,0,134,246,-1,-1,432,1,-1,517,432,246,92,904,238,163,498,111,893,245,18,15,497,0,True
EUW1_7628193948,15.24.730.7955,420,2482,CLASSIC,0,555,245,41,266,142,1,266,26,122,24,893,126,246,3,800,518,904,517,103,21,89,0,True
EUW1_7628203731,15.24.730.7955,420,1921,CLASSIC,0,145,67,-1,238,266,1,119,126,555,68,131,904,59,103,800,267,27,76,6,21,26,0,True
EUW1_7628221054,15.24.730.7955,420,1575,CLASSIC,0,-1,799,904,120,54,1,67,517,90,-1,904,24,234,7,18,111,777,5,127,800,201,0,True
EUW1_7628252660,15.24.730.7955,420,1117,CLASSIC,1,30,266,91,246,35,0,111,43,61,20,24,904,131,517,22,201,48,28,238,804,117,1,True
EUW1_7628290280,15.24.730.7955,420,1673,CLASSIC,0,133,517,555,131,427,1,800,103,799,78,555,904,120,893,18,518,114,141,76,42,235,0,True
EUW1_7628308760,15.24.730.7955,420,1120,CLASSIC,0,518,24,904,-1,43,1,92,31,107,91,111,48,30,236,110,85,799,421,7,96,60,0,True
EUW1_7628312818,15.24.730.7955,420,1834,CLASSIC,0,107,246,-1,432,-1,1,78,246,800,799,432,904,76,126,145,111,266,64,134,804,517,0,True
EUW1_7628323202,15.24.730.7955,420,1775,CLASSIC,0,-1,246,27,245,122,1,98,238,517,246,904,68,24,901,221,12,897,31,800,15,78,0,True
EUW1_7628353723,15.24.730.7955,420,1341,CLASSIC,1,-1,166,30,517,799,0,107,800,91,904,799,36,245,14,202,89,164,126,163,21,518,1,True
EUW1_7628367025,15.24.730.7955,420,915,CLASSIC,0,61,555,91,98,41,1,78,800,799,555,-1,904,27,15,22,43,114,163,126,246,518,0,True
EUW1_7628420459,15.24.730.7955,420,1585,CLASSIC,1,98,77,799,107,78,0,91,13,114,432,107,904,266,163,41,888,516,517,246,800,12,1,True
EUW1_7628429883,15.24.730.7955,420,1301,CLASSIC,1,246,166,126,91,134,0,517,131,-1,432,13,27,950,69,18,89,799,76,133,50,12,1,True
EUW1_7628484880,15.24.730.7955,420,2091,CLASSIC,0,40,555,98,246,-1,1,91,555,799,84,-1,517,126,777,800,432,23,950,55,51,99,0,True
EUW1_7628581644,15.24.730.7955,420,1629,CLASSIC,1,800,131,166,28,119,0,121,84,142,246,91,904,76,163,110,111,114,799,134,145,3,1,True
EUW1_7628583395,15.24.730.7955,420,1640,CLASSIC,1,98,69,92,238,84,0,134,91,122,432,27,904,20,55,246,89,24,131,90,81,497,1,True
EUW1_7628608389,15.24.730.7955,420,1627,CLASSIC,0,114,893,246,91,107,1,119,7,799,21,517,67,266,41,22,518,904,76,31,110,89,0,True
EUW1_7628635252,15.24.730.7955,420,1477,CLASSIC,1,27,246,43,103,799,0,238,166,246,-1,91,904,30,136,202,111,68,517,18,51,432,1,True
EUW1_7628661232,15.24.730.7955,420,1618,CLASSIC,1,107,-1,-1,104,98,0,555,126,800,24,84,799,35,517,21,80,904,131,166,147,12,1,True
EUW1_7628665820,15.24.730.7955,420,1195,CLASSIC,1,421,804,246,64,133,0,799,92,21,133,200,904,91,6,202,12,68,107,245,18,201,1,True
EUW1_7628671163,15.24.730.7955,420,1899,CLASSIC,0,154,53,904,30,238,1,24,246,13,555,134,799,266,69,523,16,85,35,133,429,44,0,True
EUW1_7628687930,15.24.730.7955,420,1966,CLASSIC,0,83,131,246,81,555,1,517,-1,68,134,24,133,76,7,21,432,69,36,85,51,266,0,True
EUW1_7628710681,15.24.730.7955,420,677,CLASSIC,0,799,-1,555,246,800,1,35,804,13,800,60,904,76,163,51,432,110,131,91,202,111,0,True
EUW1_7628740397,15.24.730.7955,420,932,CLASSIC,1,804,518,35,67,166,0,166,13,526,517,-1,904,246,84,202,60,92,76,133,50,111,1,True
EUW1_7628753110,15.24.730.7955,420,1728,CLASSIC,0,55,92,91,133,78,1,111,107,800,24,246,58,64,115,222,53,904,113,163,29,350,0,True
EUW1_7628788505,15.24.730.7955,420,1989,CLASSIC,0,804,240,119,13,35,1,238,800,40,91,950,54,107,245,429,412,517,246,166,145,12,0,True
EUW1_7628794971,15.24.730.7955,420,1433,CLASSIC,1,246,91,67,497,800,0,429,119,126,266,107,92,59,163,51,555,6,517,238,21,16,1,True
EUW1_7628815808,15.24.730.7955,420,1622,CLASSIC,1,800,804,78,114,134,0,133,555,166,107,92,904,59,90,202,111,86,113,246,145,432,1,True
EUW1_7628912331,15.24.730.7955,420,1692,CLASSIC,1,21,7,57,24,25,0,157,114,910,50,201,150,72,777,523,111,904,517,246,804,12,1,True
EUW1_7628945739,15.24.730.7955,420,1100,CLASSIC,1,50,114,18,92,39,0,35,200,800,7,119,86,904,133,22,16,30,107,157,81,497,1,True
EUW1_7628982961,15.24.730.7955,420,1790,CLASSIC,0,200,497,-1,799,904,1,555,246,-1,800,24,887,14,163,236,412,122,64,90,901,201,0,True
EUW1_7628985964,15.24.730.7955,420,911,CLASSIC,1,35,27,432,799,904,0,24,21,13,53,777,14,76,50,18,9,10,266,84,42,99,1,True
EUW1_7628992332,15.24.730.7955,420,922,CLASSIC,1,39,800,91,-1,804,0,107,266,119,429,904,67,246,245,21,201,24,799,134,18,497,1,True
EUW1_7628992703,15.24.730.7955,420,1147,CLASSIC,0,432,518,134,114,246,1,246,68,432,799,78,904,163,80,895,350,41,76,61,157,79,0,True
EUW1_7629010126,15.24.730.7955,420,911,CLASSIC,1,246,56,266,21,84,0,904,555,27,432,107,126,76,245,804,53,39,799,50,145,43,1,True
EUW1_7629016694,15.24.730.7955,420,1046,CLASSIC,1,157,119,246,432,-1,0,800,7,246,-1,-1,904,76,711,523,518,777,799,103,804,497,1,True
EUW1_7629038967,15.24.730.7955,420,1402,CLASSIC,0,24,80,800,107,432,1,904,157,90,555,246,777,266,893,804,902,799,234,112,901,518,0,True
EUW1_7629062549,15.24.730.7955,420,1558,CLASSIC,1,904,246,517,799,800,0,68,7,21,78,110,77,76,516,901,432,41,266,163,804,897,1,True
EUW1_7629067423,15.24.730.7955,420,1101,CLASSIC,0,246,24,54,7,904,1,555,-1,91,246,131,90,64,157,804,43,777,163,134,119,40,0,True
EUW1_7629084601,15.24.730.7955,420,2123,CLASSIC,0,13,799,246,904,555,1,904,21,107,-1,8,24,59,84,202,432,266,64,163,221,412,0,True
EUW1_7629086227,15.24.730.7955,420,1701,CLASSIC,0,24,555,107,432,246,1,131,432,245,84,246,904,163,18,81,99,83,266,134,202,76,0,True
EUW1_7629097226,15.24.730.7955,420,1833,CLASSIC,1,21,800,246,432,-1,0,246,799,67,555,-1,904,28,42,145,80,150,30,126,202,526,1,True
EUW1_7629114822,15.24.730.7955,420,1689,CLASSIC,0,103,-1,904,246,7,1,103,246,904,145,432,68,234,238,429,517,897,62,799,800,497,0,True
EUW1_7629121685,15.24.730.7955,420,1201,CLASSIC,0,58,91,432,3,517,1,107,517,238,904,21,875,19,84,157,120,67,24,711,246,267,0,True
EUW1_7629125833,15.24.730.7955,420,1389,CLASSIC,1,-1,99,518,555,238,0,32,-1,266,107,91,126,799,904,26,44,897,517,157,145,497,1,True
EUW1_7629133951,15.24.730.7955,420,1870,CLASSIC,0,555,13,799,68,432,1,84,266,904,246,799,41,163,887,51,99,421,126,134,21,518,0,True
EUW1_7629150506,15.24.730.7955,420,1145,CLASSIC,0,904,555,35,92,8,1,91,84,904,21,799,68,246,18,43,432,897,30,245,145,111,0,True
EUW1_7629157907,15.24.730.7955,420,1253,CLASSIC,1,904,13,30,799,-1,0,904,103,91,799,432,897,517,246,202,497,78,64,84,22,555,1,True
EUW1_7629169707,15.24.730.7955,420,1623,CLASSIC,0,246,799,904,555,13,1,555,-1,91,246,517,887,59,84,110,12,266,60,103,15,40,0,True
EUW1_7629189235,15.24.730.7955,420,2372,CLASSIC,0,-1,78,84,30,432,1,555,246,13,897,21,157,950,29,145,89,24,76,91,22,99,0,True
EUW1_7629208824,15.24.730.7955,420,1130,CLASSIC,1,59,32,904,84,111,0,246,98,804,55,81,14,266,134,145,37,799,203,142,50,526,1,True
EUW1_7629213456,15.24.730.7955,420,1659,CLASSIC,0,804,246,904,-1,800,1,13,246,517,-1,21,83,799,8,202,518,266,77,84,895,53,0,True
EUW1_7629225071,15.24.730.7955,420,2084,CLASSIC,1,246,12,68,107,166,0,131,13,904,-1,54,41,31,799,30,57,39,76,55,81,7,1,True
EUW1_7629249752,15.24.730.7955,420,1113,CLASSIC,1,68,61,133,555,246,0,245,246,98,81,432,799,131,897,15,26,904,120,39,50,111,1,True
EUW1_7629254589,15.24.730.7955,420,1563,CLASSIC,1,799,13,800,30,266,0,950,107,30,3,799,904,36,84,42,432,246,76,7,67,53,1,True
EUW1_7629272700,15.24.730.7955,420,1567,CLASSIC,0,799,35,22,246,245,1,555,-1,24,78,126,54,517,61,523,201,60,904,134,157,518,0,True
EUW1_7629273253,15.24.730.7955,420,1789,CLASSIC,0,107,119,24,555,114,1,134,901,13,238,83,36,427,112,115,40,266,59,69,133,800,0,True
EUW1_7629291135,15.24.730.7955,420,1931,CLASSIC,1,107,68,246,13,84,0,904,800,245,131,126,41,266,61,202,9,92,76,103,42,111,1,True
EUW1_7629310065,15.24.730.7955,420,2358,CLASSIC,0,246,91,54,166,80,1,-1,800,107,804,-1,897,92,67,15,89,799,76,163,950,12,0,True
EUW1_7629321958,15.24.730.7955,420,1162,CLASSIC,0,904,98,799,246,-1,1,39,800,526,31,7,126,107,134,804,164,266,517,157,523,24,0,True
EUW1_7629350362,15.24.730.7955,420,1450,CLASSIC,0,246,119,-1,555,166,1,76,68,432,-1,517,904,266,38,221,26,110,91,103,50,16,0,True
EUW1_7629371903,15.24.730.7955,420,931,CLASSIC,1,904,432,134,-1,800,0,-1,131,68,268,133,126,120,69,950,267,516,76,246,18,12,1,True
EUW1_7629382895,15.24.730.7955,420,1575,CLASSIC,0,83,30,13,166,800,1,904,432,13,76,246,897,517,91,221,89,133,107,142,145,526,0,True
EUW1_7629403586,15.24.730.7955,420,1719,CLASSIC,1,91,13,555,68,800,0,107,246,800,799,67,6,950,55,115,432,904,20,777,429,16,1,True
EUW1_7629404983,15.24.730.7955,420,1695,CLASSIC,1,142,-1,78,246,91,0,92,54,517,134,98,904,131,61,157,111,24,266,67,50,555,1,True
EUW1_7629424658,15.24.730.7955,420,1627,CLASSIC,1,122,246,107,904,80,0,246,800,13,24,432,126,131,4,901,201,114,76,84,235,12,1,True
EUW1_7629443101,15.24.730.7955,420,1709,CLASSIC,1,107,13,246,904,245,0,246,84,555,53,238,950,266,163,800,432,54,91,18,147,43,1,True
EUW1_7629451363,15.24.730.7955,420,1561,CLASSIC,1,-1,69,166,55,30,0,-1,432,67,6,517,904,107,163,29,9,887,266,20,236,555,1,True
EUW1_7629469249,15.24.730.7955,420,1522,CLASSIC,1,555,13,76,238,28,0,904,78,12,76,55,92,246,133,800,432,126,30,134,157,60,1,True
EUW1_7629484949,15.24.730.7955,420,2403,CLASSIC,0,799,238,904,517,133,1,517,238,24,76,246,266,36,34,804,432,23,234,20,42,53,0,True
EUW1_7629492059,15.24.730.7955,420,1654,CLASSIC,1,91,107,245,134,432,0,24,904,246,-1,35,14,64,61,69,89,13,517,126,221,53,1,True
EUW1_7629499411,15.24.730.7955,420,1597,CLASSIC,1,89,119,13,55,107,0,526,107,904,555,157,98,163,246,145,910,64,68,142,81,43,1,True
EUW1_7629513063,15.24.730.7955,420,910,CLASSIC,1,20,51,58,246,67,0,555,166,246,84,92,8,517,122,15,26,238,19,24,147,89,1,True
EUW1_7629529711,15.24.730.7955,420,1529,CLASSIC,0,517,157,-1,107,432,1,91,30,107,13,800,904,76,246,134,267,60,36,84,18,518,0,True
EUW1_7629553974,15.24.730.7955,420,1922,CLASSIC,0,107,7,92,555,246,1,799,246,134,555,-1,122,59,103,29,117,114,35,154,804,16,0,True
EUW1_7629581734,15.24.730.7955,420,1932,CLASSIC,1,12,904,13,107,-1,0,13,266,30,555,904,799,31,246,15,89,122,517,84,202,40,1,True
EUW1_7629604102,15.24.730.7955,420,1783,CLASSIC,1,517,61,58,136,54,0,81,84,91,517,246,79,141,238,15,526,83,64,245,18,76,1,True
EUW1_7629620743,15.24.730.7955,420,2382,CLASSIC,1,526,12,799,804,7,0,555,246,84,92,40,114,30,99,202,80,54,266,67,136,44,1,True
EUW1_7629629877,15.24.730.7955,420,1869,CLASSIC,0,78,432,134,-1,91,1,-1,246,432,92,91,904,131,69,157,555,98,234,112,523,497,0,True
EUW1_7629652251,15.24.730.7955,420,1314,CLASSIC,1,24,517,432,107,13,0,31,13,64,432,904,2,950,84,50,40,14,91,163,22,412,1,True
EUW1_7629671939,15.24.730.7955,420,1930,CLASSIC,0,27,238,80,555,246,1,68,555,107,30,24,799,266,84,145,897,67,517,39,804,518,0,True
EUW1_7629690958,15.24.730.7955,420,1356,CLASSIC,1,39,246,13,432,166,0,78,134,497,98,238,893,799,55,21,526,517,31,133,157,555,1,True
EUW1_7629699766,15.24.730.7955,420,1873,CLASSIC,0,517,157,266,134,432,1,904,110,555,61,30,76,950,103,81,267,421,126,84,29,497,0,True
EUW1_7629715898,15.24.730.7955,420,1097,CLASSIC,1,35,166,555,904,107,0,119,8,904,98,24,238,76,42,136,432,126,517,134,22,37,1,True
EUW1_7629744672,15.24.730.7955,420,1686,CLASSIC,1,30,13,432,91,555,0,7,26,91,111,238,126,107,517,21,888,39,234,904,145,78,1,True
EUW1_7629757438,15.24.730.7955,420,1835,CLASSIC,1,98,-1,61,76,904,0,555,24,166,92,163,799,203,8,15,902,58,517,23,26,111,1,True
EUW1_7629771144,15.24.730.7955,420,1369,CLASSIC,1,91,84,555,80,246,0,555,432,145,517,799,76,64,39,29,60,114,950,518,134,43,1,True
EUW1_7629773725,15.24.731.2566,420,2011,CLASSIC,1,246,-1,122,555,91,0,800,134,-1,904,15,126,60,157,221,26,14,950,69,42,412,1,True
EUW1_7629802021,15.24.731.2566,420,1871,CLASSIC,0,246,-1,804,113,61,1,555,163,26,28,64,904,799,39,800,43,84,91,136,21,78,0,True
EUW1_7629833613,15.24.730.7955,420,1499,CLASSIC,0,8,804,107,13,35,1,799,246,950,517,111,904,91,84,202,89,114,76,103,29,78,0,True
EUW1_7629855388,15.24.730.7955,420,1498,CLASSIC,1,246,901,711,555,950,0,238,246,119,67,80,39,131,98,90,235,126,5,163,429,117,1,True
EUW1_7629867695,15.24.731.2566,420,1707,CLASSIC,0,54,904,555,432,893,1,13,432,555,68,35,14,246,103,236,37,41,76,133,31,53,0,True
EUW1_7629900785,15.24.730.7955,420,1732,CLASSIC,0,904,92,12,27,246,1,804,157,555,114,518,799,30,126,145,526,14,36,134,202,78,0,True
EUW1_7629923994,15.24.731.2566,420,1292,CLASSIC,0,84,91,555,-1,-1,1,80,800,107,555,13,39,799,245,18,111,58,904,246,202,26,0,True
EUW1_7629935974,15.24.731.2566,420,1670,CLASSIC,0,266,13,-1,107,246,1,37,555,21,904,799,68,421,133,202,43,14,234,42,136,80,0,True
EUW1_7629944282,15.24.730.7955,420,1897,CLASSIC,1,111,119,246,517,126,0,904,166,901,98,246,60,76,777,81,526,39,59,90,18,89,1,True
EUW1_7629969925,15.24.731.2566,420,1408,CLASSIC,1,555,56,119,35,91,0,904,-1,555,800,517,76,64,134,21,432,516,126,103,950,235,1,True
EUW1_7629971509,15.24.731.2566,420,1369,CLASSIC,1,904,800,91,246,24,0,246,131,800,555,54,799,5,163,50,432,79,76,166,157,111,1,True
EUW1_7629977304,15.24.730.7955,420,1284,CLASSIC,1,83,800,12,555,246,0,804,78,904,89,266,126,30,245,18,80,79,107,517,202,111,1,True
EUW1_7629994140,15.24.731.2566,420,1464,CLASSIC,0,555,157,800,887,35,1,555,893,91,799,80,14,76,39,202,518,904,950,134,15,526,0,True
EUW1_7630019274,15.24.730.7955,420,1714,CLASSIC,0,107,800,27,84,266,1,246,950,114,32,904,69,120,105,29,897,113,517,126,67,43,0,True
EUW1_7630034016,15.24.731.2566,420,926,CLASSIC,1,238,904,90,246,555,0,92,119,950,432,800,98,20,61,804,117,240,91,8,22,6,1,True
EUW1_7630034228,15.24.731.2566,420,1015,CLASSIC,1,56,800,517,91,246,0,555,133,800,238,246,83,266,142,50,76,904,31,163,51,43,1,True
EUW1_7630042861,15.24.730.7955,420,1351,CLASSIC,0,804,12,266,83,166,1,107,30,-1,76,246,126,31,800,202,111,799,91,127,145,526,0,True
EUW1_7630062996,15.24.731.2566,420,1656,CLASSIC,0,107,555,904,80,119,1,164,904,107,517,43,68,246,39,110,526,238,799,84,202,40,0,True
EUW1_7630078140,15.24.731.2566,420,1449,CLASSIC,0,20,35,56,246,68,1,39,98,13,904,91,6,62,800,18,76,897,5,84,901,902,0,True
EUW1_7630089938,15.24.731.2566,420,1430,CLASSIC,1,555,904,92,142,517,0,83,800,-1,238,131,799,246,98,50,43,26,76,163,18,80,1,True
EUW1_7630101332,15.24.731.2566,420,2081,CLASSIC,0,902,134,83,904,804,1,111,799,517,48,91,126,131,26,21,43,85,266,45,523,37,0,True
EUW1_7630129747,15.24.731.2566,420,911,CLASSIC,1,246,40,42,904,58,0,517,14,904,799,-1,54,30,84,18,48,266,245,92,51,60,1,True
EUW1_7630136867,15.24.730.7955,420,913,CLASSIC,0,91,30,904,12,78,1,-1,21,246,904,901,126,107,101,50,555,36,266,90,81,432,0,True
EUW1_7630162646,15.24.731.2566,420,1457,CLASSIC,0,61,432,-1,163,119,1,91,799,81,122,84,76,246,800,804,111,83,120,69,18,45,0,True
EUW1_7630183216,15.24.731.2566,420,913,CLASSIC,0,904,246,14,799,800,1,83,804,13,200,119,266,36,55,498,555,39,91,84,18,37,0,True
EUW1_7630200615,15.24.731.2566,420,1746,CLASSIC,1,517,134,84,904,266,0,246,-1,21,-1,111,39,76,268,15,555,24,126,13,901,37,1,True
EUW1_7630211431,15.24.731.2566,420,912,CLASSIC,1,133,-1,266,134,555,0,91,45,61,133,122,6,120,69,202,432,799,76,51,145,89,1,True
EUW1_7630249059,15.24.731.2566,420,1327,CLASSIC,0,904,120,517,122,266,1,69,68,133,61,555,58,131,126,119,40,98,76,63,18,16,0,True
EUW1_7630277883,15.24.731.2566,420,1737,CLASSIC,0,799,238,26,84,804,1,83,145,246,800,432,14,120,163,134,51,67,5,166,61,43,0,True
EUW1_7630297955,15.24.731.2566,420,1806,CLASSIC,0,107,203,201,24,799,1,799,107,555,887,266,904,104,38,18,111,69,76,126,236,37,0,True
EUW1_7630312616,15.24.731.2566,420,1678,CLASSIC,1,799,800,122,777,35,0,91,200,13,119,67,126,238,142,110,60,92,517,133,18,32,1,True
EUW1_7630479570,15.24.731.5210,420,1619,CLASSIC,0,107,800,799,432,91,1,107,800,8,201,246,36,427,112,804,44,240,77,238,119,60,0,True
EUW1_7630490537,15.24.731.5210,420,1311,CLASSIC,1,517,8,3,427,800,0,432,91,904,107,84,240,266,238,50,60,67,64,38,42,44,1,True
EUW1_7630500973,15.24.731.5210,420,1108,CLASSIC,1,91,800,107,64,126,0,39,24,555,246,67,10,59,112,523,902,266,104,777,110,161,1,True
EUW1_7630510732,15.24.731.5210,420,1888,CLASSIC,1,59,84,800,904,56,0,555,60,15,246,67,76,91,887,202,37,39,17,92,901,432,1,True
EUW1_7630516113,15.24.731.5210,420,1414,CLASSIC,0,8,518,119,246,-1,1,64,246,799,800,91,240,238,103,15,44,14,59,131,18,60,0,True
EUW1_7630534659,15.24.731.5210,420,1778,CLASSIC,0,-1,91,432,13,555,1,517,67,432,-1,56,126,131,133,96,111,904,120,134,202,76,0,True
EUW1_7630539649,15.24.731.5210,420,1484,CLASSIC,0,59,43,203,38,91,1,30,238,21,800,904,68,799,34,18,44,84,246,90,42,60,0,True
EUW1_7630542725,15.24.731.5210,420,1803,CLASSIC,1,24,69,904,64,246,0,60,67,78,7,53,112,131,799,429,555,897,59,161,800,99,1,True
EUW1_7630548025,15.24.731.5210,420,930,CLASSIC,1,133,85,81,555,35,0,68,246,55,91,555,92,904,61,67,50,41,126,13,119,117,1,True
EUW1_7630551154,15.24.731.5210,420,1976,CLASSIC,0,800,-1,246,904,110,1,432,27,517,246,126,164,76,39,21,9,92,36,777,50,78,0,True
EUW1_7630564507,15.24.731.5210,420,1553,CLASSIC,0,555,119,67,-1,432,1,55,131,133,56,555,904,799,91,147,43,76,246,142,901,111,0,True
EUW1_7630566421,15.24.731.5210,420,1709,CLASSIC,0,60,35,555,67,134,1,432,246,21,53,91,904,266,103,800,526,74,799,34,15,99,0,True
EUW1_7630571948,15.24.731.5210,420,1989,CLASSIC,1,246,21,107,-1,91,0,-1,78,13,432,68,893,266,161,523,60,14,904,133,157,518,1,True
EUW1_7630586938,15.24.731.5210,420,2213,CLASSIC,0,39,110,84,246,67,1,80,39,799,40,31,266,59,61,21,526,904,950,134,523,78,0,True
EUW1_7630591140,15.24.731.5210,420,1628,CLASSIC,1,432,904,92,246,-1,0,246,-1,56,800,76,86,799,39,115,897,24,234,57,901,53,1,True
EUW1_7630604617,15.24.731.5210,420,1878,CLASSIC,0,432,8,98,-1,246,1,555,7,904,432,517,39,31,90,804,40,84,120,134,110,99,0,True
EUW1_7630618049,15.24.731.5210,420,1594,CLASSIC,0,432,799,35,904,13,1,133,7,80,107,246,266,76,84,145,111,67,31,157,804,60,0,True
EUW1_7630640153,15.24.731.5210,420,1897,CLASSIC,1,-1,246,21,432,107,0,238,91,8,517,76,904,266,3,523,117,893,120,901,236,9,1,True
EUW1_7630648290,15.24.731.5210,420,1498,CLASSIC,0,68,21,134,555,78,1,904,555,133,800,98,41,799,90,523,267,517,64,126,115,497,0,True
EUW1_7630670969,15.24.731.5210,420,1950,CLASSIC,1,904,799,39,266,432,0,517,238,62,133,246,84,91,800,21,43,36,254,103,145,60,1,True
EUW1_7630687675,15.24.731.5210,420,1725,CLASSIC,0,21,114,800,24,56,1,238,246,432,-1,91,76,31,14,895,9,893,266,115,804,111,0,True
EUW1_7630697013,15.24.731.5210,420,1611,CLASSIC,1,134,432,800,517,21,0,799,555,904,246,432,126,59,103,145,43,6,266,893,119,526,1,True
EUW1_7630701289,15.24.731.5210,420,1238,CLASSIC,1,24,133,84,78,555,0,67,7,904,246,201,516,59,55,523,518,799,517,238,119,89,1,True
EUW1_7630717446,15.24.731.5210,420,1589,CLASSIC,0,24,8,800,54,-1,1,13,-1,555,246,122,904,64,134,202,43,85,234,517,51,111,0,True
EUW1_7630735847,15.24.731.5210,420,1742,CLASSIC,1,904,246,799,517,166,0,-1,266,904,432,68,8,234,61,804,111,112,59,800,901,497,1,True
EUW1_7630743289,15.24.731.5210,420,919,CLASSIC,0,799,904,107,91,555,1,266,-1,432,30,76,83,131,39,221,117,14,246,69,800,80,0,True
EUW1_7630773602,15.24.731.5210,420,1397,CLASSIC,0,800,114,84,555,246,1,114,80,8,517,246,904,59,245,51,99,799,131,897,202,60,0,True
EUW1_7630776439,15.24.731.5210,420,1503,CLASSIC,0,61,201,54,24,30,1,78,91,904,432,107,799,266,893,119,76,39,31,112,202,517,0,True
EUW1_7630777072,15.24.731.5210,420,1657,CLASSIC,1,904,800,246,266,432,0,68,432,904,555,78,85,59,112,221,40,6,64,39,115,89,1,True
EUW1_7630797054,15.24.731.5210,420,1892,CLASSIC,0,904,145,432,107,517,1,92,145,268,555,432,14,234,245,51,60,421,246,31,800,43,0,True
EUW1_7630822124,15.24.731.5210,420,1641,CLASSIC,0,55,54,107,201,555,1,555,119,80,246,432,164,266,112,30,9,39,131,901,202,111,0,True
EUW1_7630829650,15.24.731.5210,420,1381,CLASSIC,0,555,84,55,432,246,1,266,799,84,76,39,41,154,142,202,99,133,234,517,22,35,0,True
EUW1_7630862367,15.24.731.5210,420,1657,CLASSIC,1,432,555,799,76,246,0,30,84,8,39,245,68,904,517,21,111,24,107,103,800,201,1,True
EUW1_7630875488,15.24.731.5210,420,2003,CLASSIC,1,246,55,54,-1,39,0,555,13,432,98,166,33,56,950,42,9,517,234,133,119,111,1,True
EUW1_7630899924,15.24.731.5210,420,1628,CLASSIC,0,-1,107,-1,126,904,1,55,432,114,7,78,92,238,142,800,111,39,246,134,21,12,0,True
EUW1_7630928534,15.24.731.5210,420,1591,CLASSIC,0,107,246,800,133,517,1,904,107,517,8,518,14,266,7,145,201,31,799,103,119,111,0,True
EUW1_7630936812,15.24.731.5210,420,1838,CLASSIC,0,555,30,166,39,133,1,13,55,800,27,83,799,517,950,804,111,58,246,142,115,432,0,True
EUW1_7630966977,15.24.731.5210,420,1795,CLASSIC,1,83,555,432,904,81,0,266,246,76,555,8,68,234,45,15,44,14,517,55,202,111,1,True
EUW1_7630984845,15.24.731.5210,420,1246,CLASSIC,0,238,804,107,-1,432,1,39,246,126,91,-1,904,799,103,202,518,92,31,61,51,43,0,True
EUW1_7631005525,15.24.731.5210,420,1103,CLASSIC,1,30,55,800,83,134,0,555,517,246,133,68,266,107,90,163,432,904,64,127,202,526,1,True
EUW1_7631013452,15.24.731.5210,420,1643,CLASSIC,0,107,-1,246,555,800,1,246,8,13,40,107,79,266,39,51,99,24,799,133,115,53,0,True
EUW1_7631030442,15.24.731.5210,420,2096,CLASSIC,0,517,84,800,804,432,1,518,61,107,-1,799,904,246,134,202,20,150,31,893,51,43,0,True
EUW1_7631044797,15.24.731.5210,420,1716,CLASSIC,1,-1,55,799,904,163,0,80,76,246,555,68,266,107,26,523,432,67,517,800,110,111,1,True
EUW1_7631054100,15.24.731.5210,420,1626,CLASSIC,1,246,266,98,799,-1,0,246,-1,800,555,517,14,91,518,21,432,110,54,163,42,245,1,True
EUW1_7631071571,15.24.731.5210,420,1312,CLASSIC,0,98,-1,134,555,432,1,83,-1,246,799,950,904,141,800,90,111,8,266,4,804,89,0,True
EUW1_7631081657,15.24.731.5210,420,1626,CLASSIC,1,107,904,68,555,432,0,238,432,40,13,8,41,799,134,145,497,24,105,133,22,89,1,True
EUW1_7631108922,15.24.731.5210,420,1578,CLASSIC,0,432,246,80,56,800,1,201,107,518,91,432,904,950,61,804,76,67,163,134,51,111,0,True
EUW1_7631115353,15.24.731.5210,420,1473,CLASSIC,1,133,800,517,-1,78,0,555,432,134,246,30,122,245,163,523,164,904,107,90,202,111,1,True
EUW1_7631143056,15.24.731.5210,420,1537,CLASSIC,1,555,432,246,-1,13,0,799,98,246,-1,60,904,14,133,800,43,517,5,103,235,147,1,True
EUW1_7631164134,15.24.731.5210,420,1492,CLASSIC,0,555,39,56,107,80,1,904,432,35,134,51,126,76,950,136,111,897,246,90,202,526,0,True
EUW1_7631185422,15.24.731.5210,420,1545,CLASSIC,0,84,555,432,30,246,1,799,-1,246,78,555,904,107,29,221,34,54,266,4,804,517,0,True
EUW1_7631204655,15.24.731.5210,420,1974,CLASSIC,0,90,15,432,41,800,1,517,84,145,904,-1,122,238,163,110,526,799,245,101,81,518,0,True
EUW1_7631206887,15.24.731.5210,420,2107,CLASSIC,0,76,120,238,555,24,1,21,114,35,84,432,2,246,13,145,201,777,31,245,221,111,0,True
EUW1_7631219722,15.24.731.5210,420,1779,CLASSIC,1,134,904,80,84,799,0,246,432,201,76,90,126,5,887,81,497,14,131,10,202,111,1,True
EUW1_7631236594,15.24.731.5210,420,2194,CLASSIC,0,98,20,166,246,904,1,246,517,39,56,555,84,266,777,800,432,86,19,92,136,76,0,True
EUW1_7631240133,15.24.731.5210,420,2340,CLASSIC,0,517,24,126,238,18,1,904,126,246,61,555,92,200,134,115,111,98,54,777,202,40,0,True
EUW1_7631254556,15.24.731.5210,420,1852,CLASSIC,1,804,517,246,13,30,0,555,-1,107,432,800,17,36,245,202,497,60,950,29,110,99,1,True
EUW1_7631269428,15.24.731.5210,420,1183,CLASSIC,0,40,432,-1,246,-1,1,107,432,142,24,68,122,799,61,31,518,893,904,134,145,526,0,True
EUW1_7631272705,15.24.731.5210,420,1626,CLASSIC,1,432,238,800,24,246,0,91,804,238,904,114,92,104,245,163,12,79,234,115,15,526,1,True
EUW1_7631275320,15.24.731.5210,420,2670,CLASSIC,0,76,-1,84,517,-1,1,904,804,238,80,246,126,245,157,236,37,897,121,163,202,497,0,True
EUW1_7631298242,15.24.731.5210,420,1459,CLASSIC,1,68,517,800,39,902,0,555,904,91,107,800,41,131,166,901,888,122,246,112,22,43,1,True
EUW1_7631304090,15.24.731.5210,420,1096,CLASSIC,0,56,84,83,131,555,1,35,901,67,107,246,8,36,238,804,76,904,126,90,498,497,0,True
EUW1_7631313015,15.24.731.5210,420,1638,CLASSIC,0,799,555,163,40,904,1,432,-1,30,107,54,31,59,115,22,78,67,246,84,804,526,0,True
EUW1_7631356797,15.24.731.5210,420,1873,CLASSIC,1,42,202,517,54,133,0,84,61,35,122,246,67,131,157,50,432,799,904,76,804,40,1,True
EUW1_7631367651,15.24.731.5210,420,1954,CLASSIC,0,517,432,84,27,904,1,68,555,134,27,55,897,246,245,21,147,41,24,26,901,9,0,True
EUW1_7631372792,15.24.731.5210,420,1605,CLASSIC,0,17,246,804,136,56,1,145,7,59,904,80,777,60,163,202,518,126,2,112,51,526,0,True
EUW1_7631382296,15.24.731.5210,420,1607,CLASSIC,0,246,13,78,29,7,1,246,107,55,555,14,17,234,84,202,80,39,517,67,136,526,0,True
EUW1_7631386881,15.24.731.5210,420,1481,CLASSIC,1,24,17,122,27,30,0,246,555,67,517,36,82,904,84,901,902,6,121,3,523,37,1,True
EUW1_7631420167,15.24.731.5210,420,1510,CLASSIC,1,43,246,800,904,98,0,246,8,122,555,84,14,517,163,18,40,799,266,34,804,76,1,True
EUW1_7631428948,15.24.731.5210,420,1571,CLASSIC,0,78,517,39,432,60,1,2,55,246,-1,68,141,20,61,119,111,904,131,142,145,526,0,True
EUW1_7631432748,15.24.731.5210,420,1355,CLASSIC,1,133,432,799,53,23,0,134,40,555,904,68,2,517,34,804,235,41,59,69,523,497,1,True
EUW1_7631434559,15.24.731.5210,420,2076,CLASSIC,1,517,555,91,799,84,0,904,13,800,246,53,114,54,893,21,40,126,2,103,133,267,1,True
EUW1_7631440501,15.24.731.5210,420,1437,CLASSIC,1,-1,555,18,-1,901,0,555,904,131,18,-1,126,36,90,81,43,122,76,157,34,497,1,True
EUW1_7631447368,15.24.731.5210,420,1708,CLASSIC,0,166,246,91,142,67,1,555,-1,13,518,517,893,950,3,202,432,17,245,45,29,497,0,True
EUW1_7631464576,15.24.731.5210,420,1901,CLASSIC,0,800,30,166,29,112,1,246,84,904,555,240,14,107,90,110,111,79,421,67,804,40,0,True
EUW1_7631489994,15.24.731.5210,420,1188,CLASSIC,1,54,904,-1,56,20,0,20,904,13,238,92,67,131,7,22,76,84,143,246,523,111,1,True
EUW1_7631516161,15.24.731.5210,420,1192,CLASSIC,1,799,91,555,518,13,0,126,133,432,555,245,58,904,84,800,43,92,104,61,81,89,1,True
EUW1_7631546766,15.24.731.5210,420,1131,CLASSIC,0,92,246,800,13,517,1,800,29,98,67,432,799,5,84,804,89,39,234,8,221,111,0,True
EUW1_7631549762,15.24.731.5210,420,1687,CLASSIC,1,-1,59,122,904,-1,0,39,119,30,555,13,799,20,157,115,60,17,107,10,804,902,1,True
EUW1_7631571082,15.24.731.5210,420,1927,CLASSIC,1,555,800,-1,238,163,0,133,126,432,8,-1,904,233,516,901,518,92,246,69,202,43,1,True
EUW1_7631578413,15.24.731.5210,420,1115,CLASSIC,0,76,497,266,904,517,1,80,78,904,555,800,897,131,126,21,111,799,245,166,15,99,0,True
EUW1_7631591414,15.24.731.5210,420,2071,CLASSIC,1,201,-1,904,13,432,0,111,246,800,92,119,60,950,84,21,526,14,517,3,221,497,1,True
EUW1_7631604919,15.24.731.5210,420,2149,CLASSIC,0,799,234,12,517,61,1,98,246,120,555,54,31,30,238,15,111,39,76,134,51,117,0,True
EUW1_7631615445,15.24.731.5210,420,1717,CLASSIC,1,91,266,107,238,67,0,800,904,17,76,43,31,120,126,145,101,41,246,163,115,40,1,True
EUW1_7631647106,15.24.731.5210,420,1919,CLASSIC,0,68,91,555,432,134,1,91,7,904,15,555,6,64,61,245,43,41,799,126,115,518,0,True
EUW1_7631654205,15.24.731.5210,420,1499,CLASSIC,1,114,432,83,15,134,0,904,555,133,246,98,126,950,61,800,43,799,154,84,21,99,1,True
EUW1_7631667047,15.24.731.5210,420,1159,CLASSIC,0,107,13,432,131,67,1,-1,432,246,904,80,92,76,133,202,60,85,421,39,51,53,0,True
EUW1_7631700111,15.24.731.5210,420,1558,CLASSIC,1,799,91,246,7,555,0,107,68,555,904,55,8,54,18,136,235,39,121,517,21,526,1,True
EUW1_7631717797,15.24.731.5210,420,1806,CLASSIC,0,107,166,98,800,78,1,799,84,-1,111,432,897,120,157,163,201,904,246,245,895,40,0,True
EUW1_7631727896,15.24.731.5210,420,918,CLASSIC,1,98,77,799,134,555,0,84,126,107,91,61,517,246,901,800,518,904,76,18,90,432,1,True
EUW1_7631784686,15.24.731.5210,420,1616,CLASSIC,0,-1,518,91,13,67,1,266,98,432,13,202,92,31,133,51,60,517,246,950,50,80,0,True
EUW1_7631800198,15.24.731.5210,420,1863,CLASSIC,0,98,799,51,76,24,1,83,246,-1,35,7,904,91,69,145,555,777,36,157,202,517,0,True
EUW1_7631851204,15.24.731.5210,420,1124,CLASSIC,1,81,41,40,141,246,0,246,904,56,-1,800,114,799,134,50,78,68,266,39,202,76,1,True
EUW1_7631858618,15.24.731.5210,420,1873,CLASSIC,1,246,13,800,136,799,0,804,13,432,238,122,904,76,163,133,526,150,234,84,202,111,1,True
EUW1_7631883585,15.24.731.5210,420,2058,CLASSIC,0,517,246,555,-1,98,1,60,83,133,7,246,904,141,84,202,99,126,30,238,145,111,0,True
EUW1_7631909815,15.24.731.5210,420,1705,CLASSIC,0,78,119,60,126,39,1,55,246,107,60,555,114,266,799,429,518,904,31,163,81,267,0,True
EUW1_7631921479,15.24.731.5210,420,1654,CLASSIC,0,51,133,54,24,163,1,84,238,201,133,76,23,266,245,498,44,13,246,904,34,111,0,True
EUW1_7631955348,15.24.731.5210,420,1416,CLASSIC,1,84,246,126,799,800,0,55,555,800,35,904,114,31,39,34,78,58,517,61,950,99,1,True
EUW1_7631975098,15.24.731.5210,420,1504,CLASSIC,1,246,800,555,119,904,0,429,799,517,119,76,516,126,163,145,267,5,120,134,50,16,1,True
EUW1_7631997655,15.24.731.5210,420,1400,CLASSIC,1,9,59,111,67,904,0,555,27,39,24,800,92,200,799,893,142,26,517,23,246,267,1,True
EUW1_7632014672,15.24.731.5210,420,1597,CLASSIC,1,-1,800,107,92,238,0,166,163,246,120,24,904,517,910,119,111,39,5,112,221,40,1,True
EUW1_7632028159,15.24.731.5210,420,2113,CLASSIC,1,266,555,91,67,13,0,517,111,18,24,99,58,76,246,119,63,14,131,157,222,201,1,True
